<root>
<page>123r</page>

<image>http://gallica.bnf.fr/ark:/12148/btv1b10500001g/f251.item.r=</image>

<div>
<id>p123r_1</id>
<head>Moyen <it>di far correr
l<m>otnegra</m></it><comment>c_123r_01</comment> </head>

<ab>P<exp>rens</exp> <m>arsenic blanc</m> deulx <ms>unces</ms> 2
<ms><figure>℥</figure></ms><lb/>

<m>Orpiment</m> ou bien <m>arsenic jaulne</m> deulx <ms>unces</ms> 2
<ms><figure>℥</figure></ms><lb/>

<m><la>Aes ustum</la></m> deulx <ms>unces</ms> 2
<ms><figure>℥</figure></ms><lb/>

<m>Limaille de cuivre <add>fin</add></m> mediocrem<exp>ent</exp>
subtille 2 <ms><figure>℥</figure></ms><lb/>

<m>Antimoyne</m> 2 <ms><figure>℥</figure></ms><lb/>

<m>Sal gemme</m> 2 <ms><figure>℥</figure></ms><lb/>

<m>Tartre crud</m> 2 <ms><figure>℥</figure></ms><lb/>

<m>Suin de verre</m> 2 <ms><figure>℥</figure></ms><lb/>

<m>Salpestre</m> la <ms>moictie</ms> scavoir 1
<ms><figure>℥</figure></ms><lb/>

<m>Sel gros commun <add>fondu</add></m> la <ms>moictie</ms> 1
<ms><figure>℥</figure></ms><lb/>

<m>Sublime</m> la <ms>moictie</ms> 1 <ms><figure>℥</figure></ms><lb/>

<m>Borras</m> la <ms>moictie</ms> 1 <ms><figure>℥</figure></ms><lb/>

<m>Sel armoniac</m> <ms>aultant que de <m>borras</m></ms> scavoir 1
<ms><figure>℥</figure></ms></ab>

<ab> P<exp>rens</exp> de ces materiaulx des meilleurs que tu pourras
trouver Poises<lb/>

les co<exp>mm</exp>e cy dessus est dict et les piles separement Vous
tenant<lb/>

le <bp>visaige</bp> bande sur le <bp>nes</bp> &amp; la <bp>bouche</bp>
despuys les <bp>yeulx</bp> en<lb/>

bas pour eviter lexalation de l<m>arsenic</m> <m>sublime</m> et
<m>orpiment</m><lb/>

Mesles les bien tous ensemble Puys les mectes dans un bon<lb/>

<tl>crusol</tl> qui soict si grand que les matieres y puissent
avoir<lb/>

de vuyde la <ms>quarte ou cinquiesme partye</ms> Couvres le
<tl>crusol</tl><lb/>

dun bon <tl>tuyle</tl> adapte en rond justement sur son ouverture
Et<lb/>

layant lie de hault en bas et par les costes de <tl><m>fil de
fer</m></tl><lb/>

asses fort Lutes le avecq de la <m>terre fiens ou terre bourre<lb/>

de laquelle les <pro>fondeurs dartiglerie</pro> se servent</m> Et en
cela<lb/>

soyes curieux &amp; diligent &amp; noublies pas di mesler du <m>verre
pile</m><lb/>

parmy le <m>luth</m> pour fortifier v<exp>ost</exp>re <tl>crusol</tl> De
maniere<lb/>

quil ne prene point de vent car la matiere ne vauldroit<lb/>

gueres A cause que les <del>4</del> <add>cinq</add> derniers ingredients
sexhaleroient </ab>

<ab>
<margin>right-top</margin>
Note quil te fault<lb/>

bien luter ton <tl>creuset</tl><lb/>

affin que les matieres<lb/>

ne prenent vent car<lb/>

elles sexalleroient </ab>

<ab>
<margin>right-middle</margin>
Lute bien ton <tl>crusol</tl><lb/>

affin quil ne se rompe<lb/>

Car sil se rompt les<lb/>

materiaulx sevaporent<lb/>

&amp; <md>la fumee en est<lb/>

dangereuse</md> si en xii<lb/>

<ms><tmp>heures</tmp></ms> il nest fondu<lb/>

&amp; mesle il ne se fera<lb/>

point bien </ab>

<ab>
<margin>left-middle</margin>
Les <pro>orfevres</pro><lb/>

qui ont cognoi<lb/>

ssance de ceste<lb/>

matiere vendent<lb/>

le <ms>denier</ms> dicelle<lb/>

cinq <ms><cn>sols</cn></ms> aulx<lb/>

aultres <pro>orfevres</pro><lb/>

&amp; mesmement<lb/>

a <pro>ceulx qui<lb/>

travaillent de<lb/>

vaissele &amp; grosserie</pro><lb/>

Car a la fin de<lb/>

leurs ouvraiges<lb/>

ilz peuvent <m>soulder</m><lb/>

sur la premiere<lb/>

<m>souldure</m> par le<lb/>

moyen de<lb/>

ceste mixture <lb/>

En g<exp>e</exp>n<exp>er</exp>al<lb/>

touts<lb/>

ceulx qui veulent<lb/>

mouler &amp; gecter<lb/>

quelque chose<lb/>

subtille Ceste<lb/>

matiere ne doibt<lb/>

pas estre divulguee<lb/>

affin quil nen soit<lb/>

point abuse</ab>

<ab>
<margin>left-bottom</margin>
<lb/>Le grain est co<exp>mm</exp>e<lb/>

de l<m>acier rompu</m></ab>

<cont/>

</div>
</root>
