<root>
<page>159r</page>

<image>http://gallica.bnf.fr/ark:/12148/btv1b10500001g/f323.item.r=</image>

<div>
<id>p159r_1</id>
<head>Portraicts de <m>cire</m></head>

<ab>Silz sont pains de coleurs sur la <m>cire</m> &amp; que la
<m>cire</m> ne<lb/>

Soyent taincte au dedans &amp; meslee de couleur La taincture<lb/>

senleve &amp; deffaict si tu les moules en noyau Mays le<lb/>

pourtraict ne se gaste poinct Il les fault <m>huiler</m>
legerem<exp>ent</exp><lb/>

baigner d<m>eau de vye</m> &amp; destremper avecq <m>eau
chaulde</m><lb/>

Silz sont vernisses ilz les fault mouler deulx ou trois foys<lb/>

pour enlever le <m>vernis</m> qui se grippe au <tl>moule</tl> Apres<lb/>

quil sera oste tu pourras mouler net Silz sont sur<lb/>

du <m>boys</m> il fault abreuver le <m>bois</m> de <m>cire fondue
fort<lb/>

chaulde</m> car le <tl>moule</tl> aultrem<exp>ent</exp> si attacheroit
Le <m>blanc<lb/>

de plomb</m> est beaucoup meilleur pour mesler avecq la<lb/>

<m>cire blanche</m> que la <m>ceruse</m> car le <m>blanc de plomb</m>
est<lb/>

plus ferme &amp; plus blanc</ab>

</div>

<div>
<id>p159r_2</id>
<head><tl>Ciseler</tl></head>

<ab>Si le <tl>ciselet</tl> a passe par quelque partye dun portraict<lb/>

il fault reparer &amp; resuivre le tout Aultrement il sembleroit<lb/>

une piece raportee</ab>

</div>

<div>
<id>p159r_3</id>
<head><m>Colle de <al>poisson</al></m></head>

<ab>

Bats la fort subtille &amp; tanvre sur une <tl>enclume</tl> bien
nette<lb/>

&amp; apres destrempe la avecq de l<m>eau de vye</m> sur <del>ch</del>
<m>cendres<lb/>

chauldes</m> &amp; foeu leger &amp; elle sera bien tost fondue &amp; si
elle nest<lb/>

asses forte &amp; espesse adjoustes en Et advise de <del>les</del> ne la
mestre@<lb/>

poinct a fondre dans un <tl>vaisseau gras</tl> mays noeuf si tu
peulx<lb/>

Elle se fond au foeu &amp; se seiche bien tost aussy au foeu Mays<lb/>

quelle soict chaufee de loing estant sur louvrage Elle tient fort<lb/>

On en raporte les fleurs &amp; choses delicattes d<m>or</m>
d<m>argent</m> d<m>estain</m><lb/>

&amp; aultres quil y ha danger de gaster en <m>souldant</m></ab>

</div>

<div>
<id>p159r_4</id>
<head><m>Estaim</m> et <m>plomb</m></head>

<ab>Ils se battent fort tanvre <del>sans se</del> Et l<m>estaim</m> ne
saigrist &amp;<lb/>

fend poinct si faict bien le <m>plomb</m> <del>Ma</del> encores quil
soict plus gras<lb/>

Mays on le recuit soubs la <m>cendre chaulde</m> Et les fault
battre<lb/>

plusieurs foeuilles ensemble</ab>

</div>
</root>
