<root>
<page>021v</page>

<image>http://gallica.bnf.fr/ark:/12148/btv1b10500001g/f48.image</image>

<div>

<cont/>

<id>p021r_2</id>

<ab>Aultres posent deulx pals bien fiches en terre de sorte<lb/>

que lun soict <del>esgallem<exp>ent</exp></del> aussi distant du bort
<del>et</del> <add>de la</add> gueule du<lb/>

canon que laultre Et par dessoubs ilz possent la regle<lb/>

susdicte Puys quand de nuict ilz veulent tirer ilz poussent<lb/>

leur canon droict vers la <tl>reigle</tl> &amp; font que le bord de
la<lb/>

bouche se pose sur le bout de ladicte <tl>regle</tl> Apres ilz<lb/>

mesurent avecq une <tl>regle</tl> ou semblable chose coupee de<lb/>

mesure despuys un pal jusques au coste du canon &amp; sil<lb/>

en est trop pres ou trop loing ilz ladjustent &amp; font ainsy<lb/>

du coste de laultre pal</ab></div>

<div>

<id>p021v_1</id>

<head>Pour desenclouer un canon</head>

<ab>Aulcuns disent quon doibt oster la balle si le canon est charge<lb/>

&amp; donner feu par la bouche du canon Mays il est a croire<lb/>

que le feu sortiroit plustost par la que daller chercher son<lb/>

yssue par sa lumiere acoustumee qui est enclouee &amp; contrainte<lb/>

Le plus seur est que le <pro>canonier</pro> qui volontiers est
<pro>fondeur</pro><lb/>

coigne &amp; rive bien le <tl>clou</tl> que les ennemys ont mis et avecq
un<lb/>

<tl>trepan</tl> fasse <del>au coste</del> une aultre lumiere au coste de
celle qui<lb/>

a este enclouee ce qui sera faict en une heure Et si avecq le<lb/>

temps la violence de la <m>pouldre</m> faict derriver le <tl>clou</tl>
dont<lb/>

la piece est enclouee Tu feras un <tl>ancrou</tl> a la seconde
lumiere<lb/>

&amp; y mettras un <m>clou</m> a vis bien justem<exp>ent</exp> qui ne se
deffera<lb/>

jamays <del>M</del></ab></div>

<div>

<id>p021v_2</id>

<head>Deffense dune ville</head>

<ab>Il ny ha rien qui fasse plus dexecution a la deffence<lb/>

dune bresche que les mortiers qui sont disposes aulx<lb/>

advenues des lassault ilz portent beaucoup de munition<lb/>

<del>be</del> on les emplist de <m>cloux de charrette</m> de <m>gros
dets<lb/>

dacier</m> <m>bouts de chesne</m> &amp; choses semblables Et quand<lb/>

on sent les ennemys pres on donne foeu a tous Les<lb/>

grenades aussy bien faictes et jectees a propos font<lb/>

grand domaige Et pour les empirer on mect du <m>verre<lb/>

grossierem<exp>ent</exp> <del>pillem<exp>ent</exp></del> pille</m> ou
dans les molles ou dans le<lb/>

crusol quand on les veult gecter cela empire les
<md>blesseures</md><lb/>

Il ne fault pas que les grenades soient si aigres Mays<lb/>

il est bon quelles soient un peu alliees de la <m>matiere des<lb/>

pieces</m> affin que tenant un peu coup plustost que se rompre<lb/>

elles ayent plus de violence</ab></div>
</root>
