<root>
<page>146v</page>

<image>http://gallica.bnf.fr/ark:/12148/btv1b10500001g/f298.image</image>

<div>

<id>p146v_1</id>

<head>Mouler <al>tortues</al></head>

<ab>Cecy est en suicte du deuxieme foeillet præcedent<lb/>

Comme tu as bien descouvert la partie du ventre de la<lb/>

<al>tortue</al> les dessoubs de la gorge &amp; des pattes &amp; bien
nettoye<lb/>

le tout Noublie pas de descouvrir nettem<exp>ent</exp> ceste
concavite<lb/>

que ces animaulx ont dans leur coquille entre le col &amp; les<lb/>

espaules <al>Celles d<env>eau</env></al> ne lont pas si enfonce que
<al>celles de<lb/>

<pl><env>garrigue</env></pl></al> qui sont les plus maigres Et entre
icelles<lb/>

il en y a qui lont plus enfonce que les aultres Noublie<lb/>

doncq de bien descouvrir tout cela pour mieulx representer<lb/>

le naturel Mays sil y a quelque concavite qui sentourne<lb/>

trop en dedans et ne soict point en voeue ne en despouille<lb/>

Mects y de petits lopins de <m>cire</m> &amp; avecq des
<tl>poinctes<lb/>

de <m>gros fil de fer</m> chault</tl> estants &amp; adapte ladicte<lb/>

<m>cire</m> Puys <del>bouch</del> bouche avecq de l<m>ardille molle</m>
lentree<lb/>

de toutes ses cavites Mects le <tl>cercle d<m>ardille</m></tl>
aultour<lb/>

de ton <tl>moule</tl> faict desja de deulx pieces qui contient le<lb/>

dos de la <al>tortue</al> Et pour mouler le ventre dicelle<lb/>

il te le fault departir en trois co<exp>mm</exp>e tu vois Scavoir<lb/>

tu mectras un <tl>entre deulx d<m>ardille</m></tl> dessus la gorge &amp;
un<lb/>

aultre sur le bort de la coquille de la queue <figure>#</figure> Et
aya<exp>n</exp>t<lb/>

<m>huile</m> <del>et</del> la coquille du ventre &amp; layant frotee
d<m>eau de<lb/>

vye</m> Jecte ton sable un peu espes &amp; destrempe avecq <m>eau<lb/>

chaulde</m> co<exp>mm</exp>e devant Ayant faict prise Oste ces
<tl>entredeulx<lb/></tl>

<tl>d<m>ardille</m></tl> puys descouvre bien les pattes de devant &amp;
derriere<lb/>

scavoir la partie de dessoubs &amp; la queue &amp; la gorge<lb/>

&amp; oste l<m>ardille</m> des cavites <del>qu</del> toute a une piece
si tu peulx<lb/>

car cela te monstrera si ceste cavite sera bien en despouille<lb/>

Et si l<m>ardille</m> retiree emmene la <m>cire</m> que tu y avois
mis<lb/>

remects la aulx lieulx qui ne peuvent despouiller co<exp>mm</exp>e
dict<lb/>

est Et si quelque partye cest retiree ou desmise attache<lb/>

&amp; rejoincts la au <tl>moule</tl> avecq de la <m>cire</m> &amp; la
<tl>poincte de <m>fer</m><lb/>

chault</tl> Noublie de mectre de <del>po</del> la <m>cire fondue</m> au
bout<lb/>

des ongles de la <al>tortue</al> pour faire le gect Ta coquille<lb/>

du ventre moulee <add>et descouverte</add> @ Ton <tl>moule</tl> se verra
en ceste sorte</ab>

<figure>

<id>fig_p146v_1</id>

<margin>left-middle</margin>

<link>https://drive.google.com/open?id=0B9-oNrvWdlO5bUk2c1E3LWtOTDA</link>

</figure>

<ab>

<margin>left-middle</margin>

de sorte que la<lb/>

seule coquille du<lb/>

ventre entiere soict<lb/>

descouverte pour<lb/>

la mouler seule

</ab>

<figure>

<id>fig_p146v_2</id>

<margin>left-middle</margin>

<link>https://drive.google.com/open?id=0B9-oNrvWdlO5WGEzek5peHJ6VDA</link>

</figure>

<cont/>

</div>
</root>
