<root>
<page>024v</page>

<image>http://gallica.bnf.fr/ark:/12148/btv1b10500001g/f54.image</image>

<div>

<id>p024v_1</id>

<head>Pour mener le canon en <env>pays</env></head>

<ab>

<del>Si tu a</del> Il fault bien pour mener un canon cent
<pro>pionniers</pro><lb/>

pour aplanir les chemins de fosses &amp; aultres
empeschem<exp>ens</exp><lb/>

comme d<pa>abres</pa> monceaulx de <m>pierres</m> &amp; choses
semblables<lb/>

pour faire les gabions en chemin Quand on est pres<lb/>

de la place quon veult battre Le <pro>canonier</pro> va <tmp>de
nuict</tmp><lb/>

recognoistre le lieu le plus commode pour faire la batterie<lb/>

&amp; sil ne voit bien on donne une faulse alarme affin que<lb/>

ceulx de dedans jectent des flambeaulx Bien souvent on<lb/>

bat au plus fort pourceque les assaillis desdaignant la<lb/>

batterie ny reparent pas Il ny a pas
co<exp>mmun</exp>em<corr><exp>ent</exp></corr> en cet endroit<lb/>

tant de guarites &amp; aultres deffences Et puys quand on ha<lb/>

faict bresche au plus fort &amp; quon remue le canon cela<lb/>

estonne les assaillis Aux <env>villes fortes</env> on faict les
aproches<lb/> <tmp> de nuict</tmp> mays aulx <env>biquoques</env> Les
<pro>pionniers</pro> portent les<lb/>

<tl>gabions</tl> Et <del>portent</del> les ayant poses on mect quelques
tables<lb/>

ou madriers derriere les gabions pour garder les
<pro>pionners</pro><lb/>

pendant que parderriere ilz emplissent avecq leurs <tl>pales</tl><lb/>

les gabions de <m>terre</m> Et pendant quon faict cela on donne<lb/>

quelque fause alarme dun aultre coste Et plustost on ha<lb/>

tire quelque volee aulx deffenses Les gabions les
<pro>pionners</pro><lb/>

portent les tables pour faire la solle ou platteforme<lb/>

qui ont quattre <ms><bp>doigts</bp></ms> ou demy <ms><bp>pied</bp></ms>
despes Et on les<lb/>

enchasse en <m>terre</m> La platteforme excede la largeur<lb/>

des roues du canon de cinq ou six <del>cano</del>
<ms><bp>pieds</bp></ms> de chasque<lb/>

coste <del>M</del> sil ny ha quun canon Mays sil y en ha<lb/>

dadvantaige les platteformes se touchent La distance<lb/>

qui est entre les pieces est <ms>la largeur de deulx gabions</ms><lb/>

Tant que la batterie dure Les <pro>canoniers</pro> couchent &amp;
ma<exp>n</exp>gent<lb/>

pres dun canon Si cest en petites places on ne daigne faire<lb/>

tranchees pour aller aux pieces Mays on mect force<lb/>

gabions qui sont hault &amp; on y en courant aulx gra<exp>n</exp>d<lb/>

places on faict trenchees Il y a tousjours dans les<lb/>

tranchees ou derriere des barriquades <del>quelques</del> <add>des</add>
compaignies<lb/>

en garde pour la deffence des pieces On tient le petit<lb/>

magasin de <m>pouldres</m> de trois ou quattre <ms>caques</ms> a
part</ab>

<ab>

<margin>left-middle</margin>

Scaches les magasins<lb/>

de <pl>france</pl> pour lartiglerie</ab>

<ab>

<margin>left-middle</margin>

Il est bon que la plateforme<lb/>

penche un peu sur le deva<exp>n</exp>t<lb/>

pourceque la piece est plustotst<lb/>

mise en batterie &amp; tient<lb/>

plus coup &amp; bat plus roide</ab>

<cont/>

</div>

<div>

<id>p024v_2</id>

<ab><margin>left-middle</margin>

<rub>Canons a chambre</rub>

sont ceulx qui ont un renfort<lb/>

par dedans en tout lespace<lb/>

qui contient la <m>pouldre</m> Et<lb/>

la balle ne peut <del>a</del> rouler<lb/>

que jusque a lentree de<lb/>

ladicte chambre Ceulx cy<lb/>

ne font pas si grande<lb/>

faulcee &amp; sont fascheux<lb/>

a charger Mays il ne<lb/>

seschauffent pas si tost</ab></div>

<div>

<id>p024v_3</id>

<ab><margin>left-middle</margin>

<rub>Lumiere d<m>acier</m></rub>

se pose en Ancrau dans<lb/>

les canons pourcequelle ne<lb/>

se gaste poinct en tirant<lb/>

co<exp>mm</exp>e font bien tost les aultres<lb/>

Mays ces ancraus sont<lb/>

subgects a saulter &amp; porter<lb/>

domaige au <pro>canonier</pro> Il ny<lb/>

ha que duser de la lumiere<lb/>

propre</ab></div>

<div>

<id>p024v_4</id>

<ab><margin>left-middle</margin>

<rub>Lumiere a ras</rub>de<lb/>

la culasse est la meilleure<lb/>

pourcequen en ceste sorte<lb/>

le canon ne repousse gueres</ab></div>
</root>
