<root>
<page>162r</page>

<image>http://gallica.bnf.fr/ark:/12148/btv1b10500001g/f329.item.r=</image>

<div>
<id>p162r_1</id>
<head>Pour la <env>boutique</env></head>

<ab>Il se peult colliger par le dire d<pn>herodote</pn> que la
navigation<lb/>

des <pl>portugais</pl> nest pas nouvellem<corr><exp>ent</exp></corr> par
eulx inventee comme ils se<lb/>

ventent Au comancem<corr><exp>ent</exp></corr> du premier livre intitule
<gk>Clio</gk> il dict<lb/>

que les <pl>phoeniciens</pl> venoient de la <pl>mer rouge</pl> par
continuelles<lb/>
navigations en la <pl>coste de graece</pl> principalle<exp>ment</exp> a
<pl>argos</pl> ou ilz<lb/>

portoient des marchandises d<pl>aegipte</pl> &amp; d<pl>assyrie</pl> que
co<exp>mmun</exp>em<corr><exp>ent</exp></corr><lb/>

en six <tmp>jours</tmp> il avoient debite</ab>

<ab>

<man>
<margin>left-top</margin>
Navigatio<exp>n</exp><lb/>

marchandise<comment>c_162r_07</comment></man>

</ab>

<ab>

<pn>Herodote</pn> au premier foeuillet de <gk>Clio</gk> dict que les
<pl>grecs</pl> furent<lb/>

dans un long vaisseau en la <pl>coste de colchos</pl> &amp; au
<pl>fleuve phasis</pl><lb/>

ou ilz ravirent <pn>Medee</pn>

</ab>

<ab>

<man>
<margin>left-top</margin>
Galeres</man>

</ab>

<ab>

<pn>Herod<exp>ote</exp></pn> au 3 foeuillet dict que <pn>Gyges</pn>
presenta au temple de <pl>delphe</pl><lb/>

<la>pateras <m>aureas</m> sex pondo 30
<ms><cn>talentorum</cn></ms></la></ab>

<ab>

<man>
<margin>left-middle</margin>
Vases d<m>or</m></man>

</ab>

<ab>

<pn>Herod<exp>ote</exp></pn> <pn>Halyattes</pn> pere de <pn>croesus</pn>
<la><rub>pateram ex <m>ferro</m><lb/>

compactilem apud <pl>delphos</pl> dedicavit spectatu dignam<lb/>

inter omnia quae sunt <pl>delphis</pl> donaria opus <pn>Glauci<lb/>

Chii</pn> qui solus omnium compactionem <m>ferri</m>
excogitavit</rub><lb/>

<m>compactile ferrum</m></la> qui est fait dassemblage &amp; choses
raportees</ab>

<ab>

<man>

<margin>left-middle</margin>
Vase de <m>fer</m><lb/>

raporte et <m>soulde</m></man>

</ab>

<ab>

Comme les <pro>petits contreporteurs</pro> exposent de petites
marchandises<lb/>

pour en achepter de plus riches &amp; proficter de plus en plus<lb/>

Aussy pour le desir daprendre jexpose ce peu qui est de ma<lb/>

<env>boutique</env> pour <del>avoyr en</del> recepvoir en
commu<exp>n</exp> commerce des l<exp>ett</exp>res<lb/>

beaucoup plus rares secrets des benevoles <pro>lecteurs</pro></ab>

<figure/>

</div>

<div>
<id>p162r_2</id>
<head><m><la>Aes ustum</la></m></head>

<ab>Estant pulverise subtillem<exp>ent</exp> il moule tresnet &amp; ha
une<lb/>

certaine graisse qui luy donne liaison <figure>|</figure> plus quau
<m><la>Crocum</la></m><lb/>

&amp; croy quil ne seroit point mal propre au gect</ab>

</div>

<div>
<id>p162r_3</id>
<head><m>Boys pourry</m></head>

<ab><m>Celuy qui est blanc leger comme une esponge</m> estant
brusle<lb/>

a foeu clos peult servir en <tl>chassis</tl> pour le <m>plomb</m> et
moule<lb/>

fort net Mays telles choses nendurent pas le foeu</ab>

</div>
</root>
