<root>
<page>135v</page>

<image>http://gallica.bnf.fr/ark:/12148/btv1b10500001g/f276.item.r=</image>

<div>
<id>p135v_1</id>
<head>Pour gecter en <m><figure>☼</figure></m></head>

<ab>

Prens un <tl>crusol</tl> de capacite convenable pour ce que<lb/>

tu y veulx mectre pile un peu de <m>borras</m> grossierem<exp>ent</exp>
&amp; le mects<lb/>

au fonds puys le <m><figure>☼</figure></m> dessus Dispose sur les
<m>charbons</m><lb/>

de la <tl>forge</tl> en telle sorte ton <tl>crusol</tl> que le vent du
<tl>souflet</tl><lb/>

luy soufle par dessoubs et non au coste car cela le refroidiroit<lb/>

&amp; ne chauferoit pas assez Fais aussy quil soict esloigne<lb/>

trois bons <ms><bp>doigts</bp></ms> de la muraille de la <tl>forge</tl>
affin quil<lb/>

se puisse bien entourner de <m>charbon</m> Laisse recuire ledict<lb/>

<tl>crusol</tl> jusques a ce quil soict bien rouge Alors fais<lb/>

soufler par ton <pro>garson</pro> a longues poussades et fort<lb/>

car en ceste sorte il chaufe <del>bien</del> mieulx Et ce pendant<lb/>

<del>soufle par</del> quand l<m>or</m> sera fondu soufle par dessus<lb/>

avec un <tl>petit souflet</tl> Car l<m>or</m> saigriroit &amp;
prendroit<lb/>

comme une cappe Et tant que il fera une fumee
tournoya<exp>n</exp>te<lb/>

co<exp>mm</exp>e tu soufles ainsy cest a dire quil nest pas asses<lb/>

doulx pour le gect Descouvre doncq le <tl>creuset</tl> &amp;<lb/>

sans le bou<del>ch</del>ger de son lieu et sans interrompre le
soufler<lb/>

fais le pancher vers toy affin de voyr bien dedans<lb/>

Gectes y la <ms>grosseur dune <pa>febve</pa></ms> de <m>borras</m> &amp;
soufle<lb/>

dedans a secousses avec le <tl>petit souflet</tl> Mays sil y a<lb/>

<m>charbons</m> dedans soufle un peu fort pour les en<lb/>

fayre sortir Et si l<m>or</m> fume &amp; tourne mets encores<lb/>

du <m>borras</m> Et <del>note</del> soufle par dessus Prenant<lb/>

garde que sil est encores aigre &amp; pas asses adoulcy<lb/>

il se couvre quand tu soufles co<exp>mm</exp>e sil estoit refroidy<lb/>

Mays sil ne faict ce signe il est asses douls<lb/>

@Lors fais soufler bien fort affin de le bien eschaufer et<lb/>

co<exp>mm</exp>e tu penseras quil soit asses chault gecte par dessus
dans le<lb/>

<tl>crusol</tl> de la <def><m>couleur</m></def> composee
co<exp>mm</exp>e est dict cy devant de <m>verdet</m><lb/>

<m>selpestre</m> <m>sal armoniac</m> &amp; <m>borras</m> <add>un
peu</add> Et <del>laisse reposer</del> soufle<lb/>

tousjours du <tl>petit souflet</tl> Et l<m>or</m> viendra luisant
co<exp>mm</exp>e</ab>

<ab>
<margin>left-middle</margin>

Si tu gectes en <m>or</m><lb/>

quelque piece dimporta<exp>n</exp>ce<lb/>

<m>lute</m> ton <tl>moule</tl><lb/>

du mesme sable<lb/>

ou il <del>y a</del> y aye<lb/>

du <m><la>crocum</la></m></ab>

<ab>
<margin>left-middle</margin>

Si tu veulx gecter<lb/>

quelque grand ouvraige en <m>or</m><lb/>

ou qui soict dimportance<lb/>

Fays au pied de la<lb/>

<tl>forge</tl> ou a un bout<lb/>

dicelle <add>un <tl>four a vent</tl></add> ou tu puysse<lb/>

tenir ton <tl>moule</tl> dans<lb/>

le sable to<del>n</del>ut rouge </ab>

<ab>
<margin>left-middle</margin>

On peult gecter<lb/>

deulx ou trois <ms>lb</ms><lb/>

d<m>or</m> </ab>

<cont/>

</div>
</root>
