<root>
<page>163v</page>

<image>http://gallica.bnf.fr/ark:/12148/btv1b10500001g/f332.image</image>

<div>

<id>p163v_1</id>

<head><al>Escrevisse</al></head>

<ab>Volontiers les corniches pelues quelle ha dessoubs<lb/>

le bec <del>coe</del> viennent grumeleuses &amp; mal nettes
pourceque<lb/>

estant bruslees elles sont difficiles a oster &amp; nettoyer<lb/>

leur <m>cendre</m> qui demeurant dans le <tl>moule</tl> <del>le</del>
empeschent<lb/>

que le <m>metal</m> ny peult bien courir &amp; pour ceste ocasion<lb/>

on faict au bout dicelles un petit gect de fil de <m>cire</m><lb/>

tant pour les soubstenir que pour soufler la dedans<lb/>

la <m>cendre</m> qui empesche</ab>

<ab><margin>left-middle</margin>

Nespargne point<lb/>

les <tl>pointes</tl> pour en<lb/>

mectre non seulem<exp>ent</exp><lb/>

au milieu du corps<lb/>

Mays au pates<lb/>

grosses Et a la<lb/>

queue deulx ou trois<lb/>

selon le plant que<lb/>

tu luy vouldras<lb/>

donnas</ab>

</div>

<div>

<id>p163v_2</id>

<head><m><la>Crocum</la></m></head>

<ab>Celuy qui est rouille de soy mesme estant arrouse<lb/>

d<m>eau sel</m> ou <m>vinaigre</m> ou <m><bp>urine</bp></m> et puys
<add>fort</add> deseche<lb/>

<add>et rougy au foeu</add> est fort rouge broye sur le
<tl><m>porphire</m></tl> et est de<lb/>

couleur de <m>bol de <pl>levant</pl></m> &amp; aprochant du
<m>minium</m><lb/>

Mays celuy qui est arrouse d<m><bp>urine</bp></m> &amp; deseche<lb/>

adquiert plus haulte taincture &amp; aproche a l<m><la>aes
ustum</la><lb/>

broye</m> ou au <m>vermeillon</m> Mays le premier
subtilem<exp>ent</exp><lb/>

broye adquiert une vive couleur rouge <del>dans le</del>
co<exp>mm</exp>e<lb/>

<m>cinabre</m> dans l<m>eau de vye</m> Et les uns et les aultres<lb/>

præpares co<exp>mm</exp>e dict est et subtilies &amp; rendus fort<lb/>

chaults rendent une <m>fumee rouge</m> co<exp>mm</exp>e un esprit<lb/>

volatil si estants ainsy chaults et subtils on gecte<lb/>

dessus du <m>vinaigre</m> <m><bp>urine</bp></m> ou <m>eau de vye</m>
L<m><bp>urine</bp></m><lb/>

donne beaucoup de taincture Et l<m>eau de vye</m> aussy</ab>

<figure>

<id>fig_p163v_1</id>

<margin>left-middle</margin>

<link>https://drive.google.com/open?id=0B9-oNrvWdlO5anJvd0FQQ3BkRFE</link>

</figure>

</div>

<div>

<id>p163v_3</id>

<head>Reparer</head>

<ab>Il est mieulx de reparer peu avecq le <tl>burin</tl> apelle
<tl>onglet</tl><lb/>

ou avecq celuy quon apelle <tl>chaple</tl> ou quelque <tl>petite
lime</tl><lb/>

Mays sur tout evite de toucher a ton ouvrage ains
seulem<exp>ent</exp><lb/>

a la bave ou grumeleure qui sera survenue au gect Et en<lb/>

reparant mouille &amp; frotte avecq tes <tl>petites <m>sayettes de
<al>pourceau</al></m></tl></ab>

</div>
</root>
