<root>
<page>130r</page>

<image>http://gallica.bnf.fr/ark:/12148/btv1b10500001g/f265.item.r=</image>

<div>

<id>p130r_1</id>

<head>Animaulx seches au <tl>four</tl></head>

<ab>Les petits <del>s</del> <al>chats</al> sescorchent et on leur oste
les yeulx<lb/>

&amp; toutes les entrailles On leur mect un <tl>petit baston</tl> de
long entre<lb/>

les dents pour leur faire fort ouvrir la gueule Puys avecq<lb/>

des <tl><m>poinctes de fer</m></tl> on leur attache les pieds sur une
<tl>petite<lb/>

table</tl> leur donnant le plant &amp; desmarche convenable Estant<lb/>

ainsy attache par les pieds <add>avec de <tl>petits aneaulx de <m>fil de
fer</m></tl> ainsy</add> Il les faut pendre <env>au soleil</env><lb/>

leschine en bas En ceste sorte ils prenent <del>&amp;d</del> leur ply
&amp;<lb/>

se seichent &amp; le ventre sestroissist &amp; la queue demeure<lb/>

hauste <add>ou avec le reply que tu luy auras donne</add> Estant par ce
moyen un peu secs on leur contourne<lb/>

la teste co<exp>mm</exp>e on veut lasseura<exp>n</exp>t avecq quelque
houtil Puys<lb/>

on lacheve de seicher au <tl>four</tl> quant le pain est tire Apres<lb/>

on luy mect dans le cave des yeulx des <tl>balles de <m>plomb</m>
ou<lb/>

de <m>cire</m></tl> peincte selon le naturel On les painct d<m>ancre
bien gommee</m><lb/>

pour sembler estre de geyct on luy donne une langue peincte des<lb/>

cornes des aisles &amp; semblables fantasies Ainsy des <al>rats</al>
&amp;<lb/>

touts animaulx</ab>

<ab>

<margin>left-middle</margin>

<figure>

<id>fig_p130r</id>

<link>https://drive.google.com/open?id=0B9-oNrvWdlO5cHVsNnNVQ1l5RnM</link>

</figure> qui embrassant<lb/>

les doigts des<lb/>

pastes<comment>c_130r_01</comment> se fichent<lb/>

dans la plastre<lb/>

d<m>ardille</m></ab>

</div>

<div>

<id>p130r_2</id>

<head>Pour rougir les <al>escrevisses</al> vives<lb/>

qui sembleront bouillies</head>

<ab>Frotte les dans de <m>fort bon vinaigre</m> ou il y aye un peu
d<m>eau<lb/>

de vye</m> &amp; non gueres &amp; elles se pourront servir
co<exp>mm</exp>e cuittes &amp; cheminer</ab>

</div>

<div>

<id>p130r_3</id>

<head>Mouler une <al>yraigne</al> seule</head>

<ab>Il la faut planter sur la <tl>plaste d<m>argille</m></tl>
co<exp>mm</exp>e il est dict<lb/>

sur la feuille de <pa>vigne</pa> Et fayre la dessus le premier<lb/>

gect &amp; comme il aura fait prise Descouvre l<al>iraigne</al>
jusques<lb/>

a la moictie des jambes puys fais le second gect</ab>

<ab>

<margin>left-middle</margin>

<corr><del>Affin</del></corr><lb/>

Les pieds pelus des grosses <al>yraignes</al> co<exp>mm</exp>e<lb/>

tout poil danimal ne se moule pas bien sil nest<lb/>

couche layant oint<lb/>

avecq de l<m>huile de<lb/>

<pa>froment</pa></m> qui lafermist<lb/>

&amp; est bien tost sec<lb/>

Les choses pelues<lb/>

se meslent avecq le<lb/>

sable &amp; ne se<lb/>

bruslent pas<lb/>

bien</ab>

</div>

<div>

<id>p130r_4</id>

<head>Mouler une feuille de <pa>vigne</pa> seule</head>

<ab>Plante la avec les <tl>poinctes de <m>fil de <del>fer</del>
letton</m></tl> subtil &amp;<lb/>

pose de biais sur la <tl>plaste d<m>ardille</m></tl> puys gecte le
premier<lb/>

<tl>moule</tl> Ayant faict prise descouvre le <del>dos</del> revers
&amp; fais<lb/>

le second gect lequel estant prix tu peulx retirer la foeille<lb/>

Et ne te faudra recuire ton <tl>moule</tl> quune fois pource quil ny
aura<lb/>

rien a brusler</ab>

</div>
</root>
