<root>
<page>102r</page>

<image>http://gallica.bnf.fr/ark:/12148/btv1b10500001g/f209.image</image>

<div>

<id>p102r_1</id>

<head>Provisions pour loeuvre de colchos</head>

<ab>7 <tl>cornues</tl><lb/>

2 <ms>lb</ms>de
<figure><del><m>☿</m></del></figure><comment>c_102r_01</comment><figure><m>☿</m></figure><lb/>

Une mesure de <m>gros sel</m><lb/>

6 <tl>terrines sans <m>plomb</m></tl><lb/>

2 grands <tl>pots non <m>plombes</m></tl> pour calciner<lb/>

2 <tl>alembics</tl> pour distiller du <m>vinaigre</m><lb/>

4 <tl><ms>pots</ms></tl> de <m>bon vinaigre</m><lb/>

3 ou 4 <tl>lampes</tl><lb/>

2 <ms>lb</ms> de <m>cotton</m><lb/>

Un payre de petits <tl>ciseaulx</tl></ab>

</div>

<div>

<id>p102r_2</id>

<head>Pour le <tl>four</tl></head>

<ab>Un <tl>cofre</tl> avecq une <m>pierre</m> large de dix
<ms><bp>pousses</bp> en quarre</ms><lb/>

Et espesse dun <ms><bp>pied</bp></ms> persee par le milieu<lb/>

2 <tl>boictes</tl> ou <tl>pots de <m>terre</m> avecq un
couvercle</tl><lb/>

2 petits <tl>tuyaulx de <m>fer blanc</m></tl> pour evacuer la fumee du
<tl>four</tl><lb/>

<m>Huile de graine de <pa>navete</pa></m> pour les <tl>lampes</tl> a
chaufer le <tl>four</tl><lb/>

un <tl>fusil</tl></ab>

</div>

<div>

<id>p102r_3</id>

<head><m>Ciment royal</m></head>

<ab>Une <ms>lb &amp; demye</ms> de <m>vitriol</m><lb/>

Aultant de <m>salpestre</m><lb/>

Aultant d<m>alum de roche</m></ab>

</div>

<div>

<id>p102r_4</id>

<head><tl>Vaisseaulx de <m>verre</m></tl></head>

<ab>Le <tl>vaisseau de <m>verre</m></tl> doibt estre faict en poire ou
pyramide ronde<lb/>

de lespesseur dun <ms>petit dos de <tl>costeau</tl></ms> rond au fonds
sans estre replye<lb/>

co<exp>mm</exp>e les <tl>ampoulles</tl> son ouverture de telle grandeur
quune <tl><ms>plume d<pl>holande</pl></ms></tl><lb/>

y puysse justem<exp>ent</exp> entrer &amp; un bord au bout Ainsy de la
haulteur<lb/>

de sept <ms>travers de <bp>doigt</bp></ms>

<figure>

<id>fig_p102r_1</id>

<margin>bottom</margin>

<link>https://drive.google.com/open?id=0B9-oNrvWdlO5MVhNYTRzOXJzR2M</link>

</figure>

</ab>

</div>
</root>
