<root>
<page>051r</page>

<image>http://gallica.bnf.fr/ark:/12148/btv1b10500001g/f107.image</image>

<div>
<id>p051r_1</id>
<head>Contretirer</head>

<ab>Fais de l<m>eau de savon</m> &amp; dicelle frotte &amp; humecte la
piece de taille<lb/>

doulce que tu veulx contretirer puys pose dessus du <m>papier
blanc</m><lb/>

&amp; frotte par dessus bien fort avecq une <tl>dent</tl> ou un <tl>cul
de <m>verre</m></tl><lb/>

&amp; tu emporteras ta piece imprimee Il est vray quelle sera a
gauche<lb/>

Mays si tu <m>huiles</m> ton <m>papier</m> d<m>huile d<pa>aspic</pa>
<del>&amp;</del> <add>ou</add> de tourmentine</m><lb/>

il te le representera a <del>gauche</del> droicte de laultre coste
Suys<lb/>

doncq ces traicts avecq un <tl>pinceau</tl> ou une <tl>plume</tl> puys
chaufe<lb/>

le <m>papier</m> &amp; l<m>huile</m> sen ira &amp; laissera ton
<m>papier</m> blanc Et si<lb/>

tu veulx que cela ne se cognoisse poinct si par cas fortuict tu<lb/>

as emprunte la piece Mouille le <m>papier</m> et le pollissement
qua<lb/>

faict le <tl>brunissouer</tl> au revers qui faict apercevoir ce qui a
este<lb/>

faict ne se cognoistra point L<m>eau de savon</m> faict jaulnir<lb/>

la piece Mays l<m>eau bien gommee</m> qui ha le mesme effaict ne le<lb/>

faict poinct Si tu veulx fais pour cest effect <m>eau gommee</m><lb/>

puys y destrempe du <m>savon</m> &amp; fais co<exp>mm</exp>e dict
est</ab>

</div>

<div>
<id>p051r_2</id>
<head><pro>Tailleurs en <tl>planches</tl></pro></head>

<ab>Pour nettoyer les <tl>planches de <m>cuivre</m></tl> ou pour mieulx
faire<lb/>

imprimer celles qui sont usees Fais les bouillir en <m><add>bonne</add>
lessive</m> <add>bien co<exp>n</exp>sumee a la <m>buee</m></add><lb/>

quattre ou cinq <ms><tmp>bonnes heures</tmp></ms> puys fais ton
<m>ancre</m> avecq<lb/>

<m>huile de <pa>lin</pa></m> &amp; non avecq <m>huile de
<pa>noix</pa></m> &amp; presse avecq les <tl>rouleaus</tl><lb/>

Les <tl>planches de <m>cuivre</m></tl> sont plus tost faictes que les
<tl>planches<lb/>

de <m>boys</m></tl> Mays elles ne sont pas si propres a
promptem<exp>ent</exp><lb/>

imprimer Celles de <m>boys</m> sont penibles Et aussy auront
plustost<lb/>

imprime vint foeilles que laultre deulx Pour tailler en <m>boys</m><lb/>

le secret est de pocher premierem<exp>ent</exp> Cest a dire de coucher
la<lb/>

piece contretiree ou desseignee sur la <tl>planche de <m>boys</m></tl>
&amp; faire<lb/>

que le coste du traict soict colle sur le <m>bois</m> Estant sec<lb/>

tu viens a legerem<exp>ent</exp> frotter dun <tl>mouchouer mouille</tl>
le revers<lb/>

du <m>papier</m> qui en frottant se rendra si subtil quil ne
demeurera<lb/>

presque que le traict lequel apres on suict en taillant le fonds<lb/>

Tu pourrois faire cela au <m>verres</m> histories &amp; couche de<lb/>

noir descaille pour apres esgratigner &amp; coucher tes couleurs<lb/>

sur le descouvert Pour faire l<m>ancre</m> pour <tl>planches de
<m>cuivre</m></tl></ab>

<ab>
<margin>left-middle</margin>
Ces <tl>rouleaus</tl><lb/>

sont bons pour<lb/>

imprimer promptem<exp>ent</exp><lb/>

avecq des<lb/>

<m>cartons</m> tailles<lb/>

diverses sortes<lb/>

de <m>pastes</m></ab>

<ab>
<margin>left-middle</margin>
On peult mectre<lb/>

les <tl>planches</tl> parmy<lb/>

le <tl>linge</tl> quand la

<m>lexive</m> est bien

affinee ou bien

dans un <tl>pot</tl></ab>

<cont/>

</div>
</root>
