<root>
<page>135r</page>

<image>http://gallica.bnf.fr/ark:/12148/btv1b10500001g/f275.item.r=</image>

<div>
<id>p135r_1</id>
<head><m>Couleur</m> pour <m>or</m> ou saulce</head>

<ab>

<m>Verdegris</m> &amp; <m>sel armoniac</m> <ms>autant dun que
daultre</ms> <lb/>

&amp; <ms>aussi gros quune <pa>febve</pa></ms> de <m>salpestre</m> Car
si tu en mectois <lb/>

quantite il feroit bouillir telle<corr><exp>ent</exp></corr> le tout
quil se reverseroit <lb/>

le <m>salpestre</m> ne se mect que pour faire bouillir affin <lb/>

quon cognoisse quand la matiere a asses bouilly <lb/>

Ceste <m>couleur</m> mise sur l<m>or aigre fondu</m> le rend doulx <lb/>

incontinent </ab>

<man><margin>left-middle</margin>Adoulcir l<m>or</m></man>

</div>

<div>
<id>p135r_2</id>
<head>Gect </head>

<ab>

Il faut quil soit longuet eu esgard a la chose que<lb/>

tu as moulee Et pour le moings aux <tl>grands moules</tl><lb/>

il fault quil aye quattre ou cinq <ms><bp>doigts</bp></ms> de longueur
<lb/>

Tu le peulx faire large jusques a la moitie &amp; puys<lb/>

le diviser en trois poinctes en ceste sorte Et tant plus<lb/>

la chose moulee sera petite il faut aussy que tes poinctes<lb/>

soient petites Et au milieu du gect &amp; de ses poinctes<lb/>

fais y quelques pertuis affin dempescher la furie<lb/>

du <m>metal</m> &amp; fayre quil coule doulcem<exp>ent</exp> Il faut
aussy<lb/>

<del>c</del> conjoindre les parties pliees de lanimal par petites<lb/>

lignes encochees <del>a</del> mesmement le bout de la queue ou
aultre<lb/>

partye subtile affin que le <m>metal</m> suive par tout &amp;<lb/>

se raporte d<del>e l</del>une partie a lautre</ab>

<ab>

Noublie pas de faire gect de <m>cire</m> aux pates des
<al><oc>sernailles</oc></al><lb/>

&amp; choses co<exp>mm</exp>e cella subtilles </ab>

<ab>

<margin>left-middle</margin>

Quand tu <add>as</add> moule un animal<lb/>

en la premiere partie du <tl>moule</tl><lb/>

Ne laisse pas secher<lb/>

ceste partie que tu<lb/>

nen ayes retire<lb/>

ledict animal<lb/>

Car le <tl>moule</tl> se<lb/>

seichant il se retireroit<lb/>

et feroit aussy retirer<lb/>

lanimal Tiens<lb/>

le doncq en quelque<lb/>

<env>lieu mouille<lb/>

&amp; humide</env><lb/>

jusques a ce<lb/>

que tu ayes<lb/>

faict</ab>

<figure>

<id>fig_p135r_1</id>

<margin>left-middle</margin>

<link>https://drive.google.com/open?id=0B9-oNrvWdlO5U3BqOGxwTHNPeVk</link>

</figure>

</div>

<div>
<id>p135r_3</id>
<head>Foeille de <pa>vigne</pa> et <al>petite grenoille</al></head>

<ab>

P<exp>rens</exp> des foeilles de <pa>vignes</pa> pour mouler
co<exp>mm</exp>e elles sont en croissant<lb/>

ainsy que de toutes herbes &amp; fleurs ou dune jeune <pa>vigne</pa>
renaissant<lb/>

apres avoyr este couppee ou lors quelles reboutent <tmp>en automne</tmp>
pource<lb/>

que les nouvelles foeilles sont plus grumeleuses &amp; ont les
lineaments plus<lb/>

aparents au contraire les foeilles ancienes sont unies par dedans
&amp;<lb/>

percees en plusieurs endroicts Pose doncq ta foeille le dos en bas<lb/>

sur la <tl>plaste d<m>ardille</m></tl> Et asseure la avecq des
<tl>petites poinctes</tl> luy laissa<exp>n</exp>t<lb/>

neantmoings son reply naturel Et fais une coche <add>dans
l<m>ardille</m></add> pour cacher la queue<lb/>

au premier gect lequel estant fait &amp; sec Tu retireras la queue de
la<lb/>

foeille &amp; la nettoyeras bien avec des <tl>sayettes</tl> &amp;
lapuyeras avec une petite<lb/>

hausse d<m>ardille</m> Apres fais plusieurs gects aultour de la foeille
avecq de<lb/>

la <m>cire</m> co<exp>mm</exp>e tu scais &amp; <del>gec</del> fais le
gect tanvre &amp; de plusieurs trais &amp; grumeleux</ab>

<ab>
<margin>left-middle</margin>

La foeille de<lb/>

<pa>vigne</pa> se paint de<lb/>

vert faict de <m>scudegru<exp>n</exp></m><lb/>

&amp; <m>verd de terre</m></ab>

<ab>
<margin>left-middle</margin>

Tu peulx<lb/>

gecter sur<lb/>

la foeille<lb/>

une <al>iraigne</al><lb/>

ou <al>grenoille</al><lb/>

&amp; ce quil te<lb/>

plaira</ab>

</div>
</root>
