<root>
<page>151v</page>

<image>http://gallica.bnf.fr/ark:/12148/btv1b10500001g/f308.image</image>

<div>

<cont/>

<id>p150v_1</id>

<ab>Touteffoys ne loste pas que tu nayes du tout repare la<lb/>

<al>tortue</al> Car ceste <m>terre</m> te servira de <m>ciment</m> sil
te fault enfoncer<lb/>

quelque chose ou reparer avecq le <tl>ciselet</tl> Sil y a des<lb/>

baves aulx joinctures du <tl>molle</tl> tu les osteras ou avecq le
<tl>burin</tl><lb/>

apelle <def><tl>chaple</tl></def> ou un <tl>trancheplume bien
tranchant</tl> ou avecq<lb/>

une <tl>lime petite</tl> &amp; puys avecq le <tl>ciselet</tl> Ayant
tousjours<lb/>

pour mieulx faire le naturel devant toy Tu peulx friser<lb/>

sur une <tl>lime</tl> la pointe dun <tl>ciselet</tl> qui ne soict poinct
trampe<lb/>

pour faire quelque chose grumeleuse Pour ces <del>deulx</del><lb/>

<al>tortues</al> &amp; choses creuses qui presuposent estre asses<lb/>

grandes gecte ta ligue dune <ms>moictie</ms> de <m>plomb</m> &amp;
dune<lb/>

<ms>moictie</ms> d<m>estain fin</m> Il y a plus daffayre a mouler<lb/>

une <al>tortue</al> qua douze moules de fleurs Sil y a du
<m><la>crocum</la></m><lb/>

dans ton sable il ny aura point de baves &amp; si par cas fortuit<lb/>

il en y a quelques unes aulx costes elles seront plus tanvres<lb/>

que <m>papier</m> pourveu que ton <tl>moule</tl> soict bien serre dune
<tl>presse</tl><lb/>

Et pour faire les escailles des <al>tortues</al> ou aultres
animaulx<lb/>

Tu peulx faire des <tl>petits ciselets</tl> en forme de <tl>porte
piece<lb/>

ronde</tl> aultres en facon dune <tl>gouge</tl> ou dune escaille de
<al>serpent</al><lb/>

&amp; <al>lesard</al> Et daultres sur une <tl>lime</tl> pour faire les
friseures<lb/>

&amp; grommeleures<comment>c_150v_02</comment> Les <al>tortues</al> qui
ne se moulent poinct<lb/>

creuses nont pas tant daffaire Car elles se moulent en<lb/>

deulx pieces Pour les reparer avecq des <tl>ciselets</tl> de
<tl>petits<lb/>

portes pieces</tl> de <tl>petites couges</tl> &amp; des <tl>ciselets
cranes</tl></ab>

<figure>

<id>fig_p151v_1</id>

<margin>left-middle</margin>

<link>https://drive.google.com/open?id=0B9-oNrvWdlO5bk1US2QxRTVwa2s</link>

</figure>

@<comment>c_150v_03</comment>

</div>

<div>

<id>p151v_1</id>

<head><m>Huile de <pa>froment</pa></m></head>

<ab>Il fault le faire entre deulx <tl><m>lames de fer</m> bien
vives</tl><lb/>

mesmem<exp>ent</exp> celle de bas sur laquelle qui sera en pante tu
mectras<lb/>

du <m><pa>froment</pa></m> bien esgal &amp; uny Et puys poseras dessus
laultre<lb/>

toute rouge &amp; la presseras jusques a ce que tu voyes bien<lb/>

desgouter l<m>huile noire</m> Reitere cela tant que tu en ayes<lb/>

asses Cest <m>huile</m> est incontinent sec Il dore les choses
<m>argentees</m><lb/>

&amp; bruies augmente la couleur des choses <m>dorees</m> Sert de
<m>vernis</m><lb/>

sur le <m>fer</m> pour apres y graver pour <m>vernir</m> en tane des
gardes<lb/>

despees Et pourroit bien servir aulx <pro>faiseurs de <m>cuir
dore</m></pro></ab>

<ab><margin>left-middle</margin>

Il en fault user<lb/>

co<exp>mm</exp>e il est recent<lb/>

faict Et pour les choses a<lb/>

mouler il ne veult pas estre si<lb/>

espes que pour le tainct</ab>

<ab><margin>left-middle</margin>

Il nest pas<lb/>

pour en oindre<lb/>

les animaulx a<lb/>

poil car il est<lb/>

trop fort &amp;<lb/>

roide Mays<lb/>

bien pour en<lb/>

donner un trait<lb/>

a un pied de petit<lb/>

animal co<exp>mm</exp>e <al>mouche</al> &amp; semblables Il est aussy
excellent pour le taint des <m>pierres<lb/>

blanches faulces</m></ab>

</div>
</root>
