<root>
<page>147r</page>

<image>http://gallica.bnf.fr/ark:/12148/btv1b10500001g/f299.image</image>

<div>

<cont/>

<id>p146v_1</id>

<ab>Advise bien de fayre un bort de <m>cire fondue</m> avecq le
<tl><m>fer</m><lb/></tl>

<tl>chault</tl> tout aultour du bort de la coquille haulte qui est
vers<lb/>

la queue affin de fayre mieulx le gect Et faicts que deulx<lb/>

petits cordons de la mesme <m>cire</m> <del>r</del> respondent du bout
de la<lb/>

coquille du ventre audict bort de <m>cire</m> qui est aultour de la
coquille<lb/>

de leschine et que la <del><al>tortue</al> de</del> queue de la
<al>tortue</al> demeure entre<lb/>

ces deulx cordons Cest pour faire le gect mieulx Cela<lb/>

faict <m>huile</m> ton <tl>moule</tl> et ce qui paroistra de la coquille
Mects<lb/>

le <tl>cercle</tl> aultour &amp; gecte avecq <m>eau chaulde</m>
co<exp>mm</exp>e devant y<lb/>

observant ce que tu as observe Fays de mesme pour mouler<lb/>

la troisiesme partye qui est la queue Et ayant faict prise<lb/>

<del>Tu</del><del>Despouille ton <tl>moule</tl></del> Oste le
<tl>contour d<m>ardille</m></tl> nettoye<lb/>

ton <tl>moule</tl> &amp; unis le &amp; laplanis de tous costes avecq
un<lb/>

<tl>costeau</tl> co<exp>mm</exp>e les aultres <tl>molles</tl> Trempe le
dans l<m>eau</m><lb/>

legerement puys essaye de le despouiller Communem<exp>ent</exp> on<lb/>

commance<del>ment</del> par l<del>e</del>a <del>dos</del> coquille du
dos <del>cest</del> cest a dire<lb/>

le <tl>molle</tl> de dessus qui est de deulx moicties Et cestuy la<lb/>

est plus facile a despouiller Laultre suict apres mays<lb/>

a cause quil est voisin des espaules de la <al>tortue</al> qui sont<lb/>

profondement enfoncees Il est quelque fois malaise<lb/>

par ainsy en crollant &amp; tirant le <tl>molle</tl> doulcement
Advise<lb/>

de tire celuy qui se presentera le plus facille car il les<lb/>

fault despouiller lun apres laultre Le plus malaise<lb/>

de tous est celuy qui moule l<del>e</del>a <del>de</del> gorge le
dessoubs des<lb/>

pattes &amp; ces creuses espaulieres qui sont de si mauvaise<lb/>

despouille que si tu ny pourvois remplissant de <m>cire</m><lb/>

plustost que mouler ce qui ne sera point en despouille<lb/>

il sera malaise que tu en retires tes pieces sans rompre<lb/>

quelque chose Mays si cela tadvient encores y a il<lb/>

remede pourveu que tu gardes <del>pi</del> bien les pieces rompues<lb/>

Car tu les peulx rassembler avecq des <tl>poinctes de <m>fer asses<lb/>

fortettes</m></tl> &amp; remplir la fente ou default qui y pourra
estre<lb/>

avecq <m>cire fondue</m> &amp; le <tl><m>fer</m> chault</tl>
co<exp>mm</exp>e des aultres Affin que<lb/>

le noyau pour mouler creulx se fasse mieulx Apres<lb/>

<rub>Va au second foeillet</rub></ab>

<ab><margin>left-middle</margin>

Pour eviter<lb/>

de rompre en<lb/>

despouillant<lb/>

advise de bien<lb/>

descouvrir<lb/>

jusques a ce<lb/>

qui peult tenir</ab>

</div>
</root>
