<root>
<page>093r</page>

<image>http://gallica.bnf.fr/ark:/12148/btv1b10500001g/f191.image</image>

<div>
<id>p093r_1</id>
<head><pa>Olives</pa></head>

<ab>Elles se gastent si <ms><tmp>une foys le moys</tmp></ms> on ne leur
rafreschist leur<lb/>

<m>eau sel</m> quil ne fault pas <sn>toucher</sn> des <bp>mains</bp> car
cela les faict<lb/>

gaster</ab>

</div>
<div>
<id>p093r_2</id>
<head>Observation des <pro>rustiques</pro></head>

<ab>Que quand <env>il gele</env> le <tmp>jour des rameaulx</tmp> <env>il
gele</env> <tmp>tous les moys<lb/>

de lan</tmp></ab>

<ab>Que quand les premieres fleurs tombent <del>les suiv</del> &amp; se
perdent<lb/>

de la <env>gelee</env> les aultres co<exp>mmun</exp>ement se perdent
aussy</ab>

</div>
<div>
<id>p093r_3</id>
<head><corr><del>I</del></corr> Hantes</head>

<ab>Il ne fault pas que le greffe soict de vieulx bois car il nest<lb/>

jamais bel abre</ab>

<ab>Il ne fault laisser au greffe que deux gectons pour le plus<lb/>

car quand il ha dadvantaige sa force est afoiblie le vent<lb/>

le tourmente &amp; nha pas tant de force pour bouter</ab>

<ab>Les abres qui hont grosse moelle co<exp>mm</exp>e les
<pa>peschiers</pa> &amp; tout<lb/>

leur genrre &amp; les <pa>pruniers</pa> ne veulent point hantes <env>en
temps<lb/>

de gelee</env> pourceque le froid corrompt leur moelle laquelle<lb/>

il se fault bien aussi garder doffenser en coupant le pied du<lb/>

greffe</ab>

<ab>Toutes hantes ne se doibvent faire plustost que leur abre<lb/>

ne soict en sabe car l<md>humeur</md> les pousse bien tost
Aultrem<exp>ent</exp><lb/>

<del>au</del> ilz se seichent plustost que l<md>humeur</md> de la sabe
ne les pousse</ab>

</div>
<div>
<id>p093r_4</id>
<head>Sable</head>

<ab>La <m>cendre blanche de tout boys</m> qui se tient encores au
<m>boys</m><lb/>

qui brusle et nest point tombee au <del>bo</del>
<env><tl>foyer</tl></env> moule fort net</ab>

</div>
<div>
<id>p093r_5</id>
<head>Sable</head>

<ab>La <del><m>cendre</m></del> <m>suye bien pulverisee</m> moule &amp;
despouille fort net<lb/>

celle des <env>cuisines</env> qui est grasse &amp; luisante des
<env>grandes cuisines</env> est meilleure</ab>

<ab>La <m>chaulx vive subtillem<exp>ent</exp> pulverisee</m> faict le
mesme de <m>pierre<lb/>

vive</m> deffaicte en la cave faict mieulx</ab>

</div>
</root>
