<root>
<page>007v</page>

<image>http://gallica.bnf.fr/ark:/12148/btv1b10500001g/f20.image</image>

<div>
<id>p007v_1</id>
<head>Pour donner couleur de toute<lb/>

sorte de <m>metaulx</m> au <m>boys</m> &amp; aultre chose</head>

<ab>P<exp>renes</exp> <m>pierre de touche</m> &amp; <m>pierre ponce</m>
aultant dun que daultre<lb/> &amp; les broyes ensemble &amp; destrempes
avecq <m>colle de retailles</m><lb/>

plus forte que pour paindre &amp; peignes en ce que vous vouldres<lb/>

estant sec frottes ceste couche de quelque <m>metal</m> que ce
soict<lb/>

puys le brunisses</ab>

</div>

<div>
<id>p007v_2</id>
<head>Contre la colique venteuse</head>

<ab>P<exp>renes</exp> une <ms>douzaine</ms> de <m><pa>noix</pa> communes
seiches</m> &amp; lune apres<lb/>

laultre gectes les en un bon <tl>brasier</tl> ou elles se puissent<lb/>

enflammer &amp; les tires avecq des <tl>pincettes</tl> Et les
laisses<lb/>

ardre &amp; bien esprendre en lair Et les estaignes dans<lb/>

un <tl><m>verre</m> de <m>bon vin</m></tl> Apres laisses froidir le
<m>vin</m> Et le<lb/>

coules &amp; en verses la <ms>moictie</ms> Car six <m><pa>noix</pa></m>
estainctes<lb/>

sont pour une <ms>dose</ms> Excellent remede contre la suffocation<lb/>

de <bp>matrice</bp><comment>c_007v_04</comment></ab>

</div>

<div>
<id>p007v_3</id>
<head>Pour oster la douleur de la
g<exp>outte</exp><comment>c_007v_05</comment></head>

<ab>P<exp>renes</exp> <ms>demy lb</ms> de <m>marquasite doree &amp;
jaulne subtillem<exp>ent</exp> pulverisee</m><lb/>

<ms>demy once</ms> de <m>storax</m> 4 <ms>lb</ms> d<m>urine</m>
incorpores bien tout<lb/>

ensemble peu a peu dans un <tl>mortier</tl> puys faictes bouillir<lb/>

bien fort tout ensemble Mays il fault que le <tl>pot</tl> soict
bien<lb/>

couvert affin que la fumee nexhale poinct Apres distilles<lb/>

l<m>urine</m> <del>cest</del> imbibee &amp; separee par inclination En
un <tl>alembic<lb/>

bien lute &amp; couvert dun chapiteau de <m>cuivre</m></tl> &amp;
imbibes un<lb/>

<tl><m>linge</m></tl> de ladicte <m>eau</m> &amp; lapliques tiedement
sur la douleur</ab>

</div>

<div>
<id>p007v_4</id>
<head>Contre gonhorrea</head>

<ab><la><m>Aquae fabrorum antiquae</m> <ms>lb</ms> i. <m>boli
armeniae</m> in <del>tel</del> tenuissimum<lb/>

pollinem redactae <ms><figure>℥</figure></ms>.i. <m>mellis
co<exp>mmun</exp>is</m> <ms><figure>ʒ</figure></ms>.iii. coquantur ad
<m>mellis</m><lb/>

despumationem Tum refrigerata, colentur cum forti expressione<lb/>

&amp; de colatura utatur per injectionem</la></ab>

</div>
</root>
