<root>
<page>165r</page>

<image>http://gallica.bnf.fr/ark:/12148/btv1b10500001g/f335.item</image>

<div>

<id>p165r_1</id>

<head>Reparer</head>

<ab>Si en ton gect il survient quelque petit trou racoustre le<lb/>

avecq de la <m>cire gommee a esbaucher</m> qui soit noire ou grise</ab>

</div>

<div>

<id>p165r_2</id>

<head><m>Laque</m></head>

<ab>Si estant broyee tu la laisses seicher sans la tenir en
l<m>eau</m><lb/>

elle dessechera &amp; tu auras aultant de peyne a la broyer
co<exp>mm</exp>e<lb/>

au parava<exp>n</exp>t <del><add>La</add></del></ab>

</div>

<div>

<id>p165r_3</id>

<head>Tendre un portrait en <m>toile</m></head>

<ab>Sil est foule &amp; plisse en le roulant mouille le par<lb/>

derriere avecq une <tl>esponge mouillee</tl> &amp; tu le tendras
fort<lb/>

uny sans le gaster</ab>

</div>

<div>

<id>p165r_4</id>

<head><m>Plastre</m> a mouler</head>

<ab>Quand il est long a fayre prise &amp; seicher cest signe quil
est<lb/>

trop gras &amp; humide qui est ce qui le faict retirer au foeu
&amp;<lb/>

se fendre dou viennent les baves celuy qui se tire en <env>terre<lb/>

maigre</env> est le meilleur Il ne fault pas long temps garder les<lb/>

<tl>moules</tl> de <m>plastre gras</m> car ils semblent la <m>terre
grasse</m> qui en<lb/>

se sechant delles mesmes se fend <add>Le mieulx est de les recuire<lb/>

bien tost apres quilz sont faicts &amp; gecter Le <m>bon plastre</m> se
garde<lb/>

long temps en<lb/> <tl>moules</tl></add></ab>

<ab>

<margin>left-middle</margin>

Il le fault<lb/>

bien <m>huiler</m> car<lb/>

il est plus difficile<lb/>

a se separer les<lb/>

deulx moicties des<lb/>

<tl>moules</tl> que<lb/>

qua<exp>n</exp>d il est<lb/>

mesle</ab>

</div>

<div>

<id>p165r_5</id>

<head><m>Sang de <al>dragon</al></m></head>

<ab>Il se peult imiter avecq la <m>laque</m> qui le surpasse en
beaulte<lb/>

si dicelle destrempee a <m>huile</m> tu en glaces sur l<m>or</m> ou
<m>argent</m><lb/>

Destrempee a <m>vernis</m> elle se meurt</ab>

</div>

<div>

<id>p165r_6</id>

<head>Reparer <al>serpents</al> et <al>lesards</al></head>

<ab>Tu pourrois bien faire des <tl>poincons</tl> selon la forme de<lb/>

leurs escailles &amp; en faire de plus grands &amp; plus petits<lb/>

selon la forme du col du corps &amp; de la queue Sil y ha<lb/>

quelque chose rompu tu le peulx hanter avecq de <tl>petites
<del>pieces</del><lb/>

poinctes de <m>fil de fer ou dacier</m></tl> &amp; <m>coller</m> avecq
<m>colle de <al>poisson</al></m><lb/>

&amp; puys couvrir tout avecq <m>cire</m> grise ou noire Mays il
fault<lb/>

laisser seicher la <m>colle</m> un <ms><tmp>jour</tmp></ms> sans y
toucher</ab>

</div>
</root>
