<root>
<page>037r</page>

<image>http://gallica.bnf.fr/ark:/12148/btv1b10500001g/f79.image</image>

<div>

<id>p037r_1</id>

<head><pro>Fondeur</pro></head>

<ab>Le <m>metal</m> se blanchist tant plus il est refondu pourceque<lb/>

l<m>estaing</m> ne sen va poinct ains se mesle dadvantaige Et le<lb/>

tenant long temps au foeu la <m>crasse</m> se mange qui est ce<lb/>

qui le faict aigre Si tu veulx chasser l<m>estaing</m> davecq le<lb/>

<m>cuivre</m> apres quil est bien chault jecte y souvent du
<m>salpestre</m><lb/>

cela seul &amp; non le foeu le separe &amp; le purifie &amp; mange
la<lb/>

<m>crasse</m> Le <m>metal</m> se gecte bien net Le <m>cuivre</m> est
subgect<lb/>

a soufler Mays pource quil est douls cela se repare avecq<lb/>

le <tl>marteau</tl></ab>

</div>

<div>

<id>p037r_2</id>

<head>Medecine pour l<bp>estomach</bp><lb/>

<add>qui leschaufe et desopile le <bp>foye</bp></add></head>

<ab><del>Ayes</del><lb/>

Ayes de l<m><pa>absinthe</pa> en pouldre</m> dissoubs la en <m>cirop
de<lb/>

<pa>capilli veneris</pa> ou de confitures</m> &amp; en fais oppiatte
duquel<lb/>

tu prendras <ms><tmp>une foys la sepmaine</tmp></ms> dans une <m>ostie
trempee<lb/>

de vin</m> puys tu pourras boire un <ms><bp>doigt</bp></ms> de <m>vin
trempe<lb/>

suffisamment</m> Cela dissipe la pituite &amp; les vents qui<lb/>

en proviennent Tu peulx prendre six <m><ms>grains</ms> de
<pa>poyvre</pa></m> &amp; rapper<lb/>

leur escorce de sorte quilz soient unis &amp; les avaller sans mascher
cela<lb/>

profficte a l<bp>estomac</bp> sans eschaufer le <bp>foye</bp></ab>

</div>

<div>

<id>p037r_3</id>

<head>Foeilles pour <del>le <ill/></del> les <m>pierreries</m></head>

<ab>Estant faictes il ne les fault pas tenir dans aulcune <tl>caisse de
<m>fer</m><lb/>

ne de <m>metal</m></tl> car cela les faict tacher Mays en quelque boicte
de</ab>

</div>

<div>

<id>p037r_4</id>

<head>Pour garder que les chandelles ne<lb/>

degoutent et les fayre blanches</head>

<ab>Les ayant faictes Mects dans le <tl>moule</tl> de l<m>eau
fresche</m> bien<lb/>

battue avecq du <m>son</m> qui ne soict pas du tout repurge de la
<m>farine</m><lb/>

de sorte que l<m>eau</m> soit blanche Et trempe tes chandelles la<lb/>

dedans puys les laisse seicher Et fais ainsy deulx ou trois<lb/>

fois</ab>

</div>
</root>
