<root>
<page>077v</page>

<image>http://gallica.bnf.fr/ark:/12148/btv1b10500001g/f160.image</image>

<div>

<cont/>

<id>p077r_4</id>

<ab>mais quil ne soit pas trop menu puis prandre une <del><ill/></del>
<tl>fiolle<lb/>

de <m>verre</m></tl> moienement grande Et y mectre de ses deux<lb/>

la moictie assavoir deux <ms>onces</ms> &amp; Demye, appres mectz
led<exp>ict</exp><lb/>

<m>vetjoin aussi Grossement pille</m> et le mectz a proffict aveq<lb/>

lad<exp>icte</exp> <m>eau</m> et le laisse reposer <ms>lespace dung
<tmp>Jour</tmp></ms> &amp; demy &amp;<lb/>

puys prens lad<exp>icte</exp> <m>eau</m> &amp; la mectz dedans une
au<exp>ltr</exp>e <tl>fiolle de<lb/>

<m>verre</m></tl> &amp; le destrampe tres bien et sur le reste
dud<exp>ict</exp> <m>betjoin</m><lb/>

qui demeure au fondz de lad<exp>icte</exp> premiere <tl>fiolle</tl>
mectz le reste<lb/>

de l<m>eau</m> sur cedict et faictz devant comme tu verras le<lb/>

cas bien aller et mesle la premiere <m>eau</m> aveq la seconde<lb/>

parquoy dicell<exp>e</exp> tu ten pourras ayder en chose plus<lb/>

noble</ab>

</div>

<div>

<id>p077v_1</id>

<head>Aultre <m>vernys</m> aprouve</head>

<ab>Prens deux <ms>onces</ms> d<m>huille de <pa>lin</pa></m> &amp; deux
<ms>onces</ms> d<m>huille<lb/>

petrolle</m> et deux <ms>onces</ms> de <m>masticq</m> le plus blanc
q<exp>ue</exp><lb/>

pourras trouver et de l<m>alung de glace</m> &amp; le broye et
prendz<lb/>

ung peu de <m>copperoze blanche</m> et mectz toutes ses
<m>drogues</m><lb/>

ensemble en ung <tl>pot de <m>terre</m></tl> q<exp>ui</exp> soit noeuf
et le pose un<lb/>

peu sur les <m>cendres</m> chauldes et tu verras du beau
<m>verny</m></ab>

</div>

<div>

<id>p077v_2</id>

<head>Aultre <m>verny</m></head>

<ab>Prendz de l<m>huille petrolle</m> &amp; de l<m>huille
d<pa>aspic</pa></m> aultant<lb/>

dun q<exp>ue</exp> dau<exp>ltr</exp>e &amp; le mectz ensemble aveq de la
<m>copperoze</m> &amp;<lb/>

le fais fondre sur les <m>cendres</m> chauldes scellon la quenthite<lb/>

q<exp>ue</exp> tu en vouldras faire, pour coucher ce <m>verny</m> fais
trois<lb/>

couches sur la besogne q<exp>ue</exp> tu vouldras vernir</ab>

</div>

<div>

<id>p077v_3</id>

<head>Aultre <m>verny</m></head>

<ab>Prens une <ms>once</ms> d<m>huille d<pa>aspic</pa></m> &amp; du
<m>sang <del>de
ra<del>i</del><add>y</add>e</del><comment>c_077v_01</comment> <add>da
Rac</add></m><comment>c_077v_02</comment> &amp; fais

</ab>

<cont/>

</div>
</root>
