<root>
<page>064v</page>

<image>http://gallica.bnf.fr/ark:/12148/btv1b10500001g/f134.image</image>

<div>

<id>p064v_1</id>

<head>Aprentissaige du <pro>paintre</pro></head>

<ab>On luy donne premierem<exp>ent</exp> a faire un <m>oeuf</m> dans
lequel on luy<lb/>

faict faire un demy visaige puys entier avecq les oreilles<lb/>

apres le col puys les partyes du corps separem<exp>ent</exp> apres<lb/>

joinctes puys une figure puys deulx &amp; troys En fin une<lb/>

histoire luy aprenant a tenir le <m>charbon</m> par la pointe<lb/>

&amp; le <tl>pinceau</tl> aussy Co<exp>mm</exp>e il scait portraire on
luy aprend<lb/>

a <del>p</del>coucher de couleurs</ab>

</div>

<div>

<id>p064v_2</id>

<ab>On luy propose aussy ces traicts &amp;<lb/>

lignes</ab>

<ab><del>C</del> <add>L</add>a figure de l<m>œuf</m> pour visaiges
<add>et<comment>c_064v_02</comment> pour les corps plies</add> est le
principal<lb/>

patron <del>&amp; la croix</del> co<exp>mm</exp>e la croix est le
modelle du plant<lb/>

droict &amp; entier Sans ces traicts tu ne feras jamays bien</ab>

<figure>

<id>fig_p064v_1</id>

<link>https://drive.google.com/open?id=0B9-oNrvWdlO5NmZDTmZwc1Jqb2M</link>

</figure>

</div>

<div>

<id>p064v_3</id>

<head>Adoulcir</head>

<ab>Pour bien adoulcir il ne fault pas coucher les couleurs
espesses<lb/>

Ains plustost les coucher a deulx fois Si ce nest l<m>azur
desmail</m></ab>

<ab>

<margin>left-middle</margin>

Toutes couleurs qui nont point de corps<lb/>

a <m>huile</m> nen ont point a <m>destrempe</m> <del>Et</del><lb/>

ains a <m>destrempe</m> vont a fonds Les<lb/>

couleurs a <m>destrempe</m> veulent estre grasses<lb/>

ce qui se cognoist quand elles prenent<lb/>

a la <tl>pallete</tl><lb/>

esta<exp>n</exp>t destrempees<lb/>

a <m>huile</m></ab>

</div>

<div>

<id>p064v_4</id>

<head>Lignes droictes</head>

<ab>Tu te peulx servir de la <tl>reigle</tl> mays non pas la
coucher<lb/>

a plat sur le tableau Mays co<exp>mm</exp>e enlevee &amp; apuye sur
les<lb/>

bouts du tableau Aultrem<exp>ent</exp> tu brouillerois tout &amp; ne
verrois<lb/>

pas bien aussy le traict</ab>

</div>

<div>

<id>p064v_5</id>

<head><m>Destrempe</m></head>

<ab>Il fault que les couleurs a <m>destrempe</m> soient
<add>tenues</add><comment>c_064v_03</comment> plus obscures
<del>pr</del><lb/>

ainsy que tu les destrempent<comment>c_064v_04</comment>
<add>pourceque<comment>c_064v_05</comment> elles blanchissent en
seichant</add> Mays les couleurs a <m>huile</m> demeurent<lb/>

en mesme couleur</ab>

</div>
</root>
