<root>
<page>009v</page>

<image>http://gallica.bnf.fr/ark:/12148/btv1b10500001g/f24.image</image>

<div>

<id>p009v_1</id>

<head><pro>Painctre</pro></head>

<ab>Ils font parfondre l<m>orpiment</m> dans une <tl>bouteille de
<m>verre</m></tl><lb/>

sur les <m>cendres</m> bien chauldes Mays il seroict bien plus
propre<lb/>

de sublimer l<m>orpiment</m> dans un <tl>mattelas</tl> a long col
co<exp>mm</exp>e pour<lb/>

faire des <m>grenats</m> L<m>orpiment</m> ainsy se rougist comme
<m>esmail<lb/>

rouge</m> &amp; le fault broyer premierem<exp>ent</exp> a destrempe a
cause questa<exp>n</exp>t<lb/>

parfondu il est fort brusc &amp; difficille a broyer Apres on<lb/>

le peult esta<exp>n</exp>t sec <del>br</del> delayer a <m>huile</m>
&amp; il fera un jaulne<lb/>

couvert &amp; hault en couleur Or pour garder l<m>orpiment</m> de<lb/>

mourir avecq les aultres couleurs &amp; le rendre compatible<lb/>

avecq icelles &amp; le faire seicher promptem<exp>ent</exp> cest un
secret<lb/>

tenu fort rare de calciner du <m>sel commun</m> &amp; le broyer<lb/>

parmy Le <m>vert de terre</m> ne semploye poinct a <m>huile</m></ab>

</div>

<div>

<id>p009v_2</id>

<head>@<pro>Marchant</pro></head>

<ab>Le Raiglement que les <pro>Marchans</pro> ont accoustumé<lb/>

tenir en leurs livres Scavoir le livre Brouillart<lb/>

livre de vantes Et le livre Maige aultrement<lb/>

appelle le livre de Raisons</ab>

</div>

<div>

<id>p009v_3</id>

<head>Brouillart</head>

<ab>Et premierement <pn>francois du Cros</pn> doibt du
<tmp>11<superscript>e</superscript> de<lb/>

Septembre 1581</tmp> / po<exp>ur</exp> 1 <ms>cane</ms> <m>toille
babtiste</m> a 8 <ms><cn>livres</cn><lb/>

Canne</ms> Jedis <figure>--</figure> 8 <ms><cn>t.</cn></ms></ab>

<ab>

<margin>left-middle</margin>

<oc>Mudat</oc> au livre<lb/>

de vantes a c.<lb/>

25 /</ab>

<ab><pn>Francois du Cros</pn> doibt du
<tmp>11<superscript>e</superscript> de septembre 1581</tmp> / pour<lb/>

1 <ms>Canne</ms> <m>toille babtiste</m> a 8 <ms><cn>livres</cn>
Canne</ms> Ainsy que appert<lb/>

au brouillart a c. 25 /</ab>

<ab>

<margin>left-middle</margin>

<oc>Mudat</oc> au livre<lb/>

de raisons a c.<lb/>

55 /</ab>

<ab><pn>Francois du Cros</pn> doibt du
<tmp>11<superscript>e</superscript> de septembre 1581</tmp> / pour<lb/>

marchandise que luy mesmes a prise expeciffiée par le<lb/>

menu au livre de vantes n° 7 / a c. 55 / La somme de 8
<ms><cn>livres</cn></ms> / <lb/>

delaquelle led<exp>ict</exp> <pn>du Cros</pn> en a faict Cedulle le dict
<tmp>Jour</tmp> a<lb/>

payer a la <tmp>feste de la <pn>s<exp>ainc</exp>t andre</pn></tmp>
prochainne parce dis <figure>--</figure> 8 <ms><cn>lb t.</cn></ms></ab>

</div>
</root>
