<root>
<page>027r</page>

<image>http://gallica.bnf.fr/ark:/12148/btv1b10500001g/f59.image</image>

<div>

<cont/>

<id>p026r_1</id>

<figure>

<id>fig_p027r_1</id>

<link>https://drive.google.com/open?id=0B9-oNrvWdlO5S3loampQRU55UjQ</link>

<caption>Balle de bastarde</caption>

</figure>

<div>

<figure>

<id>fig_p027r_2</id>

<link>https://drive.google.com/open?id=0B9-oNrvWdlO5cE1VQlVlV2ZWakE</link>

<caption>Balle de moyene</caption>

</figure>

<figure>

<id>fig_p027r_3</id>

<margin>right-middle</margin>

<link>https://drive.google.com/open?id=0B9-oNrvWdlO5M2Ftb2g0bG1FQ3c</link>

<caption>Piece de ca<exp>m</exp>pagne</caption>

</figure>

</div>

<cont/>

</div>
</root>
