<root>
<page>052v</page>

<image>http://gallica.bnf.fr/ark:/12148/btv1b9059316c/f110.item</image>

<div>

<cont/>

<id>p052r_1</id>

<ab>ou pour le plus seur retire toy hors de la jusques a ce<lb/>

que le foeu soit amorty &amp; que tout soict refroidy <del>Ap</del>
Car<lb/>

<md>lexhalation en seroit dangereuse</md> Et pour ceste occasion<lb/>

quand tu lapastes avecq des <tl>pincettes</tl> <del>b</del>lave toy la
<bp>bouche</bp><lb/>

de <m>bon vinaigre</m> &amp; prens quelque preservatif &amp; te bouche
bien<lb/>

Estant mort mects le dans un <m>linge</m> ou canevas de <m>soye</m>
&amp; le<lb/>

plye &amp; le pends <env>au planche ou lair
<del><add>ou</add></del>&amp; le soleil le deseche</env><lb/>

Estant bien sec pulverise le dans un <tl>mortier</tl> Et garde bien<lb/>

curieusem<exp>ent</exp> ceste pouldre Car un <ms>℥</ms> dicelle gectee
sur iii <ms>lb</ms> de <m>♁<lb/>

fondu</m> le reduit en <m>☉ plus fin que laultre</m> Mays il na pas<lb/>

tant de poix Il fault aussy pour cet œuvre choisir le<lb/>

<m>plus vieux ♁</m> que tu pourras qui souvent aye este fondu &amp;<lb/>

subtillem<exp>ent</exp> battu en lamines ou aultres ouvrages &amp;
plustost<lb/>

le purifier le fondant &amp; gectant dans <m>miel</m> &amp;
<m>vinaigre</m><lb/>

Le terme de loeuvre est de noeuf <tmp>moys</tmp> <tmp>despuys la
<pn>s<exp>ainc</exp>t Jehan</pn><lb/>

jusques au 25 dapvril</tmp></ab></div>

<div>

<id>p052v_1</id>

<head><pa>Lin</pa></head>

<ab>Qui le veult avoyr beau &amp; <del>p</del> fort delie il le fault
cueillir<lb/>

plustost que la <del>f<ill/>d</del> grene soict parfaictement meure Car
si on attent<lb/>

que la grene soict parfaictem<exp>ent</exp> meure le pied est si deseche
du soleil<lb/>

quil est brusc &amp; rompant Il est vray quen ceste sorte la graine<lb/>

se dechoit du tiers</ab>

</div>

<div>

<id>p052v_2</id>

<head>Couleurs</head>

<ab>Si tu les veulx garder a <m>gomme</m> belles et quelles ne
perdent<lb/>

poinct de leur naifve couleur Mects du <m>vin blanc</m> le plus
blanc<lb/>
&amp; cler que tu pourras dans une <tl>bouteille</tl> avecq un peu de
<m>gomme<lb/>

dragant</m> Et ayant <tl>bouche</tl> la <tl>bouteille</tl> brouille
&amp; debats cela bien<lb/>

fort ensemble &amp; laisse reposer jusques a ce que la <m>dragant</m>
soit<lb/>

dissoubte Mects y aussy un peu de <m>sel blanc</m> menu pour
esclarcir<lb/>

le tout Aulcuns meslent de l<m>eau claire</m> avecq le <m>vin blanc</m>
Et<lb/>

avecq ceste composition ilz destrempent les couleurs sans broyer Et<lb/>

elles se monstrent fort belles en œuvre <pro>denlumineure</pro></ab>

</div>
</root>
