<root>
<page>071r</page>

<image>http://gallica.bnf.fr/ark:/12148/btv1b10500001g/f147.image</image>

<div>

<id>p071r_1</id>

<head><m>Ambre</m></head>

<ab>Il se ramollist co<exp>mm</exp>e <m>paste</m> estant bouilly en
<m>cire</m> fondue<lb/>

Et prend couleur bouilly avecq <del>ceru</del> <m>graise de jeune
<al>chevreau</al></m><lb/>

car celle du <al>bouc</al> le feroit rompre principallem<exp>ent</exp>
sil est glace</ab>

</div>

<div>

<id>p071r_2</id>

<head><m>Bois madre</m></head>

<ab>L<m><pa>orme</pa></m> en sa racine noueuse a de belles madreures
diversifiees de<lb/>

gris et de noir Et la <m>racine d<pa>herable</pa></m> Mays il fault bien
choisir<lb/>

le fil du <m>bois</m> On donne a l<m><pa>herable</pa></m> certaine
couleur jaulne puys<lb/>

on le vernist</ab>

</div>

<div>

<id>p071r_3</id>

<head><m>Vin</m> brusle et sucre</head>

<ab>Les <pl>anglois</pl> se sentant morfondus font brusler du <m>vin</m>
en ceste<lb/>

sorte Il le font chaufer dans un <del>grand</del> <tl>pot
d<m>estain</m></tl> jusques<lb/>

a ce quil bouille Et comme il leve un bouillon ilz <del>le tirent
du</del> lallument<lb/>

avecq du <tl><m>papier enflamme</m></tl> <ms>pour scavoir sil est asses
chault</ms><lb/>

Apres pour lenflammer du tout Ils le versent dun <tl>vaisseau</tl><lb/>

dans un aultre co<exp>mm</exp>e qui vouldroit battre de l<m>eau
panee</m> Et co<exp>mm</exp>e<lb/>

ilz font cela Quelque aultre avecq un <tl><m>papier enflamme</m></tl>
allume<lb/>

ce qui tumbe dun <tl>vaisseau</tl> a aultre de sorte que tu dirois<lb/>

que tu verses du foeu Co<exp>mm</exp>e le <m>vin</m> est asses brusle
fais le encores<lb/>

un peu chaufer y adjoustant quelques <m>cloux de <pa>girofle</pa></m>
&amp; <ms>suffisa<exp>n</exp>te<lb/>

quantite</ms> de <m>sucre</m> Et <del>boi</del> en boivent le plus
chault quilz peuvent<lb/>

pour se gaigner un morfondiment</ab>

<ab>

<margin>left-middle</margin>

Les vulgaires<lb/>

<pl>anglois</pl> mectent<lb/>

du <m>sucre</m> dans le<lb/>

<m>vin</m> pour se<lb/>

representer le<lb/>

<m>vin douls nouveau</m><lb/>

quilz ne peuvent<lb/>

avoyr pourceque<lb/>

par le <tmp>long traict<lb/>

de la mer</tmp> le <m>vin</m><lb/>

a perdu sa<lb/>

doulceur et est<lb/>

clarifie plustost<lb/>

quil ne soit en<lb/>

leur pays

</ab>

</div>

<div>

<id>p071r_4</id>

<head><al>Chevaulx</al> las</head>

<ab>Pour fortifier un <al>cheval</al> harasse il luy font boire du
<m>vin</m><lb/>

susdict par une <tl>corne</tl> Et il se trouve dispose pour faire
encore<lb/>

plus grande courvee</ab>

</div>

<div>

<id>p071r_5</id>

<head><m>Eau de vye</m></head>

<ab>Les <pl>Irois</pl> ne boivent gueres de <m>vin</m> pource quilz le
convertissent<lb/>

en <m>eau de vye</m> de laquelle ilz usent presque aussy
familiairem<exp>ent</exp> que nous<lb/>

usons du <m>vin</m></ab>

</div>
</root>
