<root>
<page>129r</page>

<image>http://gallica.bnf.fr/ark:/12148/btv1b10500001g/f263.item.r=</image>

<div>

<id>p129r_1</id>

<head>Paindre herbes de <m>metal</m></head>

<ab>Si tu as haste il sera mieulx que tu destrempes tes couleurs<lb/>

a <m>gomme</m> point trop espesse <del>ou</del> car l<m>huile</m> est
<tmp>long</tmp> a seicher<lb/>

et coule sil est couche cler co<exp>mm</exp>e les herbes requierent Et
si tu<lb/>

veulx encores avoir promptem<exp>ent</exp> <add>faict</add> destrempe ta
couleur avecq de<lb/>

la <m>glaire</m> battue avecq de la <m>pelure de <pa>figuier</pa></m> et
bien tost<lb/>

ton ouvraige sera sec Mays couche cler</ab>

</div>

<div>

<id>p129r_2</id>

<head>Pour <pa>santonique</pa></head>

<ab>Ce blanc blafart de ceste herbe se faict de <m>vert de
terre</m><lb/>

de <m>blanc de plomb</m> ou <m>ceruse</m> dun peu de <m>massicot</m> et
<m>scudegrun</m><lb/>

et de <m>cendre dazur</m> Mesle &amp; compose ta couleur selon une<lb/>

branche naturelle que tu auras</ab>

</div>

<div>

<id>p129r_3</id>

<head>Couleur de <al>vipere</al></head>

<ab>Cest le plus beau <al>serpent</al> qui se puisse mouler a cause quil
ha<lb/>

fort belles escailles &amp; rudes &amp; transparentes Sa couleur
naifve<lb/>

se faict avecq de bon <m>verdegris</m> fort broye avecq de <m>bon<lb/>

vinaigre</m> sil est de <m>plomb</m> ou d<m>estain</m> Et sil est en
quelque<lb/>

endroit plus obscur parfume ceste premiere couleur de <m>soufre</m><lb/>

co<exp>mm</exp>e tu scais Et sil fault esclarcir et blanchir
co<exp>mm</exp>e soubs<lb/>

la gorge frotte dun <tl><m>linge rude</m></tl> <add>Le masle gecte par
sa nature<lb/>

qui est au fondement quand il est fort presse une petite masse
co<exp>mm</exp>e une<lb/>

<ms>demy balle dharquebus</ms> faicte en genitoires et toute<lb/>

plaine de aiguillons fort veneneulx</add></ab>

<ab>

<margin>left-middle</margin>

<figure>+</figure>

Mects un peu de<lb/>

<m>metalline</m> dans<lb/>

Don @ <m>estein</m> &amp; ton<lb/>

<al>lesard</al> semblera<lb/>

d<m>argent</m></ab>

</div>

<div>

<id>p129r_4</id>

<head><pa>Roses</pa> moulees</head>

<ab>Elles sont malaisees a mouler a cause que les foeuilles sont
fort<lb/>

subtiles &amp; foibles &amp; doubles Mays pour <del>obl</del> obvier a
cela<lb/>

il les fault oindre d<m>huile de <pa>froment</pa></m> qui est fort
desicatif<lb/>

et estant bien tost sec il affermist &amp; roidist les foeuilles pour
les<lb/>

pouvoir distinguer &amp; soustenir le sable destrempe Le mesme se<lb/>

faict aulx <al>mouches</al> aulx <pa>pensees</pa> &amp; semblables
choses delicates<lb/>

aulx fleurs de <pa>caprier</pa></ab>

</div>
</root>
