<root>
<page>096r</page>

<image>http://gallica.bnf.fr/ark:/12148/btv1b10500001g/f197.image</image>

<div>

<cont/>

<id>p094r_1</id>

<ab><tl>plane ronde manchee aussy a deulx manches</tl> puys avecq<lb/>

une <tl>petite plane estroicte</tl> on la cave &amp; recure <ms>demy
<bp>pied</bp></ms> vers<lb/>

le bout du talan Et le plus court est le meilleur sans ce<lb/>

recurem<exp>ent</exp> lespee couperoit tousjours le fourreau</ab>

<ab>Lentree du fourreau sapelle lembouscheure &amp; dessus est<lb/>

la forme du costeau</ab>

<ab>Larrest qui est un bort de <m>cuir</m> esleve sur le bord de la<lb/>

forme du costeau se faict pour arrester les pendants</ab>

<ab>Quand les estelles sont bien aplanies on couche lespee<lb/>

dessus &amp; avecq de la <tl><m>pierre noire</m></tl> on marque la
largeur<lb/>

de la lame &amp; la longeur &amp; puys avecq un <tl>ciseau</tl> on
coppe<lb/>

le superflu Et on y passe un <tl>ribot</tl> pour bien unir selon la<lb/>

marque</ab>

<ab>Apres on colle les deulx estoilles bort contre bort <add>et tout
aultour</add> seulem<exp>ent</exp> aulta<exp>n</exp>t<lb/>

que dure la forme du costeau &amp; non ailleurs Et cest pour faire<lb/>

tenir le <m>cuir</m> ou <m>velours</m> du fourreau</ab>

<ab>Puys on mect lespee dans les estelles Et tout ainsy ilz<lb/>

lenchassent dans le fourreau qui est tout cousu Et frottent<lb/>

ce qui est <m>colle</m> a droit la forme du costeau avec du
<m>suif</m><lb/>

pour le faire couler dans le fourreau</ab>

<ab>Le fourreau se faict de <m>cuir de <al>veau</al> ou de
<al>mouton</al></m> tout dune<lb/>

piece celles de <al>veau</al> Mays celles de <al>mouton</al> nenny ains
quand<lb/>

les espees sont longues on les faict de pieces qui se cousent<lb/>

entre <m>cuir</m> &amp; <m>chair</m> &amp; puys frottent fort la
cousture avecq un<lb/>

<tl>loppin de <m><pa>buys</pa></m></tl> pour la couvrir &amp; unir Dune
<m>belle peau de <al>veau</al></m><lb/>

il se tire viii ou noeuf ou x fourreaulx<comment>c_096r_01</comment> Un
<pro>ouvrier</pro> en peult<lb/>

aysement faire vi <ms>par <tmp>jour</tmp></ms> Silz sont trop espes on
les pare<lb/>

un peu avecq la <tl>plane</tl> Et si la <m>peau</m> est dure on la
trempe<lb/>

dans de l<m>eau tiede legerem<exp>ent</exp></m> Et on ne luy laisse
gueres Apres<lb/>

<pro>celuy mesme qui ha faict le <m>boys</m></pro> doibt adapter le
fourreau pour<lb/>

estre bien faict Il est vray que pour <pro>communes gens</pro> on en
tient<lb/>

bien de touts faicts Mays ils ne se portent jamays si bien<lb/>

@Quand le fourreau est faict &amp; cousu de <m>filet noir</m> on le
frotte avecq<lb/>

un <tl><m>bois de <pa>buy</pa></m></tl> ou avec un <tl>linge</tl> layant
un peu induict d<m>huile</m><lb/>

Le fourreau de bonne <al>vache</al> est meilleur que tous et couste plus
aussy<lb/>

excepte le <m>velours</m> Sous le <m>velours</m> on mect
communem<exp>ent</exp> une <m>simple toile</m><lb/>

ou un fourreau de <al>mouton</al> ou une couverture de <m>parchemin</m>
Mays<lb/>

le meilleur fourreau de tous est un fourreau <m>encire</m> soict de
<m>velours</m><lb/>

ou de <al>veau</al> Cest quon couvre le <m>boys</m> dune <m>toile
deliee</m> laquelle apres<lb/>

on <m>cire</m> puys on la couvre de <m>velours</m> ou de <al>veau</al>
Un fourreau <m>encire</m><lb/>

vault bien xxx <ms><cn>s<exp>ols</exp></cn></ms> un de <al>vache</al> xx
<ms><cn>s<exp>ols</exp></cn></ms></ab>

<ab>

<margin>left-bottom</margin>

<add>dune <m>peau de<lb/>

<al>mouton</al></m> v ou vi</add>

</ab>

</div>
</root>
