<root>
<page>154v</page>

<image>http://gallica.bnf.fr/ark:/12148/btv1b10500001g/f314.image</image>

<div>

<id>p154v_1</id>

<head><m>Letton</m></head>

<ab>Il est fort fantasque a gecter Il veult estre<lb/>

gecte fort chault Et pour mieulx en venir a bout<lb/>

gecte dessus du <m>sel armoniac</m> pour lesclarcir Allie<lb/>

le aussy dun peu de <m>cuivre rouge</m> Et co<exp>mm</exp>e tu
vouldras<lb/>

gecter un peu d<m>estain</m> pour le faire mieulx courre<lb/>

Il laisse tousjours une queue co<exp>mm</exp>e de <m>verre
fondu</m><lb/>

Il ne demande pas si long gect que les aultres</ab>

</div>

<div>

<id>p154v_2</id>

<head>Mouler</head>

<ab>Il nest que bon quil soict un peu amorty par dehors<lb/>

&amp; soict neantmoins rouge par dedans Car quand<lb/>

il sort du foeu lair &amp; vehemente exhalation de<lb/>

foeu ne recoit pas si bien le gect</ab>

</div>

<div>

<id>p154v_3</id>

<head>Gect <add>d<m>argent</m></add></head> @

<ab>L<m>argent</m> veult bien le gect longuet A l<m>or</m> nimporte<lb/>
@

<add>L<m>argent</m> en soubdant endure l<m>eau</m> quon gecte dessus
Mays l<m>or</m> saulteroit<lb/>

&amp; <del>veult que</del> a ceste cause on jecte de <del>la
<m>soubdure</m></del> <m>son</m> sur la <m>soubdure</m></add></ab>

<ab><margin>left-middle</margin>

Laisse bien refroidir le<lb/>

<tl>moule</tl> apres le gect plustost<lb/>

que louvrir</ab>

</div>

<div>

<id>p154v_4</id>

<head>Renforcer les fleurs et<lb/>

choses delicates</head>

<ab>Pour fleurs <corr><del>&amp;</del></corr> <del>choses
delicates</del> &amp; herbages on nuse<lb/>

poinct d<m>huile de <pa>froment</pa></m> Ains de <m>beurre fondu</m>
duquel<lb/>

on donne une couche <add><figure>#</figure></add> legere au derriere des
foeuilles de<lb/>

fleur de <pa>roses</pa> &amp; de la <pa>pensee</pa> &amp; aultres fleurs
qui en<lb/>

ont besoing Mais on renforce les <del>f</del> petits pieds de
<al>mouche</al><lb/>

&amp; daultres petits animales d<m>huile de <pa>froment</pa></m> pour
les<lb/>

fortifier &amp; faire soubstenir</ab>

<ab>

<margin>left-middle</margin>

avecq un <tl>petit pinceau</tl>

</ab>

</div>

<div>

<id>p154v_5</id>

<head><pa>fraises</pa></head>

<ab>Les foeuiles se moulent a part &amp; puys se raportent<lb/>

avecq <m>souldure</m> Et pourceque les fruict des
<pa>fraisiers</pa><lb/>

se gecte massif &amp; que par ce moyen il est poisant et que<lb/>

la queue d<m>estain</m> qui est deliee ne les pourroit pas<lb/>

soubstenir sans se rompre bien tost on faict les queues<lb/>

de <m>fil de letton</m> &amp; puys on les <m>soulde</m> &amp;
raporte</ab>

</div>
</root>
