<root>
<page>048r</page>

<image>http://gallica.bnf.fr/ark:/12148/btv1b10500001g/f101.image</image>

<div>
<id>p048r_1</id>
<head><pro>Fondeur</pro></head>

<ab>La chaulde<lb/></ab>

<figure>

<id>fig_p048r_1</id>

<link>https://drive.google.com/open?id=0B9-oNrvWdlO5YXhXTUJpMk44eTQ</link>

</figure>

<ab>Pour un <tl>four</tl> a fondre grande quantite de <m>metal</m></ab>

</div>

<div>
<id>p048r_2</id>
<head>Guerir les <al>chiens</al> de la<lb/>

galle</head>

<ab>Donne leur une <m>pilulle de præcipite</m> scavoir iii ou 4 ou
jusques<lb/>

a cinq <ms>grains</ms> mesle parmy leur <m>viande</m> Et leur en
ayant<lb/>

donne une une <ms><tmp>sepmaine</tmp></ms> Donne leur en un aultre sept
ou huict<lb/>

<ms><tmp>jours</tmp></ms> apres</ab>
</div>

<div>
<id>p048r_3</id>
<head><m>Excellente <pa>moustarde</pa></m></head>

<ab>Fais seicher du <m>pain</m> au <tl>four</tl> puys le <m>larde de
<pa>girofle</pa></m> &amp; <m><pa>Canelle</pa></m><lb/>

&amp; ainsy mects le tremper dans de <m>bon vin</m> Puys passe tout<lb/>

par l<tl><m>estamine</m></tl> estant bien pile &amp; lincorpore avecq ta
<m>graine<lb/>

de <pa>moustarde</pa></m></ab>

</div>

<div>
<id>p048r_4</id>
<head>Garder <al>oiseaulx</al> et<lb/>

animaulx</head>

<ab><del>Escorche les</del><lb/>

Prens la mesure de leur corps qui est charnu &amp; le plus<lb/>

subgect a putrefaction avecq de la <tl><m>toille</m></tl> que tu
coupperas<lb/>

de leur grandeur &amp; grosseur et layant <del>cou</del> remplye de
<m>cotton</m><lb/>

&amp; cousue Escorche les <del><al>oiseaulx</al></del> Laissant
neantmoings la teste<lb/>

le col les aisles &amp; les pieds aulx <al>oiseaulx</al> &amp; la teste
les cuisses<lb/>

&amp; pieds &amp; queue aulx animaulx a cause que facillem<exp>ent</exp>
cela se<lb/>

deseiche puys adapte ceste <m>peau</m> sur l<del>a</del>e <del>to</del>
<tl>moule faict de<lb/>

<m>toile</m></tl> Les petits se sechent au <tl>four</tl> ou acoustrent
avecq <m>sel<lb/>

armoniac</m> &amp; <m><ill/></m></ab>

</div>
</root>
