<root>
<page>067v</page>

<image>http://gallica.bnf.fr/ark:/12148/btv1b10500001g/f140.image</image>

<div>
<id>p067v_1</id>
<head><tl>Limes</tl></head>

<ab>Si elles ne sont trempees a pacquet cest en la facon<lb/>

descripte avecq <m>suye</m> <m>sel</m> &amp; <m>vinaigre</m> elles ne
sont pas<lb/>

bonnes Les <del>quarres</del> grosses <tl>limes quarrees</tl> de quoy
les<lb/>

<pro>sarruriers</pro> esbauchent leur besoigne ne sont que de
<m>fer<lb/>

doulx</m> Mays les <tl>limes doulces</tl> doibvent estre
d<m>acier</m><lb/>

Les <pro>fondeurs</pro> qui travaillent a reparer <m>letton</m> &amp;
<m>cuivre</m><lb/>

doibvent avoyr leurs <tl>limes</tl> <del>d</del> rudes aultrement
elles<lb/>

se chargeroient du <m>cuivre</m> qui les uniroict &amp; rendroit
bien<lb/>

tost inutilles Le <m>laicton</m> qui est plus aigre recoit les<lb/>

<tl>limes</tl> plus doulces que le <m>cuivre</m></ab>

</div>

<div>
<id>p067v_2</id>
<head><m>Os de pied de <al>beuf</al> pour<lb/>

sable</m></head>

<ab>Estants bien brusles par deulx fois &amp; pulverises ilz<lb/>

moulent fort net en sable &amp; ne veulent poinct estre recuits<lb/>

Ains seulem<exp>ent</exp> eschaufes avecq la flamme de la
<m>paille</m><lb/>

Mays si tu en moules en noyau donnes en la premiere<lb/>

couche simple &amp; fort deliee avecq le <tl>pinceau</tl> &amp;
laisse<lb/>

seicher bien a laise Apres fortifie les couches<lb/>

suivantes de <m>bourre</m> meslee avecq ledict <m>sable dos</m>
destrempe</ab>

<ab>
<margin>left-middle</margin>

Cest le sable le<lb/>

plus net qui se<lb/>

puisse trouver pour<lb/>

le <m>cuyvre</m></ab>

</div>

<div>
<id>p067v_3</id>
<head><m>Huiles dessence</m></head>

<ab>L<m>huile <add>de<comment>c_67v_01</comment> <pa>noix</pa></add></m>
meslee avecq aultant de <m>tormentine</m> &amp; distillee<lb/>

par l<tl>alembic</tl> rend une essence plus blanche que l<m>eau<lb/>

commune</m> Mays elle nha poinct de corps &amp; ne donne point<lb/>

de liaison aulx couleurs qui semboivent incontinent et puys<lb/>

laissent la couleur sans prise et seffacant Elles
semboiva<exp>n</exp>t<lb/>

de ceste sorte ne donneroient pas loisir de travailler et adoulcir<lb/>

non plus qua <m>destrempe</m> Mays tu racoustres ce deffault<lb/>

luy donnant un peu de corps avecq de la <m>tormentine</m> non pas<lb/>

du tout si espes que pour vernir Et ainsy tu pourras<lb/>

travail <m>dazur desmail</m> &amp; feras un parfaict <m>blanc de
plomb</m><lb/>

Le <m>vernis de tourmentine</m> faict avecq de ceste <m>huile</m>
est<lb/>

sec dans une <ms><tmp>heure</tmp></ms></ab>

</div>
</root>
