<root>
<page>048v</page>

<image>http://gallica.bnf.fr/ark:/12148/btv1b10500001g/f102.image</image>

<div>
<id>p048v_1</id>
<head>Extraction de <m>regulus</m></head>

<ab>R<exp>ecipe</exp> une <ms>lb</ms> d<m>antimoyne</m> <ms>demy lb</ms>
<m>savon noer</m> et <ms>demy lb</ms><lb/>

de <m>tartre de <pl>montpellier</pl></m> Le tout pulverise fault
faire<lb/>

bouillir dans un <tl>pot de terre verny</tl> a grand foeu en
remua<exp>n</exp>t<lb/>

le tout souvent avecq une <tl>broche de <m>boys</m> ou de
<m>fer</m></tl> &amp; ledict<lb/>

<m>savon</m> se consumera et bruslera Et le restant demeurera
co<exp>mm</exp>e rouge<lb/>

Et fauldra que cella se diminue pour un <ms>tiers</ms> Puys fault<lb/>

gecter cella sur le <tl>carreau</tl> Et sera noirastre Ce quil
fauldra<lb/>

par quattre ou cinq foys fondre et verser sur le <tl>quarreau<lb/>

en platte</tl> Et lors aures le <m>regulus</m> tire de
l<m>antimoine</m></ab>

<ab>Aultres pulverisent l<m>antimoine</m> &amp; le meslent avecq
<m>salpestre</m><lb/>

&amp; <m>tartre pulverise</m> <ms>aultant dun que daultre</ms> &amp;
ayant faict rougir<lb/>

un <tl>pot</tl> ou <tl>crusol</tl> en mectent un peu a chasque fois
&amp; <del>se</del> tournent<lb/>

le <bp>dos</bp> de peur de la fumee Et continuent ainsy jusques a ce
que<lb/>

tout y soict mis Et fortifient le foeu jusques a ce que tout soit<lb/>

bien fondu &amp; le refondent plusieurs foys</ab>

</div>

<div>
<id>p048v_2</id>
<head><m>Plomb</m> <m>Estaim</m></head>

<ab>Ilz sesgrissent estant souvent ou long temps remis a fondre<lb/>

et sespessissent et se bruslent De sorte que mesmes quand on<lb/>

font un saulmon l<m>estaim</m> sespessit au fonds si en gectant on
ne<lb/>

le remue souvent Il est mieulx pour gecter de fondre peu de<lb/>

<m>plomb</m> <del>&amp; le</del> ou d<m>estaim</m> &amp; le
<del>remuer</del> renouveller a chasque fonte<lb/>

L<m>antimoyne</m> les rend frangibles L<m>estain de glace</m> les<lb/>

blanchist <del>On</del> Les <pro>pintiers</pro> mectent <del>sur
l<m>estaim fin</m></del> une <ms>lb</ms> d<m>estaim<lb/>

de glace</m> sur un <ms>quintal</ms> d<m>estain fin</m> &amp; deulx
<ms>lb</ms> &amp; demye ou<lb/>

trois <ms>lb</ms> de <m>cuivre rouge &amp; doulx de chauldron</m> Qui
est<lb/>

meilleur que le <m>letton</m> Il y a <m>estaim fin &amp; doulx</m> &amp;
<m>estaim<lb/>

aigre</m> Laigre se gecte en <tl>grille</tl> par les <pro>pintiers</pro>
pour<lb/>

mieulx le vendre <del>O</del> Ilz viennent mieulx &amp; plus net en
<tl>moules<lb/>

de <m>pierre</m></tl> quen <tl>moule de <m>cuivre</m></tl> pourceque le
<m>cuivre</m> est gras<lb/>

&amp; attire sinon quon chaufe fort le <tl>molle</tl> On quon gecte<lb/>

grand ouvraige Trois <ms>quarts</ms> de <m>plomb</m> sur une <ms>lb</ms>
d<m>estaim<lb/>

doulx</m> faict une ligne fort liquide &amp; propre au gect &amp; qui
ha<lb/>

lustre comme mirouer L<m>axunge de verre</m> les esclarcist<lb/>

Et toutes choses qui esclarcissent fort les <m>metaulx</m> &amp; leur
oste<lb/>

lespesseur &amp; nature dense &amp; les rend <del>comme</del> liquides
comme <m>eau</m><lb/>

les rend propres au gect Car cest lespesseur qui les garde de<lb/>

courre L<m>estaim doulx</m> est plus uny <del>com</del> que
l<m>aigre</m> qui est plus<lb/>

blanc et semble estre bruny co<exp>mm</exp>e un mirouer.</ab>

<ab>
<margin>left-middle</margin>
Pour<comment>c_048v_01</comment> bien allier l<m>estain</m> &amp; le
<m>plomb</m> Il en fault fondre un tout seul<lb/>

Et puys y mesler laultre a petits lopins a chasque foys et le<lb/>

gecter souvent sur le <tl><m>mabre</m></tl> ou <tl><m>quarreau</m></tl>
Et lors que tu le verras<lb/>

venir bien uny <del>co<exp>mm</exp>e</del> &amp; luisant
co<exp>mm</exp>e sil estoit bruny il est bien Car<lb/>

quelque foys il vient tache pour trop de <m>plomb</m> &amp; quelque foys
pour<lb/>

trop d<m>estaim</m> Il y a de l<m>estain</m> qui porte plus de
<m>plomb</m> lung que laultre<lb/>

L<m>estaim commun</m> est celuy qui est mesle de <m>plomb</m></ab>

</div>
</root>
