<root>
<page>105r</page>

<image>http://gallica.bnf.fr/ark:/12148/btv1b10500001g/f215.image</image>

<div>

<id>p105r_1</id>

<head><al>Tortues</al></head>

<ab>Les masles ont la coquille renversee au Bout vers la queue<lb/>

et ont la coquille de dessoubs le ventre encochee tout du long<lb/>

depuys la queue jusques a la <del>que</del> teste Et les femelles
non<lb/>

ne la coquille reviree vers la queue ne les cocheure</ab>

</div>

<div>

<id>p105r_2</id>

<head>Seicher couleurs</head>

<ab>Le <m>noir a noircir</m> &amp; aultres ne secheroient pas a
<m>huile</m><lb/>

si on ny mectoit du <m>verdegris</m></ab>

</div>

<div>

<id>p105r_3</id>

<head><pro>Painctre</pro></head>

<ab>Les couleurs deulx foys posees sont delles mesmes plus<lb/>

grossieres si elles ne sont conduictes Aultrem<exp>ent</exp> on
paint<lb/>

sur le <m>bois</m> Aultrem<exp>ent</exp> sur la <m>toile</m>
Autrem<exp>ent</exp> sur la muraille</ab>

</div>

<div>

<id>p105r_4</id>

<head>Jardinier</head>

<ab>Pour hanter en escusson il fault prendre de la nouvelle mise<lb/>

que labre que tu veulx hanter a faict <add><tmp>de lannee
mesme</tmp></add> &amp; en couper une branche<lb/>

dans laquelle tu voys quaupres de la <del>raci</del> naissance des
foeilles<lb/>

il y aye des petits boutons quon appelle oeillets qui sont
comma<exp>n</exp>ce<exp>ment</exp><lb/>

de germes Il fault dextrem<corr><exp>ent</exp></corr> avecq un
<tl>trancheplume bien tranchant</tl><lb/>

couper en forme descusson une petite portion de peau <del>avec</del> qui
contient<lb/>

un oeillet ou germe avecq la foeille ainsy marque B <del>Mays</del><lb/>

<del>plusto</del> Puys fais diligement dans le bois tendre <del>s</del>
et qui est en<lb/>

sabe sur lequel tu veulx hanter deulx traits ainsy <del>de</del>
coupes<lb/>

<figure/>@<comment>c_105r_01</comment>puys fais au milieu une fente
ainsy

<figure>

<id>fig_p105r_2</id>

<link>https://drive.google.com/open?id=0B9-oNrvWdlO5T1FZYTdOT1U4Qzg</link>

</figure>

Separe apres<lb/>

avecq la poincte du <tl>trencheplume</tl> lescorce &amp; louvre par la
fente<lb/>

du milieu et y ayant proprem<exp>ent</exp> loge ton escuson de sorte
quil nen<lb/>

sorte rien dehors que le germe lie le bien &amp; lenvelope tout avecq
du<lb/>

<tl><m>brin de <pa>lin</pa></m></tl> ou <tl><m>filasse bien
doulce</m></tl> en facon quil ny aye rien<lb/>

descouvert que la foeille qui dans trois ou 4 <ms><tmp>jours</tmp></ms>
te donnera<lb/>

indice si lescusson doibt prendre selon quelle sera verte Laisse<lb/>

ton hante sept ou huict <ms><tmp>jours</tmp></ms> ainsy Puys le deslie
&amp; joincts bien<lb/>

lescorce mesmem<exp>ent</exp> a droict le germe &amp; puys le relie tout
doulcem<exp>ent</exp><lb/>

mays non pas si fort quauparava<exp>n</exp>t &amp; sil y a quelque mise
ou<lb/>

croissance laisse luy lieu pour sortir &amp; fais ainsy trois ou 4
fois</ab>

<figure>

<id>fig_p105r_1</id>

<margin>left-bottom</margin>

<link>https://drive.google.com/open?id=0B9-oNrvWdlO5UWpzdGVweGVvQTg</link>

</figure>

<cont/>

</div>
</root>
