<root>
<page>031r</page>

<image>http://gallica.bnf.fr/ark:/12148/btv1b10500001g/f67.item</image>

<div>

<cont/>

<id>p030r_2</id>

<ab>Leurs <tl>marteaulx</tl> doibvent estre bien unis &amp; polis et si
par<lb/>

cas fortuit la rouille <del>les</del> ou aultre usage les ha
endomages<lb/>

ilz les polissent premierem<exp>ent</exp> avecq <m>pouldre desmery</m>
puys<lb/>

les achevent de brunir &amp; adoulcir avecq de la <m>potee</m><lb/>

Aultrem<exp>ent</exp> ilz ne battroient pas net Il fault aussy que<lb/>

le plan des <tl>enclumes</tl> soict de mesme</ab>

</div>

<div>

<id>p031r_1</id>

<head>Nouvelle <pa>vigne</pa></head>

<ab>Estant bien prise si tu veulx quelle gecte force<lb/>

branches layant labouree mects a chasque pied<lb/>

deulx <ms>poignees</ms> de <m>fiente de <al>pigeon</al></m></ab>

</div>

<div>

<id>p031r_2</id>

<head>Eaulx coulourees</head>

<ab>L<m>urine distillee</m> Le <m>vinaigre distille</m> et l<m>eau
de<lb/>

vye</m> prenent taincture caerulee &amp; verte de l<m><la>aes
ustum</la><lb/>

pulverise et subtilem<exp>ent</exp> broye</m> Et ceste taincture
est<lb/>

<m>cuivre rouge</m> en sa resideue Si tu distilles les susdictes<lb/>

choses par <tl>filtre</tl></ab>

</div>

<div>

<id>p031r_3</id>

<head><m>Vernis</m> durant a l<m>eau</m></head>

<ab>Le <m>vernis de <pl>flandres</pl></m> faict de <m>tourmentine</m>
&amp; <m>huile</m> dicelle<lb/>

ou de <m>mastic</m> se peult oster et ne soubstient poinct <env>a la
pluye</env><lb/>

Mays celuy qui est faict d<m>huile de noix blanche</m> co<exp>mm</exp>e
tu la<lb/>

fais tient <env>a la pluye</env> <corr>e</corr><add>t</add> est fort
cler &amp; beau &amp; bien tost sec<lb/>

Cest pourquoy on use diceluy aulx banieres &amp; enseignes<lb/>

painctes quon porte <env>a la pluye</env></ab>

</div>

<div>

<id>p031r_4</id>

<head>Fruict de <m>sucre</m></head>

<ab>On ne les paint pas au <tl>pinceau</tl> co<exp>mm</exp>e les aultres
<del>s</del> choses<lb/>

de couleur destrempee pourceque le <m>sucre</m> se fondroit<lb/>

Mays on les frotte de couleur avecq le <tl><bp>doigt</bp></tl></ab>

</div>
</root>
