<root>
<page>058v</page>

<image>http://gallica.bnf.fr/ark:/12148/btv1b10500001g/f122.item.</image>

<div>

<id>p058v_1</id>

<head>Noirs</head>

<ab>Le <m>noir de charbon de mine</m> De <m>charbon commun</m><lb/>

D<m>ivoyre brusle</m> De <m>noyaux de <pa>pesches</pa></m> de
<m>fumee<lb/>

de lampe</m> D<m>os de pied de <al>bœufs</al> brusles</m></ab>

</div>

<div>

<id>p058v_2</id>

<head>Ombres</head>

<ab>Quand tu fais un tableau de diverses personnes<lb/>

tout ainsy que les carnations doibvent estre differentes<lb/>

ainssy les ombres</ab></div>

<div>

<id>p058v_3</id>

<head>A fresc</head>

<ab>L<m>azur</m> ny est pas bon mays livide &amp; fault travailler<lb/>

avecq <tl>longs pinceaux</tl> Le fresc ne semploye point<lb/>

<del>cont</del><comment>c_058v_03</comment> sur le <m>boys</m></ab>

</div>

<div>

<id>p058v_4</id>

<head><m>Azur</m></head>

<ab>L<m>huile de tourmentine</m> le rend fort beau esprouve<lb/>

l<m>huile de grene de <la>palma christi</la></m> L<m>huile de
<pa>noix</pa></m><lb/>

en <pl>flandres</pl> coste bien cent <cn>sols</cn> la <ms>pinte</ms>
<comment>c_058v_05</comment>@L<m>azur</m><lb/>

demande un peu l<m>huile gras</m> pource quil nha point de corps</ab>

<ab>

<margin>left-middle</margin>

L<m>azur desmail</m> haict plus<lb/>

destre broye que nul aultre<lb/>

mesmement a l<m>eau</m> car<lb/>

il se meurt &amp; perd toute<lb/>

sa couleur Touteffois<lb/>

pourceque il ne se peult<lb/>

travailler sil est gros<lb/>

broye non avecq <m>eau</m><lb/>

Mays avecq <m>huile</m> &amp; le broye<lb/>

espes et en ceste sorte il ne se<lb/>

mourra pas tant </ab>

<ab>

<margin>left-middle</margin>

Choisis tousjours le plus<lb/>

delie</ab>

</div>

<div>

<id>p058v_5</id>

<head><tl>Pinceaulx</tl></head>

<ab>Quand la couleur sest seichee dedans &amp; que tu les veulx<lb/>

nettoyer trempe les dans l<m>huile d<pa>aspic</pa></m> et ilz
retourneront<lb/>

incontinent mols co<exp>mm</exp>e auparavant puys tu les acheveras
de<lb/>

nettoyer dans l<m>huile de <pa>noix</pa></m> L<m>huile de
<pa>noix</pa></m> nest pas<lb/>

<del>si pas</del> si propre pour les adoulcir que celuy
d<m><pa>aspic</pa></m><lb/>

qui est cler comme <m>eau</m> &amp; penetre &amp; nha poinct de corps
co<exp>mm</exp>e<lb/>

<m>huile de <pa>noix</pa></m> Le <tl>manche des pinceaulx</tl> se faict
par les<lb/>

curieulx de <m>plumes de <al>porc espic</al></m> Aultres de
<m><m>boys</m> de flesches<lb/>

de <pl>turquie</pl></m> <del>de qui</del> dequoy ilz font aussy les
<tl>vergettes<lb/>

pour sapuyer la <bp>main</bp> quand ilz paignent</tl></ab>

<ab>

<margin>left-middle</margin>

Pour travailler bien<lb/>

en petit ilz <del>font</del>fault des<lb/>

<tl>pinceaulx fort delies qui<lb/>

ayent la poincte ferme</tl><lb/>

Et pource que le <m>poil de<lb/>

queue de <al>gris</al></m> est mollesin<lb/>

Les plus curieulx prenent<lb/>

les <m>barbes des plus<lb/>

vieulx <al>rats</al></m> mesmem<exp>ent</exp><lb/>

des <al>rats lirons</al> Silz<lb/>

en peuvent trouver &amp; en<lb/>

mectent deulx ou trois<lb/>

au milieu du <tl>pinceau</tl> ceulx la<lb/>

font le traict droict comme une<lb/>

<tl><m>plume</m></tl> &amp; tous les aultres <m>poils</m><lb/>

du <tl>pinceau</tl> se raportent a ceulx la<lb/>

co<exp>mm</exp>e a la poincte La <m>barbe des <al>fouines</al> &amp;
<al>bellettes</al> &amp; petits animaulx qui font le <m>musc</m></m>
sont encores meilleurs<lb/>

car un seul <m>poil</m> dans un <tl>pinceau</tl> suffist</ab>

<cont/>

</div>
</root>
