<root>
<page>002v</page>

<image>http://gallica.bnf.fr/ark:/12148/btv1b10500001g/f10.image</image>

<div>

<id>p002v_1</id>

<ab>@<it>Practica cioe nova inventione<lb/>di
contegiare<comment>c_002v_03</comment> stampata in
<pl>brescia</pl><lb/>per vincenzo sabio</it></ab>

</div>

<div>

<id>p002v_2</id>

<head><add>@<m>esmeraldes<lb/>

de <pl>Brissac</pl></m></add></head>

<ab><render>extra-wide</render>Jai prins <m>miniu<exp>m</exp></m> 26
<ms><figure>℥</figure></ms>@
<m><exp>christ</exp>al</m><comment>c_002v_04</comment>@<add><ill/> et
broie sur le <tl><m>marbre</m></tl></add> 12 <ms><figure>℥</figure></ms>
<m>v<exp>er</exp>det</m> 3 <ms><figure>|ʒ|</figure></ms>
Incorpore<add>s</add> le tout ensemble<lb/>

mis dans un <tl><exp>crois</exp>et<comment>c_002v_05</comment> couvert
dun a<exp>ultr</exp>e bien <m>lute</m> qui ai<add>t</add> un trou
dans<lb/>

le hault</tl> fuzion 7 <ms><tmp>heures</tmp></ms> sans soufler la mace a
este dun beau<lb/>

v<exp>er</exp>t</ab>

<ab><render>extra-wide</render>Jai prins <m>miniu<exp>m</exp></m> 12
<ms><figure>℥</figure></ms> <m><exp>christ</exp>al</m> 6
<ms><figure>℥</figure></ms> <m>v<exp>er</exp>det</m> 2 <ms>grains</ms>
fuzion doulce<lb/>

vi <ms><tmp>heures</tmp></ms> recuicte 24 <ms><tmp>heures</tmp></ms> la
mace a este de v<exp>er</exp>t Jaulne<lb/>

&amp; rouge</ab>

</div>

<div>

<id>p002v_3</id>

<head><m>safir</m></head>

<ab><render>extra-wide</render><m>Caillous</m> ou
<m><exp>christ</exp>al</m> 8 <ms><figure>℥</figure></ms>
<m>miniu<exp>m</exp></m> 16 <ms><figure>℥</figure></ms> <m>sel de
<pro>febvre</pro></m> 4 <ms><figure>℥</figure></ms><lb/>

<unc><m>coryal</m></unc> extincellent 4 <ms>grains</ms> fuzion
<unc>6</unc> <ms><tmp>heures</tmp></ms></ab>

</div>
</root>
