<root>
<page>053v</page>

<image>http://gallica.bnf.fr/ark:/12148/btv1b10500001g/f112.image</image>

<div>

<id>p053v_1</id>

<head><al>Vers de soye</al></head>

<ab>Ils se produisent de grene cest a dire doeufs laquelle se vent<lb/>

a l<ms>once</ms> qui communem<exp>ent</exp> se vent en
<pl>languedoc</pl> iii <ms>lb</ms> v <cn>s</cn> Celle
d<pl>espaigne</pl><lb/>

que les <pro>marchans</pro> y aportent est estimee la meilleure
pourceque les<lb/>

<al>vers</al> qui en proviennent ne sont pas si subgects a
malladies<lb/>

&amp; font plus de <m>soye</m> En <pl>espaigne</pl> dune <ms>once</ms>
de <del><m>soye</m></del> grene<lb/>

ilz sen produict des <al>vers</al> qui raportent <del>ord</del>
co<exp>mmun</exp>em<corr><exp>ent</exp></corr> xv <ms>lb</ms> de
<m>soye</m><lb/>

Mays <del>l<ms>once</ms></del> dune <ms>once</ms> de grene produicte en
<pl>France</pl> il nen revient que<lb/>

x ou xii Troys <ms>onces</ms> de grene sont pour produire telle
qua<exp>n</exp>tite<lb/>

de <al>vers</al> que tu en pourras fournir une <env>chambre acommodee de
trois<lb/>

ou 4 estages de tables larges</env> Volontiers ilz comancent a<lb/>

sespelir <tmp>vers la sepmaine saincte</tmp> Et pour ce faire on les
mect<lb/>

dans une <tl>boite de <pa>sapin</pa></tl> co<exp>mm</exp>e celles ou lon
mect la dragee Entre<lb/>

des <tl>coissins de plume</tl> chauldem<exp>ent</exp> Et au
commancem<exp>ent</exp> ilz sespellissent<lb/>

co<exp>mm</exp>e <del>f</del> petites <al>formis noires</al> &amp; aussy
tost quil y en ha deulx ou<lb/>

trois espelis il leur fault donner des <m>foeilles de <pa>moeurier
blanc</pa></m><lb/>

Et puys les ranger sur les <tl>tables</tl> Et trois <ms>fois le
<tmp>jour</tmp></ms> il<lb/>

leur fault changer des <m>foeilles fresches</m> Et sil faict <tmp>sur
jour</tmp><lb/>

quelque <env>tonnerre <add>ou temps pluvieulx couvert &amp;
frais</add></env> il fault tenir dans la <env>chambre</env> trois ou
4<lb/>

<tl>rechauls <del>&amp;</del> avecq charbon allume</tl> &amp; y mectre
de l<m>encens</m> jusques<lb/>

a ce que toute la <env>chambre</env> soict remplye de <m>fumee</m> Et
quand le<lb/>

<env>temps se porte chault &amp; serain</env> la <m>soye</m> abonde plus
&amp; en est meilleure<lb/>

Aulcuns <al>vers</al> la font plus blanche aultres plus jaunastre
Et<lb/>

encores quelle soict blanche elle se jaulnist quand on la tire
avecq<lb/>

l<tl><m>eau chaulde</m></tl> <del>Despuys</del> Les <al>vers</al>
<tmp>despuys leur naissance jusques<lb/>

a<add>u</add> <del>leur</del> temps quilz font leur coquons &amp; leur
prison</tmp> dorment &amp;<lb/>

sassopissent 4 fois &amp; a chasque fois demeurent 4 ou cinq
<ms><tmp>jours</tmp></ms><lb/>

assopis sans manger co<exp>mm</exp>e silz mouroient pour renaistre une
aultre<lb/>

fois Car a chascune ilz changent de peau &amp; commancent a
despoiller<lb/>

la teste puys consequem<exp>ent</exp> a divers <tmp>jours</tmp>
le<del>s</del> reste du corps &amp; de<lb/>

blanc viennent grisastres &amp; de grisastres blans <del>En fin</del>
Et<lb/>

sil en y a quelque malade qui naye force de se despoiller il luy<lb/>

fault ayder &amp; se garder de la crever Car lors rendant une<lb/>

liqueur jaulne elle ne vauldroit plus rien Et mesmes ne proffictent<lb/>

elles guere despuys quon la maniee de la <tl><bp>main</bp></tl>
<tmp>Vers la<lb/>

pentecoste</tmp> elles comancent a vouloir monster a des branches<lb/>

seiches de <pa>brande</pa> ou <pa>bruyere</pa> quon leur præpare
<del>en</del> &amp; attache</ab>

<ab>

<margin>left-middle</margin>

Voy <la><pn>Hieronymus<lb/>
Vida <pl>Albensis</pl> <add>ep<exp>iscop</exp>us</add><lb/>
<del>de b</del> <pl>cremonensis</pl></pn><lb/>
scripsit carmine<lb/>
de <al>bombicum</al> natura

</la></ab>

<ab>

<margin>left-middle</margin>

coment on les<lb/>
remue

</ab>

<cont/>

</div>
</root>
