<root>
<page>041r</page>

<image>http://gallica.bnf.fr/ark:/12148/btv1b10500001g/f87.image</image>

<div>

<id>p041r_1</id>

<head><m>Terre de gect pour les <pro>fondeurs</pro></m></head>

<ab>Elle se rend grace estant battue et meslee aussy de <m>fient<lb/>

de <al>cheval</al></m> La <m>terre des <pro>potiers</pro></m> seroict
trop grasse et<lb/>

se fendroict &amp; ne tiendroit pas au foeu Mays il la fault<lb/>

mesler de la <ms>moictie</ms> de sable et de la <ms>quarte</ms> ou
<ms>cinquiesme</ms> de <m>fiens<lb/>

<add>de <al>cheval</al></add></m><lb/>

Et la laisser seicher puys la mectre en pouldre puys la<lb/>

<tl>tamiser</tl> pour la rendre subtile &amp; purgee du gravier qui<lb/>

empescheroit de gecter nect Le <m>fiens</m> rend la <m>terre</m> plus
amiable<lb/>

&amp; plus traictable mays il fault quil soict bien nect de
<m>pailles</m> &amp;<lb/>

aultres choses Et quand la <m>terre</m> est grasse bien fort il luy
fault<lb/>

donner plus de sable &amp; plus de <m>fiens</m>
@<comment>c_041r_01</comment> Mays il se trouve des <m>terres<lb/>

grasses</m> meslees delles mesmes de sable Si elles ne le sont fais le
par<lb/>

artifice Il fault tousjours recuire les <m>terres</m> plustost que
jecter

</ab>

</div>

<div>

<id>p041r_02</id>

<head><pa>Lis de jardin</pa></head>

<ab>Si on le romp a sa premiere gecte &amp; il ne reboutte &amp;
florist<lb/>

que l<ms><tmp>an suivant</tmp></ms> &amp; croy que les <pa>herbes
bulbeuses</pa> font ainsy</ab>

</div>

<div>

<id>p041r_03</id>

<head>Sable</head>

<ab>Le sable doibt estre <del>jecte</del> pour gecter choisi non pas si
aride<lb/>

quil naye poinct de prise Ne trop gras aussy Et combien quil<lb/>

sen trouve de <m>naturel</m> Touteffois ce nest pas par tout Et si<lb/>

tu es en lieu quil ne sen trouve poinct Tu le peulx composer Mays<lb/>

non pas avecq <m>terre grasse</m> car le sable nen veult
aulcunem<exp>ent</exp> car<lb/>

elle faict soufler bien fort Mays tu luy peulx donner liaison<lb/>

avecq de la <m>brique fort broyee</m> sur le <tl><m>mable</m></tl> ou
<m>plastre</m> ou <m>albastre<lb/>

calcine</m> ou chose semblable ou <m>moelle de corne de <al>boeuf</al>
bruslee</m><lb/>

ou <m>aspalte brusle</m> parmy Si tu le broyes bien
subtillem<exp>ent</exp> sur<lb/>

le <tl><m>porphire</m></tl> il <del>s</del> adquiert prinse &amp; puys
tu le peulx brusler<lb/>

avecq <m>aspalte</m> ou le mesler dune <ms>quarte partye</ms> de
<m>tripoly</m> Garde<lb/>

quil ne tumbe de <m>pain</m> dans ton sable Car cela faict fort<lb/>

soufler</ab>

<ab>

<margin>left-middle</margin>

Essaye de mesler<lb/>

du <m>noir a noircy</m></ab></div>

<div>

<id>p041r_04</id>

<head><al>Canards</al></head>

<ab>Les domestiques petits ne croissent dun <ms><tmp>moys</tmp></ms>
apres quilz sont<lb/>

esclos ains demeurent en cest estat Mays apres ilz croissent bien
tost<lb/>

mesmem<exp>ent</exp> silz vont dans leau On les nourrist avecq du
<m>grain de <pa>mil</pa><lb/>

bouilly</m> leur esmiant parmy du <m>pain</m> et y espandant des
<m><pa>laictues</pa><lb/>

fort hachees</m></ab>

</div>
</root>
