<root>
<page>085r</page>

<image>http://gallica.bnf.fr/ark:/12148/btv1b10500001g/f175.image</image>

<div>

<cont/>

<id>p084v_4</id>

<ab>reposer sur un <tl>table bien nette &amp; unie</tl> &amp;
co<exp>mm</exp>e elle est desiccative<lb/>

jay cogneu quelle sessuyoit <del>lor</del> Ce que jay laisse un peu
faire<lb/>

pour la reduire en pouldre &amp; en mouler avecq le sable Estant<lb/>

bien esmenuisee avecq les <tl><bp>doigts</bp></tl> &amp; le tranchant
dun <tl>costeau</tl> Jay <m>huile</m><lb/>

ma medaille pourceque l<m>huile</m> la nettoye sans la gaster
<del>Et</del> Et<lb/>

layant essuiee &amp; nettoye avecq un <tl><m>linge</m></tl> &amp; des
<tl><m>sayettes de <al>pourceau</al></m></tl><lb/>

Je lay encore legerem<exp>ent</exp> ointe d<m>huile de <pa>noix</pa>
clair</m> &amp; doulcem<exp>ent</exp> ay<lb/>

passe un <tl><m>linge</m></tl> par dessus affin quelle ne demeurast pas
trop oincte<lb/>

Et ay considere que par ce moyen elle viendroit bien en despouille<lb/>

pourceque la <m>ceruse</m> estant humectee d<m>eau de glaire doeuf</m>
ne<lb/>

sattaqueroit point a l<m>huile</m> Cela a tresbien reuscy Et en ay<lb/>

moule tresnet une medaille de grand relief sans faire aulcune<lb/>

prinse a quoy beaucoup de bons sables co<exp>mm</exp>e le <m>feultre</m>
l<m>os brusle</m><lb/>

&amp; la <m>mache de fer</m> avoyent bien failly du premier coup Je
lay<lb/>

recuit &amp; mon <tl>moule</tl> est venu dur co<exp>mm</exp>e
<tl>mabre</tl> Et ay cogneu par<lb/>

la que les sables pour mouler grand relief doibvent estre fort<lb/>

humectes de quelque <m>eau</m> qui leur donne corps &amp; compaction
Co<exp>mm</exp>e la<lb/>

<m>glaire</m> <m>eau gommee</m> <del>ea</del> <m>vin</m> bouilly avecq
<m>racine d<pa>orme</pa></m> &amp; Et <m>huiler</m><lb/>

legerem<exp>ent</exp> la medaille Il soubstient tant de gects que
tu<lb/>

vouldras car il est dur co<exp>mm</exp>e <m>verre</m> Mays le <m>plomb
doux</m> &amp;<lb/>

l<m>estaim aigre</m> <del>v</del> mesmes veulent estre gectes fort
chaulx</ab>

<ab>Despuys jay aperceu que ce sable bien quil soict excelent &amp;
endure beaucoup<lb/>

de gects &amp; moule bien net Toutesfois il est gras et faict
soufler<lb/>

Ainsy le <m>plomb doux</m> <del>et le</del> ny vient pas si bien Mays
essaye de le<lb/>

mesler avecq un <m>sable maigre</m> co<exp>mm</exp>e la <m>ponce</m>
<m>lescaille</m> &amp; semblables<lb/>

pour leur donner corps &amp; affin quil despouillent mieulx Car les
<m>sables<lb/>

maigres</m> ne despouillent gueres bien Et toutesfois ilz recoyvent
bien<lb/>

le <m>metal</m><comment>c_085r_01</comment></ab>

<ab>
<margin>left-top</margin>
Essaye de<lb/>

mesler la<lb/>

<m>ceruse</m> ou <m>minium</m><lb/>

avecq les aultres<lb/>

sables</ab>

<ab>

<margin>left-top</margin>

<figure>X</figure>

</ab>

<ab>
<margin>left-top</margin>
<m>Huile</m> &amp; oingts<lb/>

d<m>huile d<pa>aspic</pa></m> qui <lb/>

sen yra en recuisa<exp>n</exp>t<lb/>

car l<m>huile</m> faict<lb/>

soufler</ab>

<ab>
<margin>left-middle</margin>
Il fault fort<lb/>

mouiller avecq la <lb/>

<m>glaire</m> puys le<lb/>

mesler bien Et<lb/>

estant dans le<lb/>

<tl>chassis</tl> frapper<lb/>

avecq un <tl>pilon</tl><lb/>

ou chose propre<lb/>

dessus Car cela<lb/>

faict mieulx mouler<lb/>

et mieulx despouiller</ab>

<ab>
<margin>left-middle</margin>
Il seroit bon de<lb/>

remplir les <tl>chassis</tl><lb/>

tout dun Car le<lb/>

meslenge qui se faict<lb/>

de plusieurs sables<lb/>

avecq <m>celuy de <env>mine</env></m><lb/>

dont tu remplis le<lb/>

<m>chassis</m> le corrompt</ab>

</div>

<div>
<id>p085r_1</id>
<head><m>Vernis vert</m> pour les medailles de <m>cuivre</m></head>

<ab>Les ayant gectees bien nettes couvre les de <m>sel de verre</m><lb/>

duquel nous usons pour sable &amp; lhumecte &amp; en trois ou 4
<ms><tmp>jours</tmp></ms><lb/>

il sera vert <m>huile</m> les apres &amp; les tiens soubs le
<m>fient</m></ab>

</div>

<div>
<id>p085r_2</id>
<head><m>Colle</m></head>

<ab>Les <pl>flamens</pl> recollent leurs <tl>pots de <m>terre</m></tl>
avecq de lor coleur<lb/>

cest a dire <m>minium</m> <m>massicot</m> &amp; <m>vernis</m></ab>

</div>
</root>
