<root>
<page>018r</page>

<image>http://gallica.bnf.fr/ark:/12148/btv1b10500001g/f41.image</image>

<div>

<cont/>

<id>p017r_1</id>

<ab>

Les colevrines <del>sont</del> grandes de batterie <add>&amp;
faussee</add> sont de quarante <ms>quintals</ms><lb/>

&amp; de dix huict <ms>pans</ms> de long Leur balle de <ms>qualibre de
<pro><pn>roy</pn></pro></ms> &amp; de<lb/>

batterie est de 30 <ms>lb</ms> et ainsy moindre que celle du canon Et
par<lb/>

ainsy elle ne porte pas tant de munition Car il suffist quinze
<ms>lb</ms><lb/>

pour sa charge Le canon faict plus douverture a cause de<lb/>

la grandeur de sa balle Mays la colevrine bat plus roide<lb/>

&amp; passe plus viste ayant plus de chasse a cause de la longueur<lb/>

A la culasse elle porte l<ms>espesseur de deux de ses balles &amp;
l<del>es</del><add>a</add><lb/>

<del>trois</del> <add>troisiesme</add> partie<del>s</del> dune
balle</ms> Au devant l<ms>espesseur dune balle &amp; de<lb/>

trois parties les deulx</ms> Les colevrines servent pour battre de
loing<lb/>

les deffences quand on ne peult commodement faire les aproches<lb/>

Et les canons saprochent de plus pres Elles servent aussy pour<lb/>

soubstenir la batterie Il fault quinze ou seize <al>chevaulx</al>
pour<lb/>

la mener Elles sont <del>tout</del> de mesme ligue que le canon
co<exp>mm</exp>e<lb/>

sont toutes pieces <del>qui excedent</del> <add>moindres que</add> la
moyenne Car a celles la on<lb/>

mect un peu plus de <m>metal</m> affin que la fonte coure mieulx<lb/>

Et sur deulx <ms>quintaulx</ms> de <m>rosette</m> on mect six vints
<ms>lb</ms> de <m>metal</m><lb/>

pour les petites pieces <add>Elles portent de poincte en blanc 8 ou 9
cens<lb/>

<ms>pas</ms> &amp; jusques a mille <ms>pas</ms> si la <m>pouldre</m> est
forte &amp; de volee <ms>demye lieue</ms></add></ab>

<ab>

<margin>left-middle</margin>

Aulcuns ont invente<lb/>

de charger les canons<lb/>

a cartuche</ab>

<ab>

<margin>left-middle</margin>

Aulcuns <del>po</del> ne mectent<lb/>

pas la <m>pouldre</m> dans<lb/>

le canon tout a un<lb/>

coup mays a deulx<lb/>

&amp; a chasque fois<lb/>

refoulant disant<lb/>

que chasque refoulem<exp>ent</exp><lb/>

faict haulser<lb/>

&amp; done adva<exp>n</exp>tage<lb/>

dun <ms><bp>poulse</bp></ms> Mays<lb/>

cela nest gueres<lb/>

asseure pour les<lb/>

grandes pieces<lb/>

qui portent beaucoup<lb/>

de <m>pouldre</m></ab>

<ab>

La <df>bastarde</df> qui est une <del>colevrine</del> <add>piece</add>
<del>moyenne</del><comment>c_018r_01</comment> poise trente
<ms>quintals</ms><lb/>

et sa balle poise <del>xx <ms>lb</ms></del> <add>xv <ms>lb</ms></add> et
porte pour sa charge x ou xii <ms>lb</ms><lb/>

de <m>pouldre</m> Sa proportion est a la culasse de l<ms>espesseur de
deulx<lb/>

de ses balles &amp; dune balle</ms> Au devant l<ms>espesseur<lb/>

dune balle &amp; de trois parties les deux</ms> <del><add>ou</add></del>
Elles servent pour battre<lb/>

les deffences de peu dimportance comme <env>gabions</env> et
<env>garites<lb/>

couvertes dune tour</env> &amp; chose semblables Elle ha de long
treize<lb/>

ou xiiii <ms>pans</ms> comme le grand canon dix <al>chevaux</al> la
peuvent<lb/>

mener <add>Elle acompaigne fort de poincte en blanc la grand colevrine
pourceq<exp>ue</exp><lb/>

elle porte petite munition</add></ab>

<ab>

<margin>left-middle</margin>

Aulcuns luy<lb/>

donnent l<ms>espoisseur<lb/>

de trois balles<lb/>

a la culasse &amp;<lb/>

au devant de<lb/>

deulx balles</ms></ab>

<ab>

La colevrine bastarde poise 35 <ms>quintals</ms> &amp; ha de
longueur<lb/>

xxv <ms>pans</ms> Elle porte trois balles a la culasse &amp; deulx
devant<lb/>

Sa balle est comme de la piece bastarde pesant xv <ms>lb</ms> ce
sont<lb/>

pieces de plaisir qui <del>s</del> ne se menent pas par charroy Ains
sont pour<lb/>

les deffenses des <env>villes</env> Aulcuns en font de xxvii ou
xxviii<lb/>

<ms>pans</ms> de longueur co<exp>mm</exp>e est la vache de <pl>la
rochelle</pl> Mays a telles<lb/>

pieces on donne renfort a la culasse co<exp>mm</exp>e de trois balles
Elles peuvent<lb/>

porter de volee environ une <ms>lieue</ms> &amp; <ms>demy lieue</ms> de
poincte en blanc<lb/>

Sa charge est comme de la bastarde Et si on veut tirer a quelque<lb/>

<pro>cavallerie</pro> bien loing on augmente un peu de <m>pouldre</m>
Apres la balle<lb/>

il suict une queue de fumee qui <del>de</del> conduit ta veuee jusques
la ou la<lb/>

balle va cella sentend du canon et de la colevrine et non des petites
pieces</ab>

<cont/>

</div>
</root>
