<root>
<page>170v</page>

<image>http://gallica.bnf.fr/ark:/12148/btv1b10500001g/f346.item</image>

<div>

<id>p170v_1</id>

<ab>

@Lan mil cinq cens septante huict le deuxiesme de Juillet a este
faict<lb/>

Transport aulx heritiers d<del>e</del><add>u</add> feu s<exp>ieu</exp>r
ouvryer <del>deux cens cinq escus</del><lb/>

du Rentement de S<exp>ainc</exp>t frajou montant douze cens trente
livres</ab>

<ab>Autre transport leur a este faict sur les fruictz de lannee<lb/>

mil cinq cens septante neuf de <del>deux</del>
<add>trois</add><comment>c_170v_01</comment> @cens quarante trois
escus<lb/>

un tiers <del>sur qu</del></ab>

<ab>Et leur reste sur la premiere annee quatre vintg livres quinze
[sols]<lb/>

Et sur la seconde Judication nont encore rien Repceu</ab>

</div>

<div>
<id>p170v_2</id>
<head>@ Contre peste</head><comment>c_170v_02</comment>

<ab>P<exp>rends</exp> contre fiebvre pestilentiale ou poison ou peste le
<ms>poix<lb/>

dun <cn>escues</cn></ms> de ton <m>opiate</m> destrempe avecq <m>eau de
scabieuse</m> ou<lb/>

<m><pa>buglose</pa></m> ou <m>vin fort trempe</m> quand on est touche
Apres la<lb/>

prinse il se fault faire suer</ab>

</div>

<div>
<id>p170v_3</id>
<head>Pour preserver</head>

<ab><la><m>Acetum</m> paratum ex <m><pa>ruta</pa></m> <m><pa>baccis
juniperi</pa></m> simul tusis Eo<lb/>

<m>aceto</m> <m>extinguantur lateres</m> igniti Et vapor excipiatur
<bp>ore</bp> &amp;<lb/>

<bp>naribus</bp></la> Cest pour preserver qua<exp>n</exp>d on va en aer
infaict<lb/>

Un acoustrement se peult parfumer ainsy &amp; <add>en</add> oster
linfection<lb/>

la <env>chambre maison &amp;</env> Si tu te trouves en lieu ou
nayes<lb/>

ceste preparation porte <m><pa>rue</pa></m> &amp; <m><pa>grains</pa></m>
<tl>piles</tl> ensemble<lb/>

puys a ton besoin fais bouillir en <m>vinaigre</m> et en use
co<exp>mm</exp>e<lb/>

devant</ab>

<ab><rub><la>Reru<exp>m</exp> scoticarum historia Georgio Bucanano
auth<exp>ore</exp></la></rub></ab>

<ab><rub><la>Rembertus Dodonæus mechliniensis medicus<lb/>

de stirpium historia</la></rub></ab>

<ab><rub>Des ormes de linvention de bien bastir et aultres
oeuvres</rub></ab>

<ab><rub><la>Tilesius de coloribus Vascosan</la></rub></ab>

<ab><rub><la>Marmodaeus <del>ge</del> de lapillis
præciosis</la></rub><comment>c_170v_05</comment></ab>@<comment>c_170v_04</comment>

<ab>

<margin>left-middle</margin>

<la>Othonis Epi<exp>scopi</exp><lb/>

frisigensis<lb/>

ab orbe condito</la></ab>

<ab>

<margin>left-middle</margin>

<la>Abbatis<lb/>

Uspergensis<lb/>

chronic</la></ab>

<ab>

<margin>left-middle</margin>

<la>Hyeronimus<lb/>

mercurialis<lb/>

variarum</la></ab>@<comment>c_170v_06</comment>

</div>
</root>
