<root>
<page>026r</page>

<image>http://gallica.bnf.fr/ark:/12148/btv1b10500001g/f57.item</image>

<div>

<id>p026r_1</id>

<ab>

<margin>top</margin>

<render>wide</render>

<rub>Cecy est la juste mesure du Calibre<lb/>

mays le <tl>foret</tl> en emporte tousjours quelque peu
dadva<exp>n</exp>tage</rub></ab>

<figure>

<id>fig_p026r_1</id>

<link>https://drive.google.com/open?id=0B9-oNrvWdlO5SHVaaE9oQjRySlE</link>

<caption>Balle de canon</caption>

</figure>

<cont/>

</div>

<div>

<id>p026r_2</id>

<head>Mortier</head>

<ab>Ils se font mieulx en forme de creusol <del>creulx par le</del> plus
estroits<lb/>

par le cul &amp; vena<exp>n</exp>t en eslargissant par la gueule il
fault fort<lb/>

piler la <m>pouldre</m> &amp; y mectre dessus ou du sable ou du
<m>liege</m> ou<lb/>

pour mieulx une platene juste de <m>cire</m> fort pilee dessus car
elle<lb/>

selle justement &amp; faict plus deffort La balle ne faict que trou<lb/>

La <m>pouldre</m> seule faict plus deffect On tient questa<exp>n</exp>t
charges<lb/>

de quinze <tmp>jours</tmp> &amp; tenus en <env>lieu sec</env> ilz ont
plus de force</ab>

<figure>

<id>fig_p026r_2</id>

<margin>left-middle</margin>

<link>https://drive.google.com/open?id=0B9-oNrvWdlO5UGxoanZwVEw2akE</link>

</figure>

</div>
</root>
