<root>
<page>164r</page>

<image>http://gallica.bnf.fr/ark:/12148/btv1b10500001g/f333.item</image>

<div>

<id>p164r_1</id>

<head>Gect</head>

<ab>

Quand tu fais le gect de quelque animal delicat<lb/>

co<exp>mm</exp>e dun <al>serpent</al> fais quil vienne du coste du
ventre<lb/>

&amp; soubs la queue Car de coste il ny ha que des<lb/>

ligne droictes qui sont aysees a reparer plus beaucoup<lb/>

que le dos qui est le plus en veue &amp; plus marque</ab>

</div>

<div>

<id>p164r_2</id>

<head>Reparer les baves</head>

<ab>

Les ayant doulcem<exp>ent</exp> ostees avecq la <tl>poincte du<lb/>

chaple ou du burin</tl> racle les avecq l<tl>aile du burin</tl><lb/>

ou doulcem<exp>ent</exp> avecq une <tl>petite lime</tl> &amp; frotte de
<m>charbon<lb/>

de <pa>saule</pa></m> &amp; les <tl>petites broisses</tl> Continue aussy
les<lb/>

lignes interrompues par les baves</ab>

</div>

<div>

<id>p164r_3</id>

<head><m>Argent plombeus</m></head>

<ab>

Il se dechet beaucoup a cause que le <m>plomb</m> qui<lb/>

y est mesle le travaille co<exp>mm</exp>e en la
<tl>copelle</tl><comment>c_164r_01</comment> et le faict<lb/>

saulter en petits grains aulx bords du <tl>creuset</tl><lb/>

&amp; sur le <m>charbon</m> qui le couvre Il est aussy gras<lb/>

Et par ainsy il est bon de fondre tout <m>argent<lb/>

monnoye</m> co<exp>mm</exp>e de <cn>realles</cn> &amp; aultres &amp; le
mectre en<lb/>

lingot plustost que le fondre pour gecter les<lb/>

<al>lesardes</al> &amp; animaulx Car il vient mieulx Jen ay<lb/>

moule net co<exp>mme</exp> le principal ainsy une <al>petite<lb/>

vipere</al> d<m>argent</m> Et fis la ligue de 4
<ms><cn><m>realles</m></cn></ms><lb/>

de 20 <ms><cn><m>s<exp>ols</exp> d<pl>espaigne</pl></m></cn></ms> &amp;
une piece de xx <ms><cn><m>s<exp>ols</exp> de<lb/>

<pl>france</pl></m></cn></ms></ab>

</div>

<div>

<id>p164r_4</id>

<head>Soufler</head>

<ab>

Quand tu fonds de l<m>argent</m> &amp; de l<m>or</m> ne soufle pas
fort<lb/>

&amp; de violence pourceque le <m>charbon</m> se
passant<comment>c_164r_02</comment> le <tl>crusole</tl><lb/>

sabaisseroit &amp; <del>larg</del> se pourroit renverser Mays quand<lb/>

ton <tl>moule</tl> sera prest lors soufle fort pour bien eschaufer<lb/>

l<m>argent</m> ou l<m>or</m> Tous deulx estant fondus veulent estre<lb/>

souffles par dessus avecq un <tl>petit souflet</tl> Mesmem<exp>ent</exp>
l<m>or</m> Car cela<lb/>

leur oste leurs <m>fumees</m> &amp; les adoulcist</ab>

</div>
</root>
