<root>
<page>001r</page>

<image>http://gallica.bnf.fr/ark:/12148/btv1b10500001g/f7.image</image>

<div>

<id>p001r_1</id>

<ab>

<pn>M<exp>estr</exp>e Nicolas Coste</pn> a la <pl>rue de la heaumerie a
limage s<exp>ainc</exp>t claude</pl> <figure>/</figure> mirouers<lb/>

<pn>M<exp>estr</exp>e Jehan Cousin</pn> qui demeure au <pl>faulxbourgs
de s<exp>ainc</exp>t germain</pl> scaict du<lb/>

<pro>mestre</pro><lb/>

<pn>M<exp>estr</exp>e Jehan Garnier</pn> a la <pl>rue des
escrivains</pl> pres <pl>s<exp>ainc</exp>t Jaques de la<lb/>

boucherie</pl> <pro>courroyeur</pro> essayer <m>fleur de
<pa>pastel</pa></m>

</ab>

</div>

<div>

<id>p001r_2</id>

<ab><margin>left-top</margin>

Le <pro>moissonneur</pro> laissant quelques espis nest repris<lb/>

<la>Sacra Eleusinæ deæ propalare nefas</la><lb/>

Trompettes voy le livre des funerailles

</ab>

@<comment>c_001r_33</comment>

<ab><margin>left-top</margin>

<la/>@Vuolfangus lazius<lb/>

Petrus appianus Mathemat<exp>icus</exp><lb/>

Ingolstadiensis Comment. <pl>urb. rom.</pl></ab>

<ab><la/>Hieronimo Ruscelli<lb/>

Hermolaus barbarus<lb/>

Angelius Bargæus de <al>aucupio</al> et <al>venatione</al><lb/>

Nicolaus Damascenus</ab>

<ab><la/>Cares<exp>ariensis</exp>@<comment>c_001r_34</comment> de rebus
persarum<lb/>

Isidorus</ab>

<ab><la/>Osorius@<comment>c_001r_35</comment><lb/>

Eupolemus historicus gentilis<lb/>

qui de rebus davidis &amp; salomonis<lb/>

scripsit</ab>

<ab><figure>-</figure>Cathalogue des villes<lb/>

Calendrier des <pro>bergiers</pro><lb/>

Grammaire <pl>Italiene</pl><lb/>

Arithmetique de <pn>Savonne</pn><lb/>

Instruction pour le faict des fina<exp>n</exp>ces<lb/>

Questions Aenigmatiques<lb/>

Des præceptes dagriculture<lb/>

<figure>+</figure>Le secret des finances a <pl>Lyon</pl><lb/>

<pn>Synesius</pn><lb/>

<pn>Olaus Magnus</pn><lb/>

<figure>+</figure><pn>M<exp>estr</exp>e Bernard palissi</pn>
<pro>inventeur des rustiques figulines</pro> du
<pro><pn>roy</pn></pro><lb/>

et de la <pro><pn>royne mere</pn></pro></ab>

</div>

<div>

<id>p001r_4</id>

<ab><la/>@<comment>c_001r_36</comment><al>Aquatilium animalium</al>
historiæ hypolito<lb/>

salviano typhernate authore <pl>Romæ</pl><comment>c_001r_37</comment>
1554</ab>

</div>

<div>

<id>p001r_5</id>

<ab>@Les Annales de <pl>Normandie</pl></ab>

<ab>

<margin>right-top</margin>

@<comment>c_001r_66</comment><la/><pn>Alexander Aphrodisæus</pn><lb/>

<pn>Polydorus verg<exp>ilius</exp></pn><lb/>

<pn>Appianus</pn><lb/>

<pn>Athenæus</pn><lb/>

Pausanias<lb/>

Statius Thebaidos<lb/>

<pn>Servius</pn> in Aeneid<exp>em</exp><lb/>

<pn>Macrobius</pn><lb/>

Aulus Gellius<lb/>

Alexander ab <pl>Alex<exp>andria</exp></pl><lb/>

<pn>Festus</pn><lb/>

<pn>Nonius</pn><lb/>

<pn>Magius</pn> miscell<exp>anea</exp><lb/>

<pn>Pollux</pn> onomast<exp>icon</exp><lb/>

<pn>Higinus</pn><lb/>

Berosus<lb/>

Suetonius<lb/>

Valerius max<exp>imus</exp><lb/>

Cornelius tacitu<exp>s</exp><lb/>

Xenophon<lb/>

<pn>Seneca</pn><lb/>

<pn>Dionisius Halicarnassensis</pn><lb/>

Sabellicus<lb/>

<pn>Iulius Capitollin<exp>us</exp></pn> @<add>cum permultis<lb/>

aliis </add><comment>c_001r_67</comment><lb/>

<pn>Budæus</pn><lb/>

<pn>Spartianus</pn><lb/>

<pn>Blondus</pn><lb/>

<pn>Volaterranus</pn><lb/>

<pn>Herodotus</pn><lb/>

<pn>Paulus Manutius</pn><lb/>

Strabo<lb/>

<pn>Iulius firmicus</pn><lb/>

<pn>Quintus Curtius</pn><lb/>

<pn>Dion</pn><lb/>

<pn>Cornelius Nepos</pn><lb/>

<pn>Flavius Vopiscus</pn></ab>

@<comment>c_001r_68</comment><ab><rub>mons<exp>ieur</exp></rub></ab>@<comment>c_001r_69</comment>

</div>
</root>
