<root>
<page>004v</page>

<image>http://gallica.bnf.fr/ark:/12148/btv1b10500001g/f14.image</image>

<div>
<id>p004v_1</id>
<head><m>Vernis noir</m> pour garde<lb/>

despee bandes de bahus &amp;<x>c</x></head>

<ab>Prens <m>huile de <pa>lin</pa></m> ou pour meilleur marche de
l<m>huile<lb/>

de <pa>noix</pa></m> Et la fais desgraisser avecq des
<m><pa>aulx</pa></m> &amp; <del><m><pa>oigno<exp>n</exp>s</pa></m></del>
<add><figure>+</figure><m><pa>queues de pourrceaulx</pa></m><lb/>

aulcuns adjoustent des <m>crostes de
pain</m></add><comment>c_004v_03</comment><lb/>

que tu feras bouillir dedans <ms><tmp>un bon quart
dheure</tmp></ms><lb/>

Apres mects dans une <ms>lb</ms> d<m>huile</m> ainsy bouilly <ms>la
grosseur<lb/>

dune <pa>noix</pa></ms> de <m>poix noire</m> &amp; une <ms>joinctee</ms>
de <m><pa>bled de froment</pa></m><lb/>

sans oster les <m><pa>aulx</pa></m> &amp; <m><pa>oignons</pa></m> Et
laisser bouillir ensemble<lb/>

<ms><tmp>un bon quart dheure</tmp></ms> Et quand la <m>poix</m> est bien
fondue<lb/>

&amp; que l<m>huile</m> a corps Tu le peulx tirer du foeu Puys<lb/>

pour vernir mects ton <m>fer</m> sur le foeu legier de
<m>charbons</m><lb/>

&amp; aplique avecques une <tl>plume</tl> ou <tl>broisse</tl> ton
<m>vernis</m> Et<lb/>

quand tu verras quil ne fumera plus cest faict et ton<lb/>

<m>vernis</m> est sec</ab>

<ab>
<margin>left-middle</margin>
Pour excellent <m>vernis<lb/>

noir</m> mects deulx ou <lb/>

trois <ms>patenostres</ms> de<lb/>

<m>geyct</m> parmy le reste</ab>

<ab>
<margin>left-middle</margin>
Aulcuns estiment l<m>huile<lb/>

de <pa>noix</pa></m> meilleur</ab>

<ab>
<margin>left-middle</margin>
Sil y a quantite de<lb/>

<m>vernis</m> il fault bien<lb/>

quil bouille <ms><tmp>un demy<lb/>

jour</tmp></ms>Car il est<lb/>

meilleur tant plus il<lb/>

boult Il est dangereux<lb/>

que le feu sy mecte<lb/>

sil sen va par<lb/>

dessus et est malaise<lb/>

destaindre Fais<lb/>

le doncq dans une <lb/>

<env>basse court</env> ou <env>lieu<lb/>

descouvert</env></ab>

<ab>
<margin>left-middle</margin>
En cinq ou six <ms>lb</ms> d<m>huile</m><lb/>

on mect une <ms>lb</ms> de <m>Galipot</m><lb/>

qui coste 4 <cn>s<exp>ols</exp></cn> &amp; des <m>gousses<lb/>

d<pa>ail</pa> pelees</m> Ce <m>vernis</m><lb/>

de soymesme nest pas<lb/>

noir Mays il se<lb/>

noircist au foeu</ab>

<ab>

<margin>left-middle</margin>

Voy cy apres<lb/>

vers la 3 partye<lb/>

de ce livre apres les<lb/>

sables au chapitre<lb/>

du <pro>fourbisseur</pro></ab>

</div>

<div>
<id>p004v_2</id>
<head><m>Vernis noir</m> sans foeu sans<lb/>

demonter les harnois ou deffaire<lb/>

les bandes des bahus</head>

<ab>Prens <m>vernis dhuile d<pa>aspic</pa></m> &amp; y mesle du <m>noir
a noircir</m><lb/>

ou du <m>noir de lampe</m> &amp; sans foeu il se destrempe de
soimesme<lb/>

<m>Vernis</m> avecq une <tl>broisse</tl> &amp; il sera bien tost sec
Le<lb/>

<m>vernis de tourmentine</m> seroict bien bon Mays il ne seche pas si
tost</ab>

</div>
<div>
<id>p004v_3</id>
<head><m>Vernis des <pro>graveurs sur le<lb/>

fer</pro></m></head>

<ab>Prens <m>huile de <pa>lin</pa></m> ou <m>huile de <pa>noix</pa></m>
&amp; au lieu de <m>poix<lb/>

noire</m> tu y mectras un peu de <m>poix resine</m> &amp; le fault
cuire<lb/>

a la facon du <m>vernir<comment>c_004v_04</comment> noir</m> a foeu Et
pour lapliquer<lb/>

chaufe ton <m>fer</m> &amp; ne luy donne quune couche de
<m>vernis</m><lb/>

&amp; quand il ne fumera plus il est sec grave apres avecq<lb/>

la <tl>poincte d<m>acier</m></tl> ce que tu vouldras Apres
<add>ayes</add><comment>c_004v_05</comment> du <m>sel</m> &amp;<lb/>

du <m>verdegris</m> &amp; le destrempe aultant dun que daultre<lb/>

en <m>vinaigre bien fort</m> &amp; le laisse XX4
<ms><tmp>heures</tmp></ms> deva<exp>n</exp>t<lb/>

quen user &amp; tout se destrempera Apres estens de ceste<lb/>

liqueur ou saulce sur la chose gravee avecq une <tl>esponge</tl></ab>

<cont/>

</div>
</root>
