<root>
<page>071v</page>

<image>http://gallica.bnf.fr/ark:/12148/btv1b10500001g/f148.image</image>

<div>

<id>p071v_1</id>

<head><m>Vernis</m></head>

<ab>Sur <ms>demy lb</ms> d<m>huile d<pa>aspic</pa></m> mects 4
<ms><figure>℥</figure></ms> de <m>sandarach</m><lb/>

&amp; de <m>mastich pulverises subtillem<exp>ent</exp></m> Et fais
premierem<exp>ent</exp> bouillir<lb/>

l<m>huile</m> dans un <tl>pot</tl> sur un <tl>rachault</tl> et puys
mesles y petit <add>a petit</add><lb/>

les susdictes <m>gommes</m> tousjours remuant avecq un <tl>petit
baston<lb/>

refendu et escartele par le bout</tl> &amp; co<exp>mm</exp>e avecq ce
bout tu ne<lb/>

rameneras point de <m>gomme</m> cest a dire quelle est toute fondue<lb/>

&amp; que ton <m>vernis</m> est faict Et pour le rendre plus clair<lb/>

mects y a discoction un petit lopin de <m>camphre</m> Il est vray<lb/>

quavecq cela il nest pas si tost sec Advises bien que l<m>huile<lb/>

d<pa>aspic</pa></m> soict bon clair &amp; point gras
aultrem<exp>ent</exp> ton <m>vernis</m> ne<lb/>

vauldroit rien Tu le peulx prouver <del>d</del> trempent dedans<lb/>

du <m>papier</m> &amp; le chaufer Si l<m>huile</m> qui sevaporera
laisse<lb/>

ton <m>papier</m> nect sans <del>estre</del> marque jaulnastre il est
bon<lb/>

sinon il est gras</ab>

</div>

<div>

<id>p071v_2</id>

<head>Graisse de <al>mouton</al></head>

<ab>En certaine contree d<pl>angleterre</pl> les <al>moutons</al> qui
y<lb/>

paissent ont la graisse fort jaulne Et sont neantmoings<lb/>

aussy bons que les aultres</ab>

</div>

<div>

<id>p071v_3</id>

<head><al>Araigne</al></head>

<ab>En <pl>hibernie</pl> il ne sen trouve poinct &amp; si on les
touche<lb/>

dun <tl><m>bois</m></tl> quil y a elles meurent Cest pourquoy
aulcuns<lb/>

<pro>riches</pro> d<pl>angleterre</pl> font leurs planchers de ce
<m>boys</m> &amp;<lb/>

par ce moyen ils nont jamays darantelles &amp; toiles<lb/>

d<al>iraignee</al></ab>

</div>

<div>

<id>p071v_4</id>

<head>Sable</head>

<ab>La <m>moulee</m> est fort bonne pour gecter en <m>cuivre</m> mays il
ne<lb/>

fault prendre de <m>celle des <pro>cousteliers</pro></m> car ce nest que
<m>vase</m><lb/>

Mays de celle que font ceulx qui <del>moulent</del> esmoulent les
grands<lb/>

ciseaulx</ab>

<ab>Les <m>pierres de filieres</m> dequoy adoulcissent <pro>ceulx qui
aguisent</pro><lb/>

moule fort net estant raclee pour le <m>plomb</m> Elle est
commun<exp>ement</exp><lb/>

de couleur d<m>ardoise</m> On en porte fort a
<pl>Th<exp>ou</exp>l<exp>ous</exp>e</pl> devers
<pl>Carcassonne</pl></ab>

</div>
</root>
