<root>
<page>047r</page>

<image>http://gallica.bnf.fr/ark:/12148/btv1b10500001g/f99.image</image>

<div>

<id>p047r_1</id>

<head>Pour les <bp>dents</bp></head>

<ab><m>Sel armoniac</m> i <ms><figure>℥</figure></ms> <m>Sel gemme</m> 1
<ms><figure>℥</figure></ms> <m>alum</m> <ms>demy <figure>℥</figure></ms>
fais<lb/>

<m>eau</m> par la <tl>cornue</tl> Et de si peu que tu en toucheras la
<bp>dent</bp><lb/>

le <m>tartre</m> &amp; noirceur sen ira Il est vray quil est de
<sn>mauvaise<lb/>

odeur</sn> Mays tu le peulx mesler avecq <m>miel rosat</m> &amp; un
peu<lb/><comment>c_047r_01</comment>

d<m>huile de <pa>girofle</pa> ou <pa>canelle</pa></m>

</ab>

</div>

<div>

<id>p047r_2</id>

<head><m>Huile dantimoine</m></head>

<ab>Elle jaulnist bien fort mesmes l<m>argent</m> si tu le poses sur
iceluy<lb/>

estant chaufe

</ab>

</div>

<div>

<id>p047r_3</id>

<head>Contre mal caducq ou vertige</head>

<ab>Porte pendue au <bp>col</bp> de la <m>racine de <pa>pæonia</pa></m>
qui soict<lb/>

cuillie <tmp>au descroissant de la lune</tmp>

</ab>

</div>

<div>

<id>p047r_4</id>

<head>Creusets</head>

<ab>Ceulx de <pl>bayonne</pl> qui semblent estre de <m>gres</m> sont
meilleurs<lb/>

car ilz durent sans comparaison plus que les aultres Et pourcequilz<lb/>

ne sont gueres espes on gaste moings de <m>charbon</m> a la fonte de
l<m>or</m><lb/>

&amp; <m>argent</m> car ilz sont incontinent eschaufes Ilz ne supent pas
tant<lb/>

l<m>argent</m> que les aultres &amp; pour ceste occasion il ne sy trouve
gueres<lb/>

de <m>laveures</m> Ilz ne sont pas aussy si subgects a se verser que
les<lb/>

aultres qui ont le pied plat

</ab>

</div>

<div>

<id>p047r_5</id>

<head>Contre diarrhœe et dysentherie</head>

<ab>Contre la diarrhœe il est tresbon duser de la <m>conserve<lb/>

de <pa>symphitum</pa></m> aultrem<exp>ent</exp> <m><pa>consolida
maior</pa></m> Et si cest contre<lb/>

la dissenterie tu peulx avecq cella frotter les <bp>temples</bp> le
<bp>creulx<lb/>

des mains</bp> &amp; la <bp>plante des pieds</bp> d<m>huile de cire</m>
&amp; en prendre<lb/>

une <ms>goutte</ms> ou deulx avecq une <tl><ms>cuelleree</ms></tl> de
<m>bouillon</m> La <m>racine<lb/>

de <pa>consolida maior</pa> pilee</m> &amp; mise entre des
<del>pieces</del> coupeures en<lb/>

une piece de <m><al>boeuf</al></m> puys bouillie les reunist a ce quon
dict

</ab>

</div>
</root>
