<root>
<page>152r</page>

<image>http://gallica.bnf.fr/ark:/12148/btv1b10500001g/f309.image</image>

<div>

<id>p152r_1</id>

<head>Mouler un <al>rat</al></head>

<ab>La barbe de ses moustaches seroict malaisee a venir de gect<lb/>

tu les pourras doncq raire avecq du foeu co<exp>mm</exp>e <del>d</del>le
<pn>tyran de <pl>Syracuse</pl></pn><lb/>

&amp; apres tu luy en pourras remectre <del>darg</del> de naturelles
<m>argentees</m><lb/>

La queue est belle moulee pourcequelle est faicte a petits cercles<lb/>

escailles presques co<exp>mm</exp>e celle dun <al>lesard</al> &amp; afin
que le poil<lb/>

nempesche de bien mouler brusle au foeu dune <tl>petite
chandelle</tl><lb/>

Le reste du corps se doibt oindre avecq <m>huile de
<pa>froment</pa></m><lb/>

qui tiendra le poil roide &amp; couche si bien que le sable ne<lb/>

lenlevera poinct en si embrouillant pour empescher de venir net<lb/>

L<m>huile de <pa>froment</pa></m> estant sec ce qui sera bien tost tu
pourras<lb/>

passer un <tl>peigne fort delie</tl> sur le poil pour le diviser
affin<lb/>

quil se monstre au gect Sur une <al>petite souris</al> tu peulx
bien<lb/>

mectre de l<m>huile commun</m> pour baisser le poil Et plustost<lb/>

que mouler ses animaulx (excepte les <al>serpents</al> &amp;
<al>lesards</al>)<lb/>

laisse les <del>reposer</del> demeurer morts <tmp>un <ms>jour</ms> ou
deulx</tmp> pour<lb/>

les avoir plus maniables Car ilz se tiennent roides apres<lb/>

leur mort &amp; ne se peulvent bien acommoder a leur vray plant<lb/>

quilz ne soient un peu amollis Touteffois si tu le moules<lb/>

incontinent apres quil est mort ou luy donne son plant<lb/>

plustost quil ne se roidisse tu feras bien <del>Au</del> Et
pourceque<lb/>

les yeulx se meurent <del>tu y en</del> si tu <add>ne</add> le moules
promptem<exp>ent</exp> tu pourras<lb/>

substituer dans les yeulx des <m>moicties de <pa>poix</pa> bien
ronds</m><lb/>

desnues de leur peau &amp; escorce Aulcuns font muer le<lb/>

<al>rat</al> Aultres loignent d<m>huile d<pa>olif</pa></m> qui est
amiable Car<lb/>

l<m>huile de <pa>froment</pa></m> est espes &amp; ha trop de corps Cest
pourquoy<lb/>

on nen use gueres que pour donner quelque traict a un<lb/>

pied de <al>mouche</al> ou soubs un aisle pour les tenir roydes<lb/>

Aultres couchent le pol avecq un <m>jaune doeuf</m> qui est bien<lb/>

tost sec &amp; amiable Plante le plustost que l<m>huiler</m> sur la<lb/>

<tl>plaste de <m>ardille</m></tl> et leve luy la teste avecq une
<tl>pointe de<lb/>

<m>fer</m></tl> &amp; asseure luy aussy les pieds avecq des
<tl>poinctes</tl> &amp; la<lb/>

queue Frotte le d<m>eau de vye</m> estant sec de l<m>huile</m> Puys<lb/>

gecte ton sable apres descouvre le co<exp>mm</exp>e les aultres
animaulx<lb/>

&amp; fais le second gect Il ne fault pas ouvrir le<lb/>

<tl>moule</tl> quil ne soict recuit &amp; le <al>rat</al> brusle</ab>

<ab><margin>left-middle</margin><figure>+</figure>

Le <al>rat</al> pourcequil<lb/>

est espes vient<lb/>

mieulx estant<lb/>

creux sil est <al>grand<lb/>

rat</al> une <al>souris</al><lb/>

se moule mieulx<lb/>

pourcequelle ha<lb/>

le poil plus court<lb/>

Il nest pas possible<lb/>

de bien mouler<lb/>

ung animal qui<lb/>

ha les <m>os grandelets</m><lb/>

co<exp>mm</exp>e un <al>oiseau</al><lb/>

ou <al>rat</al>sans ouvrir<lb/>

le <tl>moule</tl> pour le<lb/>

bien nettoyer Car<lb/>

les <m>os</m> ne se<lb/>

calcinent poinct

<figure/></ab>

<ab><margin>left-middle</margin>

Toute plume<lb/>

&amp; tout poil<lb/>

est malaise<lb/>

a mouler selon<lb/>

le naturel</ab>

<ab><margin>left-middle</margin>

Le <m>beurre</m> pour<lb/>

oindre lanimal<lb/>

a poil est meilleur<del>e</del><lb/>

que l<m>huile de <pa>froma<exp>n</exp>t</pa></m><lb/>

pourcequil est plus<lb/>

amiable</ab>

<ab><margin>left-bottom</margin>

Si le <al>rat</al> est gra<exp>n</exp>d<lb/>

il est bon de luy oster<lb/>

les entrailles ou<lb/>

layant moule<lb/>

le faire seicher<lb/>

au <tl>four</tl> pourceque<lb/>

la grand humidite<lb/>

quil ha vient<lb/>

a bouillir dans<lb/>

le <tl>moule</tl> &amp; le<lb/>

gaste &amp; faict<lb/>

grumeleux</ab>

<ab><margin>left-middle</margin>

Ne mects ton<lb/>

<tl>moule</tl> <env>au froid</env><lb/>

quil ne soict bien refroidy lentem<exp>ent</exp> a sec<lb/>

Aultrem<corr><exp>ent</exp></corr> il emboit lhumidite qui le faict<lb/>

rompre</ab>

</div>
</root>
