<root>
<page>044v</page>

<image>http://gallica.bnf.fr/ark:/12148/btv1b10500001g/f94.image</image>

<div>

<id>p044v_1</id>

<head>Tamis de <m>poil de <al>cheval</al></m></head>

<ab>Ils se font a <pl>coustance</pl> en <pl>normandie</pl> de <m>poil de
la que<exp>u</exp>e de <al>cheval</al></m><lb/>

quilz nettoyent avecq de la <m>lessive</m> a cause quilz les trient
avecq<lb/>

la <tl><bp>bouche</bp></tl> &amp; en separent les courts &amp; rompus
Ils ne font<lb/>

pas la <tl>lame</tl> plus longue que le tamis &amp; est ronde Ils
attachent<lb/>

par les deulx extremites de la <tl>lames</tl> le <m>poil</m> ou blanc ou
noir<lb/>

selon louvrage quils veulent faire Et est est faicte la trame<lb/>

dessus &amp; dessoubs comme pour faire quelque aultre tyssu Et<lb/>

passant entre deulx un <tl>petit baston plat</tl> <ms>large de ii ou
trois <bp>doitgs</bp></ms><lb/>

ilz passent apres deulx <m>poils</m> a chasque frapem<exp>ent</exp> de
marche Et<lb/>

tissent avecq trois marches Il y a en tout le tamis xvii^(c)

<m>poils</m><lb/>

Ils les vendent a <ms>douzaines</ms> &amp; chascune xxx
<ms><cn>s<exp>ols</exp></cn></ms> Ils les portent<lb/>

jusques a <pl>Th<exp>ou</exp>l<exp>ou</exp>se</pl> pour les transporter
apres en <pl>espaigne</pl> Et<lb/>

prenent en eschange de l<m>estamine de soye</m></ab></div>

<div>

<id>p044v_2</id>

<head>Excellente <m>eau</m> co<exp>n</exp>tre la peste / de
<pn>m<exp>onsieu</exp>r de montorsin</pn></head>

<ab>Prens <m>Theriaque</m> <m><pa>rue</pa></m> &amp;
<m><pa>dictam</pa></m> &amp; <m>bon vinaigre</m> mects<lb/>

tout dans une <tl>bouteille de <m>verre</m></tl> la laissant a demy
ouverte<lb/>

&amp; bien sellee Et la mects en bain fort lent trois ou 4
<ms><tmp>jours</tmp></ms><lb/>

Puys separe ta decoction de la residence de laquelle en temps<lb/>

de besoing tu verseras sur un <tl>quarreau rouge enflamme</tl> &amp;
en<lb/>

recepvras la vapeur &amp; en parfumeras aussy tes vestem<exp>ents</exp>
cest<lb/>

un secret fort rare &amp; esprouve</ab></div>

<div>

<id>p044v_3</id>

<head><m>Huile blanc somnifere</m></head>

<ab>Prens x ou 12 <m>pommes de <pa>Mandragore</pa></m> mects les a<lb/>

quartiers dans de l<m>huile d<pa>olif</pa></m> le tout dans une
<del><tl>phiol</tl></del> <tl>bouteille<lb/>

de <m>verre</m></tl> laquelle tu poseras au bain marie par deulx
<ms><tmp>jours</tmp></ms><lb/>

Et ton <m>huile</m> viendra blanc duquel si tu frottes un peu la<lb/>

<bp>plante des pieds</bp> tu auras bien tost envye de dormir</ab></div>

<div>

<id>p044v_4</id>

<head><m>Stuc</m></head>

<ab>Aulcuns pour <m>coller</m> <m>pierre</m> nemployent pas la
<del>poi</del> <m>gemme</m> &amp;<lb/>

<m>poix</m> <m>resine noire</m> pourcequelle est trop grasse Mays
prenent<lb/>

de la <m>rousine</m> &amp; du <m>soufre</m> <ms>aultant <del>que</del>
dun que daultre &amp;</ms><lb/>

aultant de <m>cire</m> que de tous deulx Et y meslent de la
<m>brique<lb/>

pilee</m> pour le plus fort Aultres de la <m>croye blanche</m> ou
<m>pierre<lb/>

blanche pilee &amp; pulverisee &amp; tamisee</m></ab></div>
</root>
