<root>
<page>157v</page>

<image>http://gallica.bnf.fr/ark:/12148/btv1b10500001g/f320.image</image>

<div>

<id>p157v_1</id>

<head><m>Cendre</m> dans les <tl>moules</tl></head>

<ab>Il fault laisser froidir le <tl>moule</tl> plustost que<lb/>

soufler pour fayre sortir les <m>cendres</m> Car quand<lb/>

le <tl>moule</tl> est chault elle adherent contre luy &amp;
esta<exp>n</exp>t<lb/>

froid plus aysem<exp>ent</exp> sen separent &amp; sen vont en
souflant<lb/>

avecq le vent en vapeur</ab>

</div>

<div>

<id>p157v_2</id>

<head>Mouler un <al>oiseau</al></head>

<ab>Il fault luy donner son plant Et pour ce faire le mectre<lb/>

de coste sur la <tl>platine d<m>ardille</m></tl> Et cacher dans
icelle<lb/>

&amp; enfoncer la moictie dudict <al>oiseau</al> <add>affin</add> quil
ne mostre quune<lb/>

jambe &amp; un pied puys tu loindras de <m>beurre</m> pour faire<lb/>

tenir la plume couchee En fin <del>d<m>huile</m></del> d<m>eau de
vye</m> Et<lb/>

puys gecte Et ayant faict prise nettoye &amp; descouvre<lb/>

ce qui en aura besoing Apres moule laultre coste<lb/>

de mesme sorte Mays pourceque les pied estants d<m>os</m><lb/>

malaises a brusler &amp; qui ne se pourroient point nettoyer<lb/>

ne par <m>argent vif</m> <del>Si</del> ne aultre moyen si le
<tl>moule</tl> ne<lb/>

souvroit descouvre le dessoubs des pieds &amp; lorteil ou petit<lb/>

doigt du talon &amp; moule dune piece a part fais recuire<lb/>

&amp; ouvre ton <tl>moule</tl> &amp; nettoye les <m>os</m> Les pieds
co<exp>mmun</exp>ement<lb/>

demeure foibles pour soubstenir la masse de l<al>oiseau<lb/>

massif</al> Et pour ceste cause on adapte un <tl><m>fil de
fer</m></tl><lb/>

dans le <tl>moule</tl> des pieds qui passent dans le corps plustost<lb/>

que gecter ainsy ilz se renforcissent Aulcuns moulent<lb/>

les aisles en <tl>chassis</tl> Aultres moulent la teste &amp; lesdictes
aisles<lb/>

a part en noyau puys les raportent &amp; reparent pour esbaucher<lb/>

premierem<corr><exp>ent</exp></corr> une forme qui soict roide &amp;
soubstiene le sable<lb/>

destrampe</ab>

<ab><margin>left-middle</margin>

Ils sescorchent<lb/>

&amp; remplissent<lb/>

le <tl><m>toile cottonee</m></tl><lb/>

&amp; pour mieulx<lb/>

il fault adouber<lb/>

a la facon des<lb/>

<pro>corroyeurs</pro> affin<lb/>

quilz ne perdent<lb/>

point la <m>plume</m><lb/>

leste Ladoub<lb/>

est <m>alum</m> &amp; <m>paste<lb/>

de farine</m></ab>

</div>

<div>

<id>p157v_3</id>

<head>Po<exp>ur</exp> f<exp>air</exp>e h<exp>…</exp> vin
f<exp>…</exp>rs</head>

<ab>Prenez un <tl>chausson du <bp>pied droi<del>d</del><add>t</add></bp>
qui ait este porte</tl> et le faictes<lb/>

<del>boyre au</del> tremper en <m>eau</m> et de l<m>eau</m>
q<exp>u</exp>i en sortira la f<exp>air</exp>e boyre au mesme<lb/>

ou au au<exp>tr</exp>e et v<exp>er</exp>rez merveilles</ab>

</div>
</root>
