<root>
<page>069v</page>

<image>http://gallica.bnf.fr/ark:/12148/btv1b10500001g/f144.image</image>

<div>

<cont/>

<id>p069r_2</id>

<ab>Le sable <env>pres de mon sol</env> est fort excellent Mays il<lb/>

fault pour fayre ouvrage excellent le prendre frais qui<lb/>

naye gueres travaille Car il se deseiche apres avoyr gecte<lb/>

plusieurs foys &amp; est aride &amp; nha point de corps Si tu<lb/>

gectes quelque ouvraige subtil qui naye gueres despesseur<lb/>

il fault que ta matiere de <m>cuivre</m> soit fort chaulde affin<lb/>

quelle penetre &amp; coure Aulcuns meslent du <m>plomb</m> parmy<lb/>

ceste fonte mays cest pour les grands ouvraiges &amp; non<lb/>

pour les petits </ab>

<ab>Le <m>sable de pieds de <al>bœuf</al> brusles deulx foys &amp;
fort<lb/>

subtilies</m> font plus net en <m>cuivre</m> &amp; sans chape que
sable<lb/>

que jay veu Jen ay gecte une medaille de relief bien<lb/>

hault Et <del>f</del> deliee de lespesseur dun tranchant de<lb/>

<tl>costeau</tl> ou dune <tl>carte</tl> Et estoict creuse dun coste au
droict<lb/>

du relief qui estoit de laultre part </ab>

<ab>Il fault que les <m>sables maigres</m> soient plus humectes<lb/>

que les aultres scavoir de <m>magistra</m> ou de bon <m>vin pur</m><lb/>

ou de <m>vin bouilly avecq de la racine d<pa>orme</pa></m> &amp;
semblables<lb/>

Mays les <m>sables forts subtils</m> co<exp>mm</exp>e le <m>linge
brusle</m> qui<lb/>

est gras &amp; douls de soymesme veult estre aplique sec</ab>

<ab>Tout sable humecte veult estre fort battu &amp; demene<lb/>

pour estre subtilie &amp; aplany des petites glebes qui se<lb/>

font en luy quand il est baigne </ab>

<ab>L<m>huile d<pa>olif</pa></m> quaulcungs meslent parmy la
<m>glaire<lb/>

doeuf battue</m> faict soufler</ab>

<ab>Le <m>sable de verre calcine</m> soubstient force fusions<lb/>

Mays il ny ha que les premieres il soufle aussy</ab>

<ab>Le <m>laicton</m> vient bien seul Mays il charge il est bon<lb/>

de le mesler dun peut de <m>cuivre</m> come dun <ms>quart</ms>
avecq<lb/>
<m>matiere de poilonne</m></ab>

<ab>Les <pro>fondeurs</pro> gectent bien chassis jusques a 30 ou 40<lb/>

<ms>lb</ms> Mays non pas dadvantaige </ab>

<ab>
<margin>left-middle</margin>
Il est bon pour gra<exp>n</exp>d<lb/>

ouvrage Mays pour<lb/>

petit il est malaise<lb/>

a despouiller <del>Il</del> a<lb/>

cause quil sesmie<lb/>

Il est bon quil soit<lb/>

un peu allie de quelque<lb/>

chose grasse qui aye<lb/>

lyaison co<exp>mm</exp>e <m>tripoly<lb/>

Moulee</m> ou <del>ab</del> <m>feultre<lb/>

brusle</m> ou <m>sel armoniac</m><lb/>

ou <m>tripoly</m> &amp; semblables</ab>

<cont/>

</div>
</root>
