<root>
<page>110r</page>

<image>http://gallica.bnf.fr/ark:/12148/btv1b10500001g/f225.image</image>

<div>
<id>p110r_1</id>
<head>Mouler</head>

<ab>Tu pourrois bien mouler sur la chose <add>et animal</add> desja
gectee Mays il ne<lb/>

vient jamays si bien que sur le naturel avecq lequel tu peulx<lb/>

faire quattre ou cinq moules</ab>

</div>

<div>
<id>p110r_2</id>
<head><m>Rocher</m> &amp; <env>grotte</env></head>

<ab>Il fault piler des <m>marchasites blanches &amp; jaulnes</m> &amp;
diverses<lb/>

sortes de <m>mines</m> &amp; puys les bien laver affin que la
partye<lb/>

terrestre &amp; pouldreuse se nettoye &amp; quil ne demeure que le<lb/>

grain luisant de la <m>mine</m> de laquelle tu saulpoudreras<lb/>

ta <m>roche</m> premierem<exp>ent</exp> couchee de <m>colle forte</m> Si
ta <del>grasse</del><lb/>

<env>grotte</env> nest<del>r</del> point pour fontaine &amp; pour
toucher <m>eau</m> Et<lb/>

tu auras un bel ouvrage</ab>

</div>

<div>
<id>p110r_3</id>
<head><al>Serpens</al></head>

<ab>Quand ils se sentent pris ils ne mordent gueres &amp; nont pas<lb/>

grand vertu de nuire si ce ne sont fort grans <al>serpens</al> Le<lb/>

principal est de se garder destre mordu plustost que lavoir<lb/>

prins Et luy ayant mis le <tl><bp>pied</bp></tl> dessus au plus pres du
col<lb/>

quon peult il le fault prendre le plus pres de la teste car<lb/>

il ne scauroit mordre sil na moyen dalonger le col &amp; faire un<lb/>

tour sinueulx &amp; oblique &amp; ne <del>s</del> peult nuire de droicte
attaque<lb/>

co<exp>mm</exp>e aussy il ne scauroit marcher de droict aller ains
entortile<lb/>

en forme de S Jay veu que <pn>celuy qui maprist a les mouler</pn><lb/>

nen faisoict aucun compte &amp; masseuroit ny faire aultre
subtilite<comment>c_110r_01</comment><lb/>

sinon quen le prenant il le tiroit un peu presse &amp; acache par<lb/>

le col &amp; le faisant passer soubs le soulier il laplatissoit de
telle<lb/>

sorte quil rendoit <del>soubs</del> par le fondem<exp>ent</exp> qui est
a cinq ou six<lb/>

<ms><bp>doitgts</bp></ms><comment>c_110r_02</comment> du bout de la
queue tout ce quil avoit de meschant<lb/>

et veneneux dans le ventre quapres cela il nha point force<lb/>

de mordre Et si par cas fortuit il mordoit ou rejectoit<lb/>

par le fondem<exp>ent</exp> quelque ordure Il ne faisoit que
creuser<lb/>

la <env><m>terre</m></env> avecq un <tl>costeau</tl> &amp; y ensepvelir
sa <bp>main</bp> <env>dans la<lb/>

<m>terre fresche &amp; humide</m></env> Laquelle apliquee fresche
<del>en</del> sur<lb/>

la <md>partie infectee</md> en tire tout le venin sans aultre chose<lb/>

Aultant est il du venin du <al>crapault</al> que jay veu
experimenter</ab>

<ab>
<margin>left-middle</margin>
Dans trois<lb/>

il est presque<lb/>

aultant<lb/>

maigre quil<lb/>

sera apres sil<lb/>

ne mange poinct<lb/>

Le mouler le<lb/>

plustost apres<lb/>

quil est pris<lb/>

est le meilleur<lb/>

deva<exp>n</exp>t quil<lb/>

samaigrisse<lb/>

Il ne le fault<lb/>

faire mourir<lb/>

quun <ms><tmp>quart<lb/>

dheure</tmp></ms> deva<exp>n</exp>t<lb/>

que tu veulx<lb/>

mouler</ab>

<cont/>

</div>
</root>
