<root>
<page>033v</page>

<image>http://gallica.bnf.fr/ark:/12148/btv1b10500001g/f72.image</image>

<div>

<id>p033v_1</id>

<head>Pour fayre sembler <del>que</del> a quelquu<exp>n</exp><lb/>

quil aura une <tl>piece d<m>argent</m></tl> au
<bp>fro<exp>n</exp>t</bp></head>

<ab>Ayes un <tl>gecton</tl> ou <tl>piece d<m>argent</m></tl> et la
mouille et te la<lb/>

fais tenir contre le <bp>front</bp> Puys dis a
l<pro>assistant</pro><lb/>

que si tu la luy mects ainsy sur son <bp>front</bp> quil ne la<lb/>

pourra faire tumber sans y porter les <bp>mains</bp> quelque<lb/>

secouem<exp>ent</exp> quil fasse de la <bp>teste</bp> Et faisant
semblant<lb/>

de la luy poser sur le <bp>front</bp> retiens la dans la
<bp>main</bp><lb/>

&amp; mouille ton <bp>pouse</bp> de ta <m><bp>salive</bp></m> puys le
presse bien fort<lb/>

sur le <bp>front</bp> Et pensant avoyr la piece au <bp>front</bp> a
cause<lb/>

de la <sn>froideur</sn> de la <m><bp>salive</bp></m> Il secouera les
<bp>oreilles</bp><lb/>

&amp; nadvancera rien</ab>

</div>

<div>

<id>p033v_2</id>

<head>Pour fayre sortir du <bp>front</bp> de<lb/>

quelquun du <m><bp>sang</bp></m> ou du <m>vin</m> ou dune<lb/>

<env>muraille</env></head>

<figure>

<id>fig_p033v_1</id>

<margin>left-middle</margin>

<link>https://drive.google.com/open?id=0B9-oNrvWdlO5MXk2RzNQdF9aeDg</link>

</figure>

<ab>Ayes un <tl><oc>ambu</oc></tl> ou <tl>entonnouer de <m>fer
blanc</m></tl> qui soict double<lb/>

quand au corps <del>d</del> mays non pas la queue Au bort du<lb/>

hault fais quil y aye un petit pertuis &amp; <del>au</del> un
aultre<lb/>

un peu plus grand a la doubleure de dedans qui soict un<lb/>

peu plus hault que le bout ainsy que tu peulx voir a<lb/>

lexemple cy apose Puys quand tu ten vouldras servir<lb/>

Mays dedans du <m>vin</m> ou de la <m>rosette liquide de bresil</m>
ou<lb/>

du <m>just de <pa>cerises noires</pa></m> Et tenant <del>le</del> du
<bp>petit doigt</bp> le pertuis<lb/>

de la queue bouché fais que l<tl><oc>ambu</oc></tl> soict bien
remply<lb/>

affin que le <m>vin</m> <del>en</del> puysse entrer en la doubleure par
le<lb/>

pertuis du bort &amp; sil nentroict bien faisant semblant de<lb/>

<sn>taster</sn> du <m>vin</m> suppe &amp; attire un peu l<m>air</m> a
toy en beuvant<lb/>

a lendroict du petit pertuis Apres fais boire a lun des<lb/>

voisins <pro>assistans</pro> le reste du <m>vin</m> ou le jecte ou
laisse couler<lb/>

par le bout Mays plustost il te fault avoyr mis le<lb/>

<bp>poulce</bp> bien presse sur le pertuis du bord den hault Car<lb/>

en ceste sorte par la compression de l<m>air</m> le <m>vin</m> se
retient<lb/>

en la doubleure Lors avecq un <tl>poincon arrondy par<lb/>

le bout &amp; qui entre dans son manche</tl> tu fais semblant de<lb/>

percer le <bp>front</bp> a un qui tient un <tl><m>verre</m></tl> en la
<bp>main</bp> Et penda<exp>n</exp>t<lb/>

que tu perces tu couvres ton faict avecq l<tl><oc>ambu</oc></tl> que tu
tiens pres du <figure>#</figure></ab>

<ab>

<margin>left-middle</margin>

<figure>#</figure>

<bp>front</bp> puys ostant le<lb/>

<bp>poulce</bp> de dessus le<lb/>

pertuis du bord den<lb/>

hault l<m>air</m> estant libre<lb/>

fera que le <m>vin</m> sortira<lb/>

de la doubleure par le<lb/>

pertuis marque B &amp; tumbera<lb/>

par le bout marque C<lb/>

dans le <tl><m>verre</m></tl> Mays<lb/>

il fault bien faire<lb/>

baisser la <bp>teste</bp> au<lb/>

<pro>pelerin</pro> pour bien faire</ab>

</div>
</root>
