<root>
<page>036v</page>

<image>http://gallica.bnf.fr/ark:/12148/btv1b10500001g/f78.image</image>

<div>

<id>p036v_1</id>

<head><pro>Fondeur</pro></head>

<ab>Les pots de cuisine se font bons pour ne donner poinct<lb/>

<sn>mauvays goust a la viande</sn> avecq du mesme <m>metal duquel<lb/>

les cloches se font</m> Il est vray que pour les rendre plus<lb/>

vendables les <pro>fond<del>ables</del><add>eurs</add></pro> y meslent
plus de <m>letton</m> pourcequilz<lb/>

sont plus jaulnes Mays le <m>letton</m> de soymesme &amp; a son
seul<lb/>

attouchem<exp>ent</exp> est <sn>puant</sn> &amp; de <sn>mauvaise
odeur</sn></ab>

<ab>Le <m>letton</m> ne perd point ou bien peu sa <m>calamine</m> au
<tl>four a vent</tl><lb/>

quand il se fond au <tl>creuset</tl> ne gueres au <tl>four a
<m>boys</m></tl> Mays<lb/>

bien au <tl>four a souflets</tl> pourceque les <tl>souflets</tl>
donnent<lb/>

feu de chasse</ab>

</div>

<div>

<id>p036v_2</id>

<head><tl>Four a vent</tl></head>

<ab>Il fault quil soict plus estroit a la gueule quau fonds<lb/>

Et cest asses que le <tl>creuset</tl> puisse entrer dedans &amp; quil
y<lb/>

aye espasse pour le retirer &amp; prendre avecq les
<tl>tenailles</tl></ab>

</div>

<div>

<id>p036v_3</id>

<head><m>Verre de <pro>vitriers</pro></m></head>

<ab>On dict quen <pl>lorraine</pl> &amp; en <pl>flandres</pl> le
<m>verre de bien</m><lb/>

se faict de <m>cendre de <pa>feugiere</pa></m> &amp; de <m>caillous</m>
Et que<lb/>

premierement ilz souflent une longue vessie laquelle<lb/>

un aultre <pro>ouvrier</pro> avecq de longues forces fend &amp;
couppe<lb/>

tout du long Puys ayant pose ceste longue vessie fendue<lb/>

sur une <tl><m>pierre</m></tl> ou <tl>platene</tl> large qui est dans le
<tl>four</tl><lb/>

un peu moings chault que de la fonte Elle se laisse<lb/>

dilater Et encores oultre ce ilz laplanissent avecq une<lb/>

longue &amp; <tl>grosse verge de <m>fer</m> ronde</tl> Puys la
retirent<lb/>

au <tl>four</tl> a recuire Il sen faict de mesme en
<pl>angleterre</pl><lb/>

de plus beau Aupres de <pl>rouan</pl> en <pl>France</pl> Le <m>verre
de<lb/>

plat</m> se faict avecq <del>sel de</del> <m><pa>salicor</pa></m> &amp;
<m>caillous</m> qui est plus<lb/>

blanc &amp; plus tendre que cestuy de <pl>lorraine</pl> Car le
<m>verre<lb/>

de plat</m> se peult fondre a la <tl>chandelle</tl> &amp; non pas cestuy
de<lb/>

<pl>lorraine</pl> Celuy de plat se soufle en longue vessie de<lb/>

laquelle un aultre coupe le bout puys le soufleur en<lb/>

tournant laplatise &amp; en touchant sur un <tl>plan</tl> qui est a
terre<lb/>

<del>A</del> puys la met a recuire Ainsy le milieu par ou elle se<lb/>

commance demeure tousjours</ab>

<ab><margin>left-middle</margin>

Le <m>verre</m> se peult<lb/>

refendre avecq la<lb/>

lumiere dune <tl>chandelle</tl><lb/>

en mouillant Mays<lb/>

non pas si justement<lb/>

quavecq le <tl><m>fer</m> chault</tl></ab>

</div>
</root>
