<root>
<page>088r</page>

<image>http://gallica.bnf.fr/ark:/12148/btv1b10500001g/f181.image</image>

<div>
<id>p088r_1</id>
<head><pa>Visme</pa></head>

<ab>Il se peult planter co<exp>mm</exp>e la <pa>ronce</pa> des deulx
costes &amp; ceulx qui<lb/>

plantent le gros pied contre mont disent quil faict plus grosse<lb/>

souche Mays il ny ha que la poincte en hault car il croist<lb/>

plus hault</ab>

</div>

<div>
<id>p088r_2</id>
<head><tl>Mortiers</tl></head>

<ab>Les <tl>mortiers de <m>cuivre fin</m></tl> ne jectent point de foeu
pourveu que<lb/>

le <tl>pilon de <m>fer</m></tl> ne soict point trempe Si faict bien le
<tl>mortier</tl> de<lb/>

<m>metal</m> pource quil est aigre On faict pour ceste occasion le<lb/>

fons des <tl>grands mortiers</tl> de <m>cuivre fin</m></ab>

</div>

<div>
<id>p088r_3</id>
<head><m>Vernis</m></head>

<ab><m>Huile de tormentine</m> <m>Tormentine</m> &amp; <m>bonne eau de
vye</m> pour le<lb/>

rendre desiccatif Fais chaufer sans mesler <tl>sur le rechault</tl><lb/>

affin quil se mesle <del>pu</del> de soymesme en fondant Apres
esprouve<lb/>

sur un <tl>costeau</tl> bien net &amp; tu cognoistras la sil ha asses de
corps<lb/>

&amp; sil ne coule point trop</ab>

</div>

<div>
<id>p088r_4</id>
<head>Hanter</head>

<ab>On trouve par experience que le greffe qui <del>est</del> ha son
entree<lb/>

dans linsition du coste du soleil prend bien peu souvent Quand il<lb/>

est aussy tortu</ab>

</div>

<div>
<id>p088r_5</id>
<head><pro>Boulangier</pro></head>

<ab>La <m>poulsiere</m> garde le <m><pa>bled</pa></m> de
<oc>cussonner</oc> Et pour le bien<lb/>

nettoyer quand il est tache &amp; co<exp>mm</exp>e rouille Passe des
<m>cendres</m><lb/>

par le <tl>tamis</tl> &amp; les mesle avecq le <m><pa>bled</pa></m> puys
bellute<lb/>

le tout avecq un <tl>belluteau de <m>grosse toile</m> ou
<m>canevas</m></tl><lb/>

les <m>cendres</m> passeront &amp; ton <m><pa>bled</pa></m> demeurera
jaulne net &amp; fort<lb/>

beau</ab>

</div>

<div>
<id>p088r_6</id>
<head><m>Estain de glace</m></head>

<ab>Il faict la matiere plus blanche</ab>

</div>
</root>
