<root>
<page>167r</page>

<image>http://gallica.bnf.fr/ark:/12148/btv1b10500001g/f339.image</image>

<div>

<id>p167r_1</id>

<head>Mortiers</head>

<figure>

<id>fig_p167r_1</id>

<link>https://drive.google.com/open?id=0B9-oNrvWdlO5QTU2dDJtWHU5Nmc</link>

</figure>@<comment>c_167r_01</comment>

<ab>Les mortiers se font de la meilleure ligue de <m>metal</m> &amp; de
<m>fine rosette</m><lb/>

quon peult affin quilz ne crevent poinct scavoir dune partye de
<m>metal</m><lb/>

&amp; deulx de <m>rosette fine</m> ou <m>vieulx chauldron</m> qui est
encores mieulx<lb/>

Les uns sont de quinze ou dixsept <ms>lb</ms> &amp; <del>ch</del> se
chargent de deulx <ms>lb</ms><lb/>

&amp; demye de <m>bonne pouldre grenee</m> &amp; sont pour apliquer aulx
fenestres<lb/>

&amp; portes communes Aultres sont du poix de 25 a 27 <ms>lb</ms> et
se<lb/>

chargent de 4 <ms>lb</ms> de <m>pouldre</m> Aultres de 45 <ms>lb</ms>
poisant &amp; se<lb/>

chargent de huict <ms>lb</ms> de <m>pouldre</m> Et ainsy se forment
selon leffort<lb/>

quilz ont affayre Il s<del>e</del>ont pardehors touts dune venue Mays
par<lb/>

dedans ilz sont faicts comme un <tl>crusol</tl>

<figure>

<id>fig_p167r_2</id>

<link>https://drive.google.com/open?id=0B9-oNrvWdlO5OUZCVWpfdmlzbWc</link>

</figure> plus estroicts au dedans<lb/>

de la culasse &amp; allant en eslargissant vers la gueule Et cest
pour<lb/>

leur donner force a la culasse a cause de la quantite de
<m>pouldre</m><lb/>

quilz tiennent &amp; quilz ne se crevent poinct <del>On leur donne a la
culasse</del><lb/>

Ceux de 45 <ms>lb</ms> ont huict <ms>lignes</ms> despesseur a la culasse
&amp; viennent<lb/>

par dedans en diminuant jusques a la gueule qui est de 4 <ms>lignes</ms>
Ils<lb/>

ont xii <bp><ms>poulsses</ms></bp> de long &amp; sept de diamettre en la
gueule &amp; ouverture</ab>

<cont/>

</div>
</root>
