<root>
<page>035r</page>

<image>http://gallica.bnf.fr/ark:/12148/btv1b10500001g/f75.image</image>

<div>

<id>p035r_1</id>

<head>Pour dire a quelquun que tu luy <del>monstreras</del><lb/>

enseigneras une chose quil ne scait pas<lb/>

ne toy aussy</head>

<ab>Ayes une <tl>fisselle</tl> ou <tl>petit baston</tl> et prens la
mesure<lb/>

<ms>despuys le bout de l<bp>oreille</bp> jusques au bout de son
<bp>nes</bp></ms><lb/>

puys luy fais voir Ainsy tu luy enseigneras ce que tu<lb/>

ne scavois pas ne luy aussy</ab>

</div>

<div>

<id>p035r_2</id>

<head>Pour fayre soubstenir un <tl>seau</tl> deau<lb/>

sur la poincte couchee de trois <tl>cousteaulx</tl><lb/>

sans toucher a terre</head>

<figure>

<id>fig_p035r_1</id>

<link>https://drive.google.com/open?id=0B9-oNrvWdlO5SGstUTZ6TFRnUjg</link>

</figure>

<ab>Selon la force de tes <tl>costeaulx ou <env>de cuisine</env> ou de
table</tl> tu feras<lb/>

soubstenir un grand pois sur leur poincte couchee &amp; disposee en<lb/>

triangle trenchant contre trenchant co<exp>mm</exp>e tu vois &amp; ilz
ne toucheroient<lb/>

poinct a terre Et si les ayant ainsi disposes tu les tournes de<lb/>

laultre part sans les desjoindre les bouts des manches
pourro<exp>n</exp>t<lb/>

aussi soubstenir poix sans toucher a terre Tu peulx bien aproprier<lb/>

cella a aultre usage avecq des <tl>piques avecq des soliveaulx</tl><lb/>

ou faire promptem<exp>ent</exp> un trepied au camp avecq trois
<tl>poinctes<lb/>

dhalebarde</tl> Si le tranchant du <tl>costeau</tl> marque A regarde de
la<lb/>

droicte a gaulche le bout des manches se leveront Mays si<lb/>

le tranchant du mesme <tl>costeau</tl> regarde de gaulche a droicte<lb/>

les poinctes sesleveront</ab>

</div>

<div>

<id>p035r_3</id>

<head>Pour faire bouillir sans foeu dans de l<m>eau<lb/>

froide</m> un <m>oeuf</m></head>

<ab>Vuides un <m>œuf</m> par les deulx bouts si bien quil ne demeure
rien dedans<lb/>

puys lemplisses de <m>chaulx vive</m> &amp; de <m>soufre vif</m> puys
estoupes les<lb/>

trous de <m>cire</m> &amp; le mectes en <m>eau</m> de sorte quil nage
deulx ou trois<lb/>

<ms><bp>doigts</bp></ms></ab>

</div>

<div>

<id>p035r_4</id>

<head>Pour faire sortir les <al>connils</al> dun
<env>terrier</env></head>

<ab>Prenes du <m>brassier</m> dans un <tl>pot</tl> &amp; ayant mis du
<m>soufre</m> dessus<lb/>

mettes le dans les <env>terriers</env> &amp; le bouches de quelque
legiere chose</ab>

</div>
</root>
