<root>
<page>115v</page>

<image>http://gallica.bnf.fr/ark:/12148/btv1b10500001g/f236.image</image>

<div>
<id>p115v_1</id>
<head>Gect d<m>estaim</m></head>

<ab>Si lherbe ou fleur que tu veulx gecter <del>en <m>estaim</m></del>
est delicate &amp;<lb/>

subtile Il fault que l<m>estaim</m> excede la mixture de <m>plomb</m>
&amp; au<lb/>

contraire si elle est espaisse il fault que le <m>plomb</m> excede
Doncq<lb/>

pour la <del>mixture</del> chose subtile mets sur de l<m>estaim fin</m>
non pas<lb/>

du tout la <ms>quarte partie</ms> de <m>plomb</m> Et fait que ton
<tl>moule</tl> soict<lb/>

<sn>chaudelet de telle sorte que tu le puisse tenir a la
<tl><bp>main</bp></tl></sn> quand<lb/>

tu vouldras gecter Quand a l<m>estain alie</m> ainsy que dict est
il<lb/>

fault quil soict fort chault &amp; quasi rouge pour gecter affin<lb/>

quil penetre Aultrement ayant <add>a</add> faire long cours par les
subtiles<lb/>

branches de lherbe il seroict froid plustost que dy parvenir<lb/>

Et noublie pas de mesler parmy un peu d<m>estaim de glace</m> qui
le<lb/>

faict mieulx courir &amp; laffermist</ab>

<ab>
<margin>left-top</margin>
Sur le <m>plomb<lb/>

allie destain</m> ou<lb/>

<m>estain allie de plomb</m><lb/>

tu peux mectre un bien<lb/>

peu de <m>metalline</m> &amp; il<lb/>

semblera <m>argent</m><lb/>

Mays nen mects<lb/>

gueres car cela<lb/>

endurcist la<lb/>

matiere &amp; laigrist<lb/>

aussy de sorte<lb/>

que pour chose<lb/>

delicate co<exp>mm</exp>e pattes<lb/>

&amp; semblables il<lb/>

ne seroit pas<lb/>

propre</ab>

</div>

<div>
<id>p115v_2</id>
<head>Pour donner vent au <tl>moule</tl></head>

<ab>Oultre les soupirails si ton <del>es</del>herbe est fort
subtile<lb/>

tu peulx passer un <tl>fil</tl> au travers du contour
<add>d<m>ardile</m></add> plustost que gecter<lb/>

avecq une <tl>eguille</tl> &amp; faire quil passe parmy lherbe Et le
<tl>fil</tl> se<lb/>

bruslant co<exp>mm</exp>e lherbe le trou demeurera qui donnera air &amp;
vent<lb/>

pour aider a nettoyer</ab>

</div>

<div>
<id>p115v_3</id>
<head>Recuire les <tl>moules a noyau</tl></head>

<ab>Apres que tes <tl>moules</tl> ont leur gect souspirails &amp;
<tl>crampons</tl> co<exp>mm</exp>e<lb/>

dict est fais au bout de la <tl>forge</tl> <del>en</del> ou en quelque
lieu net<lb/>

un entour de <m>briques</m> et lemplis de gros charbons demy
allumes<lb/>

Et poses tes <tl>moules</tl> dessus et laisse ainsy de soy mesmes<lb/>

allumer les charbons une <ms><tmp>demye heure</tmp></ms> affin quilz
seschaufent<lb/>

peu a peu et non tout a coup En fin co<exp>mm</exp>e ilz commanceront
a<lb/>

devenir blancs boute <del>peu a peu</del> de gros charbon ainsy
demy<lb/>

allumes par dessus &amp; soufle avecq ton <tl>petit souflet</tl> jusques
a<lb/>

ce quilz soient eschaufes Et ainsy peu <add>a peu</add> vigore le foeu
sans<lb/>

presser jusques a ce que tes <tl>moules</tl> soient bien rougis &amp;
dehors<lb/>

&amp; dedans si cest pour le gect de quelque herbe ou de quelque<lb/>

animal qui ne soict pas bien en despouille &amp; que pour ceste<lb/>

occasion il <add>le</add> faille brusler dans le <tl>moule</tl> Et quand
tu regarderas<lb/>

par le gect &amp; que par iceluy tu verras que les <tl>moules</tl> sont
bien<lb/>

rouges &amp; enflammes dedans Ce te sera signe quilz seront asses<lb/>

recuits mays si tu ne vois ce signe augmente &amp; continue le foeu<lb/>

jusques a ce que cela soict Sil ny a rien dans le <tl>moule</tl> quil
faille<lb/>

brusler Ce sera asses quilz soient bien desseiches a ce mesme foeu<lb/>

si cest pour gect d<m>estain</m> Ilz se recuisent bien mieulx dans
un<lb/>

<tl>four de reverberation</tl></ab>

<ab>
<margin>left-middle</margin>

<figure/>

Ne retire pas<lb/>

tes <tl>moules recuits</tl><lb/>

du feu quilz ne<lb/>

soient refroidis<lb/>

deulx mesmes &amp; garde<lb/>

que le <env>vent ou froid</env> ne les frappe esta<exp>n</exp>t fort
chaulx car cela les feroit crever<lb/>

Il ne les fault pas recuire quilz ne<lb/>

soient essores et affermis car aultrement<lb/>

ilz se gecteroient et<lb/>

fault plustost faire<lb/>

les gects &amp; souspirails<lb/>

&amp; mectre les <tl>crampons</tl></ab>

<ab>
<margin>left-bottom</margin>

<figure>

<id>fig_p115v_1</id>

<link>https://drive.google.com/open?id=0B9-oNrvWdlO5dHVja3NnV0dmMlk</link>

</figure>
Garde de ne donner<lb/>

pas le feu a coup<lb/>

de peur <del>f</del> que dedans<lb/>

tes <tl>moules</tl> ne se<lb/>

fendent</ab>

<ab>
<margin>left-bottom</margin>
Ils sont asses<lb/>

recuits quand tout<lb/>

le trou du gect est<lb/>

rouge quand il est<lb/>

noir il nest pas<lb/>

asses</ab>

<ab>
<margin>left-bottom</margin>
Pour gecter en <m>argent</m><lb/>

il ne fault point<lb/>

recuire deulx foys<lb/>

<del>&amp;</del> Sil ny a quelque chose<lb/>

dans le <tl>moule</tl> quil faille<lb/>

<del>despouiller</del> brusler pour<lb/>

nestre pas de bonne despouille Tous les <tl>moules des
<pro>ferriers</pro></tl> se recuisent deulx foys la premiere pour
<figure/></ab>

<cont/>

</div>
</root>
