<root>
<page>109r</page>

<image>http://gallica.bnf.fr/ark:/12148/btv1b10500001g/f223.image</image>

<div>

<id>p109r_1</id>

<head>Esbaucher en <m>cire</m></head>

<ab>Quand la <m>cire</m> est trop dure on y mesle de la
<m>tourmentine</m> ou<lb/>

un peu de <m>beurre</m> qui <del>sont pl</del> rend la <m>cire</m> plus
amiable Et est<lb/>

plus propre que le <m>suif</m> que les <pl>Italiens</pl> y mectent a
cause quil<lb/>

fault souvent mectre les <tl>houtils</tl> en la <bp>bouche</bp> qui sont
meilleurs<lb/>

de <m><pa>buys</pa></m> ou d<m>os de <al>cerf</al></m></ab></div>

<div>

<id>p109r_2</id>

<head><m>Cire</m> a mouler <figure>-</figure></head>

<ab>Comme la <m>cire</m> est fondue ilz ont du <m>soufre</m> fondu
dans<lb/>

une <tl>cuillere</tl> ou <tl>crusol</tl> &amp; en versent dans la
<m>cire fondue</m> Et<lb/>

le <m>soufre</m> allant au fonds ou demeurant par dessus il laisse<lb/>

&amp; mesle seulem<exp>ent</exp> sa substance parmy la <m>cire</m> &amp;
la rend plus<lb/>

fusible en leschaufant de sorte que layant moulee elle se<lb/>

fond dans le <tl>moule</tl> doulcem<exp>ent</exp> co<exp>mm</exp>e
<m>beurre</m> sans y laisser aulcune<lb/>

pustule ou bouillon Sois aussy adverty de ne luy donner pas<lb/>

trop grand foeu</ab>

<ab>

<margin>left-top</margin>

Si</ab>

</div>

<div>

<id>p109r_3</id>

<head>Mouler <m>cire</m></head>

<ab>Affin que ton <tl>moule</tl> grippe sans refuser en aulcun lieu
sur<lb/>

une forme ou image de <m>cire</m> Il te la fault oindre
d<m>huile</m><lb/>

Et destremper ton sable avecq de l<m>eau tiede</m> Car l<m>eau
froide</m><lb/>

refuseroit dadvantage l<m>huile</m> &amp; ne feroit pas bonne
assiete<lb/>

sur icelle</ab>

<ab>

<margin>left-middle</margin>

Oings fort fort<lb/>

legerem<exp>ent</exp> d<m>huile</m><lb/>

si peu que quasi<lb/>

il ne paroisse<lb/>

point puys<lb/>

frotte d<m>eau de vye</m><lb/>

Apres destrempe<lb/>

ton sable d<m>eau<lb/>

tiede</m> affin quil<lb/>

ne refuse pas<lb/>

l<m>huile</m></ab></div>

<div>

<id>p109r_4</id>

<head><tl>Souflets</tl> de la <tl>forge</tl></head>

<ab>Il est mieulx que par le portevent ils soient enchasses dans
quelque<lb/>

bout de membreure <del>q</del> car ilz en sont plus asseures apres tu
les<lb/>

peuls legerem<exp>ent</exp> asseurer par hault Il fault que les tuelles
soient<lb/>

4 <ms><bp>doigts</bp></ms> sur la sole de la <tl>forge</tl></ab></div>

<div>

<id>p109r_5</id>

<head><al>Serpents</al> a mouler</head>

<ab>Quand tu les prends pour mouler sil est possible ne leur oste
point<lb/>

les dents si tu as envye de les garder Car ayant les dents ostees<lb/>

il leur vient mal aulx gencives &amp; en la gueule &amp; ne peuvent
plus<lb/>

manger Tu les peulx garder dans une <tl>barrique</tl> pleine de
<m>son</m><lb/>

ou pour mieulx de <m>terre</m> <env>en lieu frais</env> ou dans une
<tl>bouteille de<lb/>

<m>verre</m></tl> Et leur donner quelque <al>grenoille</al> vive ou
aultre animal<lb/>

vif car ilz ne mangent rien de mort Aussy ay je remarque que</ab>

<cont/>

</div>
</root>
