<root>
<page>132r</page>

<image>http://gallica.bnf.fr/ark:/12148/btv1b10500001g/f269.item.r=</image>

<div>

<cont/>

<id>p131v_1</id>

<ab>de nouvrir pas trop chault ton <tl>moule</tl> Car cela aigrist
faict<lb/>

soufler &amp; retirer l<m>estaim</m> &amp; faict rompre la chose
moulee<lb/>

Ne trempe pas aussy ton <tl>moule</tl> chault dans l<m>eau</m> car
cela<lb/>

fait retirer <del>le met</del> l<m>estain</m> ou <m>plomb</m></ab>

</div>
<div>
<id>p132r_1</id>
<head><tl>Moule</tl> faict a deulx gects</head>

<ab>Il souvre estant recuit pour le nettoyer apres on remect<lb/>

les <tl>crampons</tl> On <m>lutte</m> le <tl>molle</tl> &amp;
singulierem<exp>ent</exp> les joinctures<lb/>

Puys on fait lentement seicher la <m>terre</m> Et puys
co<exp>mm</exp>e<lb/>

elle ne fume plus On laisse refroidir le <tl>moule</tl> jusques a<lb/>

ce que tu le puisses tenir sans lesion Apres mects dans<lb/>

les <tl>presses</tl> ou dans le sable dans une <tl>terrine</tl> &amp;
gecte<lb/>

d<m>estaim</m> Car si tu gectois d<m>argent</m> ou d<m>or</m> il
faudroit<lb/>

que ton <tl>moule</tl> fust recuit deulx fois &amp; gecte
co<exp>mm</exp>e il seroit<lb/>

tout rouge</ab>

<ab>
<margin>left-middle</margin>
Si ton <tl>moule</tl><lb/>

<del>f</del> par le default<lb/>

du <m>plastre</m><lb/>

se retire <add>au foeu</add> il le<lb/>

fault ouvrir<lb/>

apres la premiere<lb/>

recuite pour le<lb/>

reserrer &amp; le<lb/>

<tl>cramponer</tl> et<lb/>

<m>luter</m> de nouveau<lb/>

et le reserrer</ab>

</div>
<div>
<id>p132r_2</id>
<head>Forme de recuire les <tl>moules</tl></head>

<ab>Allume des <m>charbons</m> a la <tl>forge</tl> &amp; puys disposes
les de<lb/>

reng en un coing dicelle selon la grandeur de ton <tl>moule</tl><lb/>

en sorte quil en puisse estre bien muny de trois ou 4<lb/>

<ms><bp>doigts</bp></ms> tout aultour Et principallement au fonds du
<tl>moule</tl><lb/>

qui est le plus espes <del>et qui</del> Tes <m>charbons</m> ainsy
disposes<lb/>

poses y tes <tl>moules</tl> dessus &amp; non sur une <tl>grille</tl>
co<exp>mm</exp>e aulcuns<lb/>

font pourceque ilz prendroient le foeu trop aspre Et laisse<lb/>

quelque temps ainsy &amp; peu &amp; a peu eschaufer ton
<tl>four</tl><lb/>

adjoustant tousjours quelque <m>charbon</m> allume Et tant que<lb/>

le <tl>moule</tl> sera humide les <m>charbons</m> seront
co<exp>mm</exp>e amortis par<lb/>

dessoubs Mays comme il sera sec ilz sallumeront deulx<lb/>

mesmes Et quand il est sec dun coste tourne le de lautre<lb/>

Et quand il sera sec de touts les deulx &amp; ne fumera plus<lb/>

lors vigore le foeu &amp; le couvre de <m>charbons</m> allumes Et<lb/>

co<exp>mm</exp>e il commancera de rougir ne soufle pas les
<m>charbons</m><lb/>

avecq le <tl>petit souflet</tl> car cela le feroit <del>soufler</del>
crever Et<lb/>

pareillem<exp>ent</exp> quand il est rouge tiens le bien couvert de
<m>charbons</m><lb/>

allumes &amp; ne le descouvre pas car il se fendroit Garde que le<lb/>

<env>vent dune fenestre</env> ne batte pas dessus Laisse refroidir</ab>

<ab>
<margin>left-middle</margin>
Quand tu<lb/>

veulx recuire<lb/>

tes <tl>moules</tl> <del>&amp;</del> soict<lb/>

que tu les <m>luttes</m><lb/>

ou non marque<lb/>

lendroit du<lb/>

ventre pour<lb/>

mectre cestuy la<lb/>

en bas contre<lb/>

les <m>charbons</m><lb/>

allumes <del>que</del><lb/>

pourceque si<lb/>

lardeur du foeu<lb/>

les faisoict<lb/>

fendre il<lb/>

vauldroit mieulx<lb/>

que ce fust au<lb/>

ventre &amp; par<lb/>

dessoubs que<lb/>

sur le dos </ab>

<ab>
<margin>left-middle</margin>
@Si ton <tl>moule</tl> est<lb/>

petit il ne le fault<lb/>

pas laisser <del>reposer</del> tant<lb/>

au foeu car il sy<lb/>

corrompt et se fend<lb/>

car il est plustost recuict quun grand</ab>

<cont/>

</div>
</root>
