<root>
<page>127v</page>

<image>http://gallica.bnf.fr/ark:/12148/btv1b10500001g/f260.image</image>

<div>
<id>p127v_1</id>
<head><m>Terre des <pro>fondeurs</pro></m></head>

<ab>Cest de la <m>terre <pl>bolvene</pl></m> meslee de <m>fiens</m> ou
<m>bourre</m> qui<lb/>

tienne au foeu de laquelle il te fault tousjours avoyr<lb/>

provision pour luter tes <tl>moules</tl> qui <del>ont b</del> doibvent
servir<lb/>

a gecter <m>argent</m> &amp; quil fault recuire Ceulx ou il fault<lb/>

brusler quelque fleur ou animal ne se doibvent pas luter<lb/>

quilz ne soient este une fois recuits Et quilz ne soient nettoyes<lb/>

des <m>os</m> &amp; <m>cendres</m> demeures dedans Et que ayant ostes
les<lb/>

<tl>crampons</tl> tu nayes ouvers les deulx moicties pour voir silz<lb/>

sont point fendus Car il y a du <m>plastre</m> qui nest pas si dur<lb/>

au foeu lung que laultre Daultre y en ha qui faict<lb/>

crouste des choses qui demeurent a brusler dedans Et cela<lb/>

sont imperfections quil fault eviter Ou <del>par</del> en
baigna<exp>n</exp>t<lb/>

fort d<m>eau de vye</m> lanimal plustost que dy gecter le sable<lb/>

destrempe Ou y mesler ou plus ou moings de <m>brique</m> ou<lb/>

<m>alum</m> ou recuire plus la <m>brique</m> ou au lieu de <m>brique</m>
y<lb/>

mesler des <m>culs de <tl>crusols</tl></m> &amp; semblables choses qui
resistent<lb/>

fort au foeu Ayant doncq recuit ton <tl>moule</tl> pour bruser<lb/>

le dedans laisse bien froidir Et sil est net &amp; point fendu<lb/>

remects les <tl>crampons</tl> &amp; lutte le avecq ceste <m>terre
susdicte<lb/>

des <pro>fondeurs</pro></m> &amp; saulpouldre un peu de <m>cendre
criblee</m> &amp;<lb/>

laisse un peu essorer Mays garde toy bien de luter<lb/>

<del>quilz ne soient</del> que les <tl>moules</tl> ne soient froicts
Ceulx pour<lb/>

gecter <m>argent</m> ou ny ha rien a brusler dedans nont besoing<lb/>

sinon quand le gect &amp; souspirails sont faicts que de les<lb/>

luter &amp; les recuire une foys Ne lute point le bout du<lb/>

<tl>moule</tl> par ou tu veulx faire le gect Ains laisse le
descouvert<lb/>

&amp; lissue des souspirails aussy</ab>

<ab><add>Si</add> <rub>Les <tl>moules</tl></rub> <del>qui</del> se
<del>do</del> <add>doibvent</add> fendre se<add>st</add> <del>rendent
ainsy</del> a la premiere<lb/>

recuite Car a la seconde il ne se fendent plus</ab>

<ab><rub>Les plus</rub> petits <tl>moles</tl> sont plustost recuits
prens <del>les</del> doncq<lb/>

les premiers recuits quand tu gectes Car tu en peulx mectre<lb/>

a recuire plusieurs</ab>

<ab>Allume les charbons premierem<exp>ent</exp> a la <tl>forge</tl> ou
en quelque<lb/>

aultre lieu pres &amp; ayant pose tes <tl>moules</tl> sur une couche
de<lb/>

bonne braise pas trop allumee pour donner feu lent au
coma<exp>n</exp>cem<exp>ent</exp><lb/>

mects y &amp; adjouste peu des charbons demy allumes a la
<tl>forge</tl></ab>

<ab>
<margin>left-top</margin>
La <m>terre de laquelle les
<pro>fondeurs</pro><comment>c_127v_01</comment><lb/>

se servent pour braser ou soulder</m> qui est<lb/>

<m>terre ardille areneuse</m><lb/>

Ou bien <m>ardille meslee<lb/>

de sable</m> apres lavoir<lb/>

seichee &amp; <tl>tamisee</tl> &amp; <lb/>

puys composee est bonne<lb/>

pour luter tes <tl>moules</tl><lb/>

car ceste <m>terre</m> se fond<lb/>

plustost que ce fendre<lb/>

Et toute <m>terre</m> qui se<lb/>

fond <del>est</del> ne peult manquer<lb/>

en cecy</ab>

<ab>
<margin>left-top</margin>
<add><tl><m>Fil de fer</m></tl> pour donner liaison</add></ab>

<figure>

<id>fig_p127v_1</id>

<margin>left-top</margin>

<link>https://drive.google.com/open?id=0B9-oNrvWdlO5S2VzRmhYUWpfbmc</link>

</figure>

<ab>
<margin>left-middle</margin>
<add>Lute espes tes<lb/>

<tl>moules</tl> &amp; silz sont<lb/>

petits tu les peulx<lb/>

incontinent recuire<lb/>

a bon foeu mesmem<exp>ent</exp> ceulx de<lb/>

<m><la>crocum</la></m></add></ab>

<ab>
<margin>left-middle</margin>
Si la <m>terre</m> est<lb/>

bonne &amp; <del>l</del> ne se fend<lb/>

point en recuisant<lb/>

&amp; ne se separe point<lb/>

du <tl>moule</tl> Les<lb/>

<tl>moules</tl> ne se fendro<exp>n</exp>t<lb/>

point aussy &amp; ne<lb/>

feront point de<lb/>

baves au gect<lb/>

Recuits doulcem<exp>ent</exp><lb/>

a laise a foeu<lb/>

clos &amp; ne les exposes<lb/>

pas chaulx @<comment>c_127v_02</comment> a lair</ab>

<ab>
<margin>left-middle</margin>
Lute asses espes<lb/>

a deulx ou trois<lb/>

couches mesmem<exp>ent</exp> au<lb/>

droict des joinctures<lb/>

affin que l<m>argent</m> ne<lb/>

sorte du <tl>moule</tl></ab>

<ab>
<margin>left-bottom</margin>
Recuits en <tl>four<lb/>

de reverberation</tl></ab>

<figure/><comment>c_127v_03</comment>

<ab>
<margin>left-bottom</margin>
Pour essayer si ta<lb/>

<m>terre</m> est bonne plustost<lb/>

que la mectre sur tes<lb/>

<tl>molles</tl> Lutes <add>en</add> cet<lb/>

endroict de la <del>fo</del> muraille<lb/>

de la <tl>forge</tl> qui est<lb/>

aultour de la <tl>tuelle</tl><lb/>

&amp; canon du <tl>souflet</tl><lb/>

&amp; allume le foeu &amp; si elle soubstient sans se fendre<lb/>

elle sera bonne</ab>

</div>
</root>
