<root>
<page>142v</page>

<image>http://gallica.bnf.fr/ark:/12148/btv1b10500001g/f290.image</image>

<div>

<id>p142v_1</id>

<head>Mouler <al>saulterelles</al> et choses<lb/>

trop tanvres</head>

<ab>Si tu as a mouler un <m>papier escript</m> qui soict trop
tanvre<lb/>

apres que tu as faict le premier gect &amp; quil ha faict prise<lb/>

donne un peu despesseur au revers de ton <m>papier</m> avecq du<lb/>

<m>beurre fondu</m> qui est le plus propre moyen qui soict &amp;
pour<lb/>

fortifier les aisles ou dun <al>papillon</al> ou dune
<al>saulterelle</al><lb/>

ou quelque delicate partye danimal a quoy tu as besoing<lb/>

de donner espesseur Mays advise dapliquer ce <m>beurre fondu</m><lb/>

dessoubs laisle ou en tel lieu quil ne soict poinct voeu<lb/>

Pour donner espesseur a une <pa>pensee</pa> Ou aultres fleurs<lb/>

le <m>boeurre</m> nest pas bon Ains l<m>huile de <pa>froment</pa></m>
qui est bien<lb/>

tost sec &amp; tient ferme La <m>cire</m> ny seroit pas propre<lb/>

Car elle est trop chaulde estant fondue &amp; faict retirer<lb/>

la chose a quoy elle est apliquee Mays le <m>boeurre</m><lb/>

est amiable et maniant</ab>

<ab><margin>left-middle</margin>

Si tu escripts<lb/>

sur <m>papier</m> ou <m>carton<lb/>

commun</m> &amp; que ta<lb/>

<m>l<exp>ett</exp>re</m> soict a <m>gomme</m><lb/>

Lhumidite de la<lb/>

<tl>plaste d<m>ardille</m></tl> ou<lb/>

le sable destrempe<lb/>

pour noyau humectero<exp>n</exp>t<lb/>

ta <m>l<exp>ett</exp>re</m> la defferont<lb/>

escripts doncq de<lb/>

<m>cinabre</m> destrempe<lb/>

a <m>huile</m> sur du<lb/>

<m>papier huile</m> &amp;<lb/>

imprime</ab>

<ab><margin>left-middle</margin><figure>+</figure>

@Recuits tes <tl>moules</tl><lb/>

avecq <m>charbons</m> allumes<lb/>

premierem<exp>ent</exp> a la <tl>forge</tl><lb/>

affin que le foeu ne soit pas si violent &amp; ne ro<exp>m</exp>pe pas
les <tl>moules</tl><lb/>

Et ne faicts pas tant de foeu ou le <tl>moule</tl> est<lb/>

tanvre co<exp>mm</exp>e au lieu ou<lb/>

il est espes</ab>

</div>

<div>

<id>p142v_2</id>

<head><tl>Moules</tl></head>

<ab>Fais les coches diceulx qui entrent plus au dedans<lb/>

du <tl>molle</tl> quau dehors car en ceste sorte ilz ont plus<lb/>

de force Garde bien de les recuire a coup &amp; a foeu trop<lb/>

ardent car cella les faict <del>fondre</del> rompre</ab>

<ab>

<margin>right-middle</margin>

Ne les tiens pas en <env>lieu humide<lb/>

ne enclos</env> sils ne sont bien seces<lb/>

car ilz se moisissent Les<lb/>

animaulx seches aussy</ab>

<ab><margin>left-middle</margin>

@ Il ne fault poinct<lb/>

deulx fois recuire les<lb/>

<tl>moules</tl> quand lanimal<lb/>

se peult retirer sans<lb/>

brusler co<exp>mm</exp>e faict un<lb/>

<al>crapault</al> qui se peult<lb/>

bien mouler creux co<exp>mm</exp>e tous<lb/>

animaulx espes toutesfois<lb/>

il est tousjours bon<lb/>

de rougir une fois<lb/>

le <tl>moule</tl></ab>

</div>

<div>

<id>p142v_3</id>

<head><m>Luth</m> pour <m>luther</m> tes <tl>moules</tl></head>

<ab>Je nen ay point trouve de plustost faict que cestuy cy<lb/>

ne de meilleur P<exp>rens</exp> de ceste <m>terre maigre de laquelle
les<lb/>

<pro>fondeurs dartiglerie &amp; de cloches</pro> font leur
<tl>trusseaulx</tl><lb/>

et <tl>moules</tl></m> qui est maigre &amp; sabloneuse Destrempe
l<del>e</del>a<lb/>

mediocrement comme <m>mortier</m> fort espes Mesles y environ<lb/>

la <ms>moictie</ms> de <m>fiente de <al>cheval</al></m> &amp; puys la
fais battre<lb/>

fort apres mesles y la <ms>tierce partye</ms> de <m>bourre
descarde</m><lb/>

ou de <m>tondure de draps</m> Et la bats encores bien fort<lb/>

Tu peulx recuire ton <tl>moule</tl> aussy tost que le <m>luth</m><lb/>

sera pose</ab>

</div>
</root>
