<root>
<page>107r</page>

<image>http://gallica.bnf.fr/ark:/12148/btv1b10500001g/f219.image</image>

<div>

<cont/>

<id>p106v_1</id>

<ab>

<margin>left-top</margin>

<figure>

<id>fig_p107r_1</id>

<link>https://drive.google.com/open?id=0B9-oNrvWdlO5RFFFT3hSbnlGaVU</link>

</figure>

Pesant co<exp>mm</exp>e auparava<exp>n</exp>t<lb/>

et comme paste mediocrem<exp>ent</exp><lb/>

espesse &amp; quil ne se trouve<lb/>

si ayse a manier &amp;<lb/>

co<exp>mm</exp>e quand il est<lb/>

liquide Cest<lb/>

signe quil est<lb/>

asses cuit ce que<lb/>

tu cognoistras<lb/>

quand il gecte<lb/>

aussy de longs<lb/>

bouillons ou<lb/>

exhalations au<lb/>

milieu &amp; aultour<lb/>

longues co<exp>mm</exp>e le<lb/>

<ms><bp>doigt</bp></ms> Le voya<exp>n</exp>t<lb/>

en cest estat tire le<lb/>
du foeu Car il est<lb/>

asses recuit<lb/>

pource que si<lb/>

tu le recuisois<lb/>

dadvantage il<lb/>

le seroit trop &amp;<lb/>

nauroit pas tant<lb/>

de prise Car<lb/>

quand il vient<lb/>

rouge &amp; passe<lb/>
sa cuite il perd<lb/>

sa force &amp; gaste<lb/>

le sable Laisse<lb/>

le froidir plustot<lb/>

que le mesler<lb/>

parmy les<lb/>

aultres sables<lb/>

Et co<exp>mm</exp>e il est<lb/>
froid mesle et<lb/>

moule Car tant<lb/>

plustost tu lemployeras<comment>c_107r_01</comment><lb/>
apres sa cuite<lb/>

tant plustost il<lb/>

faict prise</ab>

</div>

<div>
<id>p107r_1</id>
<head>Pour prendre <al>lezards</al><lb/>

et <al>serpents</al></head>

<ab>Prens une <tl>verge</tl> et attache au bout un <tl>filet</tl> qui
aye ung <del>noeud</del> <del><add>oeillet</add></del>
<add>oeillet</add><lb/>

courant au bout Et estant deulx ou trois pour amuser en<lb/>

siflant le <al>lezard</al> aproche luy du col loeillet et
co<exp>mm</exp>e il laura,<comment>c_107r_02</comment><lb/>

la teste dedans tire <add>Le <al>lezard</al> est plus fascheux a prendre
a la <tl><bp>main</bp></tl><lb/>

que le <al>serpend</al> &amp; mort sans laisser &amp; sarre
co<exp>mm</exp>e une <tl>tenaille</tl></add></ab>

<ab>Les <al>serpents</al> se peuvent prendre avecq la
<tl><bp>main</bp></tl> pourveu quelle<lb/>

soit couverte dun gros <tl>drap de <m>laine</m></tl> car les dents du
<al>serpent</al><lb/>

demeurent dans le <tl>drap</tl> &amp; ne le peuvent transpercer
co<exp>mm</exp>e ilz feroient<lb/>

bien un <m>linge</m> Les dangereulx se cognoissent aulx yeulx bleus
&amp;<lb/>

<del>asses</del> aseures<comment>c_107r_03</comment> <add>azures</add>
Il ne mordent gueres <env>dans leau</env> ce quexperimentent<lb/>

les <pro>preneurs d<al>escrevisses</al></pro></ab>

<ab><comment>c_107r_04</comment>La mixtion du sable est de deulx
<ms>parties</ms> de <m>plastre<lb/>

pulverise &amp; recuit</m> co<exp>mm</exp>e dict est &amp; dune
<ms>partie</ms> de <m>tuile</m> rougie<lb/>

<del>et p</del> <del>pre</del> <add>a bon foeu</add> apres la premiere
cuicte &amp; puys subtillem<exp>ent</exp> pulverisee<lb/>

Et de <m>alum de plume</m> la <ms>moictie</ms> de la <m>brique</m>
Scavoir deulx<lb/>

pleins <ms><tl>creusets</tl></ms> de <m>plastre</m> Un de <m>brique</m>
&amp; un demy d<m>alum de plume</m><lb/>

L<m>alum de plume</m> ny peult estre trop car <del>s</del> cest luy qui
donne<lb/>

liaison au sable et pourcequil ne se brusle point il faict<lb/>

que le sable soubstient le foeu sans se fendre &amp; crever
Aultre<exp>ment<comment>c_107r_05</comment></exp><lb/>

sans luy le sable ne soubstiendroict poinct ce sable ainsy compose<lb/>

est propre pour tous <m>metaulx</m> mays si tu le veulx employer<lb/>

pour l<m>or</m> il y fault plus d<m>alum de plume</m> <del>&amp;</del>
que la composition<lb/>

susdicte Et y mesler du <m><la>crocum ferri</la></m> Car cest cestuy la
qui<lb/>

attire l<m>or</m></ab>

<ab>Il fault que tout sable de quoy tu veulx bien gecter
soubstienne<lb/>

bien le foeu cest a scavoir quil soubstienne <del>abon</del>
<del>c</del> une grande<lb/>

ignition sans se gaster</ab>

<ab>L<m>alum de plume</m> est malaise a piler Et ne passe poinct
par<lb/>

le <tl>tamis</tl> Par ainsy il le fault subtilier sur le
<tl><m>mabre</m></tl><lb/>

Et <m>celuy blanc <del>que v</del> en pouldre que vendent les
<pro>apotiquaires</pro></m><lb/>

est bon <add>Il se subtilie mieulx <del>su</del> dans le
<tl>mortier</tl> en pilant &amp;<lb/>

trainant le <tl>pinon</tl> Ainsy tu le rendras fort subtil</add></ab>

<ab>Le <m><la>crocum ferry</la></m> doibt estre embrase dans la
<tl>fournaise<lb/>

des <pro>verriers</pro></tl> quattre <ms><tmp>jours</tmp></ms></ab>

</div>
</root>
