<root>
<page>025v</page>

<image>http://gallica.bnf.fr/ark:/12148/btv1b10500001g/f56.item</image>

<div>

<id>p025v_1</id>

<head><pro>Canonier</pro></head>

<ab>Au canon il y ha trois borlets celuy de la culasse celuy du
milieu<lb/>

celuy de la bouche Quand les <pro>fondeurs</pro> veulent pratiquer
sur<lb/>

leur besoigne ou rendre le canon ou aultre piece plus legere<lb/>

&amp; plus aisee <add>a charrier</add> il la font despuys le borlet de
la culasse<lb/>

jusques au borlet du milieu de la grosseur &amp; proportion des<lb/>

balles co<exp>mm</exp>e dessus est dict Mays despuys le borlet du
milieu<lb/>

jusques au borlet de la bouche <del>&amp;</del> ilz lamoindrissent
dune<lb/>

<ms>ligne</ms> ou plus ou moings de chasque coste prenant tousjours<lb/>

leurs mesures avecq le <tl>compas</tl> de<add>spuys</add> la ligne
droicte quilz font<lb/>

au milieu du <tl>modelle en <m>papier</m></tl> ou aultrem<exp>ent</exp>
Et ceste diminutio<exp>n</exp><lb/>

importe de sept ou huict <ms>quintalz</ms> de <del>diminution &amp;
allegem<exp>ent</exp></del> <add>pois</add><lb/>

Et pour cela la piece nen est pas moings seure Cela se<lb/>

pratique aulx grands pieces Mays aulx <del>gr</del>petites pieces<lb/>

<del>despuys</del> <add>moindres que</add> la moyene il fault observer
la proportion cy deva<exp>n</exp>t<lb/>

dicte &amp; mener dune ligne continuee la piece dun bout a laultre<lb/>

Les tourillons sont co<exp>mmun</exp>ement a un <bp><ms>pied</ms></bp>
du borlet du milieu<lb/>

<del>despuys</del>tirant au bord de la culasse Mays pource que<lb/>

aulcuns <pro>canoniers</pro> ayment mieulx une piece qui poise sur
le<lb/>

devant pource que elle est plus aisee a braquer Pour ce faire<lb/>

il ne fault quaprocher les tourillons plus pres de la culasse<lb/>

&amp; les esloigner du bord du milieu Co<exp>mm</exp>e au contraire si
tu la<del>s</del><lb/>

veulx rendre <add>plus</add> pesante sur le derriere tu aprocheras les
tourillons<lb/>

du milieu de la piece ou les mettras par dessus tira<exp>n</exp>t a la
bouche<lb/>

Quand tu fores ta piece tu fais une boicte de <m>fonte</m> canelee<lb/>

co<exp>mm</exp>e une quenoille de lict &amp; fault quil y aye seze
caneleures<lb/>

ou encocheures dans lesquelles tu encocheras seze <tl>costeaulx</tl>
bien<lb/>

unis <del>avec</del> affin que tous ensemble trenchent &amp; raclent de
mesme<lb/>

sorte pourceque que quelquuns ne tranchoient &amp; racloient point<lb/>

il se feroict des chambres &amp; des ondes dans le canon qui le<lb/>

feroict estre costier &amp; y auroict dangier que la piece ne se<lb/>

coupast par le milieu Pour eviter cela il fault que despuys<lb/>

la culasse jusques a la bouche le <tl>foret</tl> passe uniment &amp;
que<lb/>

louverture de la piece soict despuys un bout jusques a laultre<lb/>

uniment foree pource que ainsy la <m>pouldre</m> sen va tout a un<lb/>

coup avecq plus de force Au co<exp>n</exp>traire estant retenue elle
faict<lb/>

costier &amp; faict rompre la piece</ab></div>
</root>
