<root>
<page>095v</page>

<image>http://gallica.bnf.fr/ark:/12148/btv1b10500001g/f196.image</image>

<div>

<cont/>

<id>p094r_1</id>

<ab>Le bout sachepte tout faict a <ms>douzaine</ms> qui couste six
<ms><cn>sols</cn></ms><lb/>

des petits Mays des grands ii <ms><cn>carolus</cn></ms> Le bout
<del>ce</del> se mect<lb/>

ou avecq des <tl>cloux</tl> qui se mectent aulx costes du tranchant
Mays<lb/>

cela ne faict que gaster lespee &amp; corrompre le fourreau
pourceque<lb/>

l<m>eau</m> entre par la joincture du <tl>clou</tl> Le mieulx est de
lapliquer<lb/>

avecq de la <m>rousine</m> ou <m>colle</m> Mays la <m>rousine</m> est
meilleure<lb/>

Et est mieulx que le bout soict fort just &amp; si chault pose que<lb/>

la <m>rousine pulverisee</m> sur le bout se fonde en ceste sorte<lb/>

il ne tombe point et ne se peult deffaire sil nest mis au foeu</ab>

<ab>Les gardes sont de plusieurs sortes<lb/>

A ouvraiges<lb/>

A goutiere qui est a mouleures rondes<lb/>

A <m>perles</m><lb/>

A escharpe quand les bandes sont de travers<lb/>

A oignon qui est teste platte<lb/>

A mode de <pro><pn>roy</pn></pro> qui sont plaines</ab>

<ab>Les <pro>forbisseurs</pro> les achaptent a <ms>douzaines</ms> la
<ms>douzaine</ms><lb/>

des pleines coste co<exp>mmun</exp>em<corr><exp>ent</exp></corr> x
<ms><cn>lb</cn></ms> La piece douvraige 30
<ms><cn>s<exp>ols</exp></cn></ms> ou<lb/>

selon sa facon</ab>

<ab>La premiere chose que faict l<pro>aprentis</pro> cest de
fourbir<lb/>

co<exp>mm</exp>e dict est</ab>

<ab>Et apres de garnir lespee &amp; faire un fourreau qui est<lb/>

le parfait de lart</ab>

<ab>Ils acheptent les <m>boys</m> des fourreaulx qui sont de
<m><pa>fayan</pa></m> touts<lb/>

faicts Le cent pour xv ou xx ou 30 <ms><cn>s<exp>ols</exp></cn></ms>
selon la distance<lb/>

du lieu ou ilz se font</ab>

<ab>Ces <m>boys</m> sappellent ainssy <df>Estelles</df> qui doibvent
estre bien nettes<lb/>

&amp; sans noeuds &amp; ont un <ms>travers de <bp>doigt</bp>
despes</ms></ab>

<ab>Puys le <pro>fourbisseur</pro> les mect sur un petit banc appele
le<lb/>

<tl><df>banc des fourreaulx</df></tl> Et avecq
un<del>e</del><add>g</add> <del><tl>plane</tl></del> <tl>petit
<m>fer</m></tl> co<exp>mm</exp>e celuy<lb/>

du <tl>banc des <pro>menusiers</pro></tl> ilz le font tenir ferme Puys
avecq<lb/>

une <del><tl>plane</tl></del> <tl>plane</tl> qui est co<exp>mm</exp>e un
<tl>costeau a deulx manches</tl><lb/>

on esbauche le <m>boys</m> par dessus apres on y passe le <tl>rabot</tl>
pour<lb/>

mieulx laplanir Apres par le dedans on le recure avecq une</ab>

<cont/>

</div>
</root>
