<root>
<page>047v</page>

<image>http://gallica.bnf.fr/ark:/12148/btv1b10500001g/f100.image</image>

<div>
<id>p047v_1</id>
<head>Boisson ayant <sn>goust</sn> de <m>vin</m></head>

<ab>Ayes du <m>tartre des grands vaisseaulx</m> &amp; les destrempe<lb/>

en <m>eau</m> &amp; il aura <sn>goust</sn> de <m>vin</m></ab>

</div>

<div>
<id>p047v_2</id>
<head>Fonte</head>

<ab>Aulcuns pour faire couler net mectent <ms>moictie</ms> <m>metal</m>
&amp;<lb/>

<ms>moictie</ms> <m>cuivre</m> Aultres prenent une <ms>partye</ms> de
<m>potin</m> &amp;<lb/>

une <ms>partye</ms> de <del><m>cuivre</m></del> <m>letton</m> Aultres
prenent du <m>letton de<lb/>

chandeliers</m> une <ms>partye</ms> &amp; une <ms>partye</ms> de
<m>letton de bassine</m><lb/>

Et entre les bassines le <m>letton</m> des grandes est plus aigre<lb/>

que celuy des poilons pourceque pour donner le tour de la<lb/>

rondeur ainsy court il fault que la matiere soit plus<lb/>

doulce Aulx grandes ausquelles ilz prenent le tour de la<lb/>

rondeur plus ample la matiere se peult prendre plus aigre<lb/>

Tant y a que le <m>letton</m> le plus aigre coule mieulx &amp;
jecte<lb/>

plus net Mays quil soict gecte fort <del>nect</del> chault <del>On</del>
Comme<lb/>

on veult gecter on gecte sur la matiere du <m>plomb</m> qui faict<lb/>

couler &amp; courre &amp; sen va en fumee &amp; garde que le
<tl>moule</tl> ne se<lb/>

corrompt pas Et si tu veulx gecter pieces de foeu mesles y<lb/>

plus de <m>rosette</m> que de <m>letton</m> affin quil soict moings
frangible<lb/>

Les <tl>crusols pour fondre le <m>metal</m></tl> doibvent estre
meilleurs<lb/>

que <tl>pour les <pro>verriers</pro></tl> Car le <m>verre</m> nest pas
si pesant<lb/>

que le <m>metal</m> Et pour ceste occasion il fault luter de
<m>terre</m><lb/>

et <m>verre pile</m> les <tl>crusols</tl></ab>

</div>

<div>
<id>p047v_3</id>
<head><tl>Creusets</tl></head>

<ab>Ceulx qui se font <tmp>en hyver</tmp> &amp; <env><tmp>temps
humide</tmp></env> ne sont pas<lb/>

bons Ceulx des <pro>fondeurs</pro> doibvent estre espes et se
doibvent<lb/>

lutter</ab>

</div>

<div>
<id>p047v_4</id>
<head>Gect</head>

<ab>La <m>pierre ponce calcinee</m> subtillem<exp>ent</exp> gecte
l<m>or</m> de 22 <ms>carats</ms><lb/>

sans reparer Mays il fault quelle soict enflammee et rouge<lb/>

co<exp>mm</exp>e le <m>metal</m> Et elle endure plusieurs gects</ab>

</div>
</root>
