<root>
<page>097r</page>

<image>http://gallica.bnf.fr/ark:/12148/btv1b10500001g/f199.image</image>

<div>

<id>p097r_1</id>

<head>Le <m>vernis noir</m></head>

<ab>Il est dict au commencem<exp>ent</exp> du livre ou tu le peulx voyr
qui se<lb/>

faict avecq du <m>gallipot</m></ab>

</div>

<div>

<id>p097r_2</id>

<head>Dorer</head>

<ab>On apreste fort les gardes avecq la <tl>lime doulce</tl> fort doulce
de<lb/>

sorte quen toutes les gardes il ny aye rien de noir Et apres les<lb/>

chaufer &amp; passer co<exp>mm</exp>e dict est Mays pour dorer &amp;
<m>argenter</m> il ne fault<lb/>

pas quelles passent sinon un petit le bleu Puys pendant que les
gardes<lb/>

sont chauldes on les attache a lestoc &amp; avecq des <tl>pincettes</tl>
on couche<lb/>

l<m>or</m> &amp; on le faict assoir avecq la <m>sanguine</m> bien nette
&amp; frottee avecq de<lb/>

la <m>pottee</m> Et co<exp>mm</exp>e les gardes sont froides on les
faict reschaufer<lb/>

puys on couche l<m>or</m> co<exp>mm</exp>e dessus Et on donne
<del>de</del> premierem<x><exp>ent</exp></x> deulx<lb/>

couches jusques a ce que toute la garde soict bien garnie Et apres<lb/>

on reschaufe co<exp>mm</exp>e au commancem<exp>ent</exp> &amp; on donne
la troisiesme couverture<lb/>

d<m>or</m> Puys on brunist avecq une grosse <m>sanguine</m> bien fort
&amp; avecq<lb/>

bonne force <del>Et</del> Mays note que <add>pour</add> bien brunir il
fault que tousjours<lb/>

la garde soit chaulde Et pour le scavoir <sn>on la sent &amp; on
laproche<lb/>

du <bp>nes</bp></sn> Car il ne la fault pas toucher avecq les
<bp>doigts</bp> ains on la<lb/>

<del>tient sur</del> releve de dessus les <m>cendres</m> chauldes avecq
une <tl>vergette de<lb/>

<m>fer</m></tl> qui est faicte expres pour entrer dans loeil de la garde
Et qua<exp>n</exp>d<lb/>

elle est achevee de bien brunir on la frotte fort bien avecq un
<tl><m>linge<lb/>

blanc</m></tl> Et fault que l<m>or</m> soict plus espes &amp; plus fort
que pour les<lb/>

<pro>painctres</pro> Le <ms>quarteron</ms> compte cinquante ou LX
<cn>s<exp>ols</exp></cn></ab>

</div>

<div>

<id>p097r_3</id>

<head><m>Argenter</m></head>

<ab>Il fault aprester les gardes &amp; les blanchir avecq une
<del>lince</del> <tl>lime</tl><lb/>

un peu plus rude <del>pour</del>que pour l<m>or</m> Et on les faict
passer le gris co<exp>mm</exp>e<lb/>

pour dorer Et co<exp>mm</exp>e elles sont chauldes Il fault doubler la
<m>foeille<lb/>

dargent</m> puys les despartir avecq un <tl>costeau</tl> Apres en
charger la<lb/>

garde avec <del>un petit</del> les <tl>pincettes</tl> &amp; un petit
<tl>brunisson</tl> Et puys les<lb/>

faire reschaufer &amp; charger jusques a ce quelles soient toutes
<m>argentees</m><lb/>

Apres il les fault charger pour la troisiesme foys la <m>foeille</m>
en<lb/>

double co<exp>mm</exp>e dict est Puys les brunir bien fort &amp; avecq
force<lb/>

non avecq la <m>sanguine</m> Mays avecq un fort <tl>brunisson</tl>
Tout<lb/>

ainsy quil ne fault pas que le <tl>brunisson</tl> brunisse
l<m>or</m></ab>

</div>
</root>
