<root>
<page>049v</page>

<image>http://gallica.bnf.fr/ark:/12148/btv1b10500001g/f104.image</image>

<div>

<id>p049v_1</id>

<head><al>Oyseaulx</al></head>

<ab>Les <al>calendres</al> &amp; touts <al>oiseaulx</al> prins au nid
&amp; qui nont<lb/>

poinct eu de liberte sont meilleurs Car ceulx qui sont pris<lb/>

au file ne chantent jamays si bien Touteffois les sauvaiges<lb/>

donnent <del><ill/></del>bien plaisir de leur ramage Mays il fault<lb/>

quilz soient pris <ms><tmp>devant la <pn>s<exp>ainc</exp>t
Michel</pn></tmp></ms> Aultrem<exp>ent</exp> ilz ne vivent<lb/>

gueres Il leur vient a touts sur la fourche de la queue<lb/>

une petite aposteme par foys quaulcuns appellent gaillardise<lb/>

qui les rend mallades &amp; quelques foys les faict mourir<lb/>

Principallem<exp>ent</exp> les <al>calendres</al>
En<comment>c_049v_01</comment> le cognoist quand ilz<lb/>

sont tristes &amp; ne chantent point Il le fault percer <del>av</del>
non<lb/>

pas avecq une <tl>espingle</tl> @<comment>c_049v_02</comment> Mays tout
doulcem<exp>ent</exp> en tournant avecq<lb/>

le bout dune <tl>plume bien poinctue</tl> La <al>calendre</al> ne veult
poinct estre<lb/>

sans sable <del>gris</del> de riviere &amp; le gris est le meilleur un
peu grossier<lb/>

Elle sy frotte &amp; sen purge

</ab>

</div>

<div>

<id>p049v_2</id>

<head>Graine de <m>plomb</m></head>

<ab> Ayes une <tl>carte</tl> <del>percee</del> de laquelle on joue
percee dune <tl>espingle</tl><lb/>

ou <tl>esguille</tl> repliee par les quattre costes Tiens la par<lb/>

le bout dun petit <tl>baston fendu</tl> Et tenant le dict
<tl>baston</tl><lb/>

par <del>un bout</del><add>laultre</add> extremite dispose ta
<tl>carte</tl> a trois ou 4 <ms><bp>doigts</bp></ms><lb/>

de l<m>eau</m> que tu auras mise dans un <tl>plat</tl> ou semblable
<tl>vaisseau</tl><lb/>

puys fais verser ton <m>plomb</m> qui ne soict pas trop chault<lb/>

dans la <tl>carte</tl> &amp; frappe continuellem<exp>ent</exp> sur le
<tl>baston</tl> qui la tient<lb/>

Et ainsy ton <m>plomb</m> se grenera rondem<exp>ent</exp> Et passes le
par<lb/>

un gros <tl>tamis</tl> pour separer la plus grosse graine de la<lb/>

plus menue La grossette portera 25 ou 30 <ms>pas</ms>

</ab>

</div>

<div>

<id>p049v_3</id>

<head><al>Oyseaulx</al></head>

<ab>Ceulx qui <del>peuvent</del> sont pris <tmp>a la
<pn>s<exp>ainc</exp>t Michel</pn></tmp> sont bons<lb/>

pour garder Mays ceulx qui sont pris en <tmp>Mars</tmp> se meurent<lb/>

pourcequilz commancent dentrer en amour Les <al>benarris</al><lb/>

se nourrissent d<pa>avoyne</pa> <tmp>tout leste</tmp> affin quilz se
nourrissent<lb/>

sans sengresser pour estre plus propres a chasser &amp; faire<lb/>

prendre les aultres Puys quand on les veult engraisser<lb/>

pour vendre on leur donne du <pa>mil</pa> Ils chantent <tmp>la
nuict</tmp><lb/>

Il les fault <del>c</del> prendre <ms><tmp>apres la my Juillet jusques a
la <pn>s<exp>ainc</exp>t Michel</pn></tmp></ms><lb/>

Car apres ce temps la quilz ont faict leurs petits en ce pays ilz<lb/>

sent<comment>c_049v_03</comment> vont co<exp>mm</exp>e font les
<al>tourterelles</al> Les <al>tarins</al> aussy se doibvent<lb/>

prendre <ms><tmp>despuys la toussaints jusques a Noël</tmp></ms> Car
apres ilz sent vont<lb/>

aulx <env>montaignes</env> cover

</ab>

<ab>

<margin>left-middle</margin>

Les <al>benarrins</al> sont<lb/>

ventriloques de sorte<lb/>

que chantant sans ouvrir<lb/>

le bec on diroit quil<lb/>

sont</ab>

</div>
</root>
