<root>
<page>023v</page>

<image>http://gallica.bnf.fr/ark:/12148/btv1b10500001g/f52.image</image>

<div>

<cont/>

<id>p023r_1</id>

<figure>

<id>fig_p023v_1</id>

<margin>left-middle</margin>

<link>https://drive.google.com/open?id=0B9-oNrvWdlO5Tm4ySC1wcUx6Yzg</link>

</figure>

<ab><m>pouldre</m> Estant pleine la saulssisse trempe la <del>bien
dans</del><lb/>

legierem<exp>ent</exp> pour mouller la <m>toile</m> &amp; non la
<m>pouldre</m> dans deulx<lb/>

<ms>parties</ms> de <m>vinaigre</m> &amp; <del>de</del> une d<m>eau de
vye</m> Apres laisse bien<lb/>

seicher ladicte <m>toile</m> Et puys il fault joindre a ladicte<lb/>

saulcisse une longue <tl>fisselle</tl> ou <tl>cordette</tl> qui soict
plus<lb/>

longue <ms>deux fois que la saulcice</ms> &amp; ne la fault pas<lb/>

serrer contre la saulcice Mays seulem<exp>ent</exp> la lier a
icelle<lb/>

par les deulx bouts &amp; la couldre a la saulcice en<lb/>

quelques endroicts sur le milieu Apres il fault oindre<lb/>

toute la saulcice avecq de la <m>tourmentine bien bonne</m><lb/>

Et au bout dicelle que tu vouldras joindre a la lumiere<lb/>

du mortier pour donner foeu tu pourras couldre <del>une</del><lb/>

ou attacher bien serre une <m>liste de toile large</m> dun<lb/>

<ms>empan</ms> qui soict aussy bien trempee dans la
<m>tourmentine</m><lb/>

&amp; ceste liste doibt estre fendue par le milieu affin de<lb/>

lentourner &amp; lier aultour du mortier Et fault latacher<lb/>

en sorte que <del>la lumiere soict pres d<del>u m</del>e la</del> le
bout de<lb/>

la saulcice qui soict ouvert soict joinct a la lumiere du<lb/>

mortier Puys il fault mectre force <m>pouldre</m> accachee<lb/>

sur la lumiere du mortier Et apres que celuy qui est<lb/>

hors du fosse tire la <tl>lignette</tl> &amp; <tl>cordelle</tl> qui est
joincte<lb/>

a la saulcice tant quelle soict moyennem<exp>ent</exp> estendue
mays<lb/>

non pas tant tiree quelle se destachas<del>sen</del>t Et sil y<lb/>

avoict de l<m>eau</m> dans le fosse il fauldra soubstenir<lb/>

avecq des <tl>forchettes</tl> la saulcice Puys celuy qui<lb/>

tient le bout de la saulcice pourra donner foeu sestant<lb/>

mis en seurette &amp; les aultres aussy</ab>

</div>

<div>

<id>p023v_1</id>

<ab>Les mortiers quon veult poser aulx portes ou grilles de<lb/>

<m>fer</m> sont suffisants silz poisent 40 ou 50 <ms>lb</ms> Au
reste<lb/>

quand a la charge balle &amp; facon de proceder il fault faire<lb/>

tout co<exp>mm</exp>e il est desja dict cy devant de celuy de 3
<ms>quintals</ms><lb/>

Un homme le peult porter</ab>

<ab>Il fault que la balle soict ronde dun coste &amp; platte de<lb/>

laultre co<exp>mm</exp>e <del>une demy balle</del> la <ms>moictie</ms>
dune balle couppee<lb/>

Il fault aussy que la croix se tienne a la balle et quelle<lb/>

la balle se fondant si tu la fais de <m>metal</m> senveloppe<lb/>

avecq le milieu de la croix</ab>

</div>
</root>
