<root>
<page>018v</page>

<image>http://gallica.bnf.fr/ark:/12148/btv1b10500001g/f42.image</image>

<div>

<cont/>

<id>p017r_1</id>

<ab>

La moyenne poise 18 <ms>quintal</ms> &amp; tire xii <ms>pans</ms> de
long<lb/>

Sa balle poise huict <ms>lb</ms> ou 9 &amp; sa charge est de six
<ms>livres</ms><lb/>

de <m>pouldre</m> <del>Et pour</del> A la culasse elle porte <ms>trois
balles<lb/>

despesseur</ms> &amp; au devant deulx Elle est plus propre pour<lb/>

la deffense dune <env>ville</env> que pour batterie Touteffoys on<lb/>

luy mene par foys ou pour rompre quelque <env>barricade</env> ou<lb/>

pour soubstenir la batterie apres que les canons ont tire<lb/>

pour empescher que les assailis ne se remparent apres que<lb/>

les canons ont joue ou tire Quattre <al>chevaulx</al> la peuvent<lb/>

conduire Elle porte de poincte en blanc huict ou noeuf cens
<ms>pas</ms><lb/>

&amp; presque aultant que la bastarde</ab>

<ab>

<margin>left-middle</margin>

Aulx canons &amp; grosses<lb/>

pieces on donne<del>n</del> aulta<exp>n</exp>t<lb/>

de <m>pouldre</m> quest le<lb/>

<ms>diametre dune balle<lb/>

&amp; demye</ms> a laquelle<lb/>

proportion vient<lb/>

lescusson Aulx<lb/>

moyennes pieces<lb/>

co<exp>mm</exp>e pieces de campaigne<lb/>

&amp; celles qui suivent<lb/>

en amoindrissant on<lb/>

leur donne de <m>pouldre</m><lb/>

l<ms>espesseur de deulx<lb/>

balles</ms> Au passevola<exp>n</exp>t<lb/>

&amp; aultres suiva<exp>n</exp>tes<lb/>

en bas on leur<lb/>

donne de <m>pouldre</m><lb/>

l<ms>espoiseur de trois<lb/>

balles</ms> En g<exp>e</exp>n<exp>er</exp>al<lb/>

on charge toutes<lb/>

pieces <ms>jusques<lb/>

a lescusson</ms> On<lb/>

charge avecq <tl>lanterne</tl><lb/>

toutes pieces despuys<lb/>

le canon<lb/>

jusques a la<lb/>

piece de quattre<lb/>

<ms>quintals</ms> <del>de char</del><lb/>

et leur donne lon<lb/>

deulx <tl><ms>lanternes</ms></tl><lb/>

de <m>pouldre a canon</m><lb/>

ou une &amp; demye<lb/>

de <m>pouldre<lb/>

dharquebus</m> Aulx<lb/>

plus petites on<lb/>

ne leur donne<lb/>

quune <tl><ms>lanterne</ms></tl><lb/>

&amp; celles dun<lb/>

<ms>quintal</ms> se chargent<lb/>

avecq une petite<lb/>

charge</ab>

<ab>

La piece de campaigne poise dix ou douze <ms>quintals</ms> &amp; ha<lb/>

dix <ms>pans</ms> de long ou 12 Sa balle poise vi ou vii <ms>lb</ms>
&amp; sa<lb/>

charge est de 4 <ms>lb</ms> de <m>pouldre</m> A la culasse elle ha
trois<lb/>

balles &amp; deux devant co<exp>mm</exp>e ont toutes les pieces
moindres<lb/>

que la moyene On leur donne plus de culasse pource que on les<lb/>

faict plus longues a la proportion Et aussy quen une<lb/>

<env>maison ou ailleurs</env> on en tire plus souvent que des
grosses<lb/>

pieces Leur <ms>qualibre</ms> aussy est petit qui leur faict donner<lb/>

3 balles a la culasse Elles servent pour suyvre
promptem<exp>ent</exp><lb/>

un camp &amp; pour la deffense des <env>villes</env> &amp;
<env>maisons</env> les metta<exp>n</exp>t<lb/>

sur les <env>murailles</env> ou sur une <env>tour</env> Il fault trois
<al>bons<lb/>

chevaulx</al> pour la conduire</ab>

<ab>

Le passevolant poise vi <ms>quintals</ms> ha de long huict ou<lb/>

noeuf <ms>pans</ms> Sa balle poise deulx <ms>lb</ms> &amp; pour sa
charge une<lb/>

<ms>lb</ms> &amp; demye de <m>pouldre</m> A la culasse il ha trois
balles &amp;<lb/>

deux de devant Deulx <al>chevaulx</al> le peuvent mener Car un<lb/>

<al>cheval</al> seul ne se mect pas a mener une piece Il sert pour<lb/>

la deffense des <env>maisons</env> ou pour mener parmy
l<pro>infanterie</pro><lb/>

pour rompre un reng de <pro>cavallerie</pro></ab>

<ab>

Le faulconneau poise 4 <ms>quintals</ms> ha de long x <ms>pans</ms><lb/>

sa balle poise une <ms>lb</ms> &amp; un quart sa charge est demy
<ms>lb</ms><lb/>

de <m>pouldre</m> A la culasse trois balles au devant deulx pour<lb/>

le mener deux <al>chevaulx</al> combien que telles pieces ne se
meuvent<lb/>

gueres daultant que il ne servent que pour les <env>maisons</env><lb/>

Celles qui se charrient ou pour batterie ou pour combat,<lb/>

assigie sont canons colevrines bastardes moyennes &amp; pieces</ab>

<cont/>

</div>
</root>
