<root>
<page>037v</page>

<image>http://gallica.bnf.fr/ark:/12148/btv1b10500001g/f80.image</image>

<div>

<id>p037v_1</id>

<head><pro>Jardinier</pro></head>

<ab>

Pour bien semer les <pa>melons</pa> il fault que ce soict a la <tmp>fin
de la<lb/>

lune</tmp> Car aultrement ilz boutteroient trop de foeilles &amp; ne
raportero<lb/>

pas tant de fruict Fays de <ms>deux <bp>doits</bp> en deulx
<bp>doigts</bp></ms> de petit<del>e</del>s<lb/>

trous avecq un <tl>piquet</tl> &amp; mects en chascun deulx ou trois
graines<lb/>

Apres ayes de la <m>terre fort deliee</m> &amp; remplis en legerement
les<lb/>

fossettes Apres espands sur tout l<ms>espesseur dun <bp>pousse</bp></ms>
d<oc>havets</oc><lb/>

cest a dire balle de <del>fl</del> <pa>bled</pa> Affin que la pluye
survena<exp>n</exp>t<lb/>

ne batte poinct la terre &amp; nempesche leur naissance <add>Les
<oc>havets</oc><lb/>

attirent les <al>rats mulots</al> qui mangent les graines Et pour obvier
a cela<lb/>

ilz les fault mouiller de<del>s</del> <m>decoction dabsinthe</m></add>

</ab>

</div>

<div>

<id>p037v_2</id>

<head><pro>Vitrier</pro></head>

<ab>

Aulcuns ne chargent poinct de <m>gris descaille</m> le <m>verre</m>
pour<lb/>

travailler daprest Ains trassent sur le <m>verre net</m> avecq<lb/>

du <m>noir a huile</m> Mays il fault bien que le <m>bois</m> soit<lb/>

<m>desgraisse</m> car sil a tant soit peu de <m>graisse</m> la
couleur<lb/>

ny prendra aulcunem<exp>ent</exp> Et mesme si le <pro>vitrier</pro> qui
travaille<lb/>

a <sn>puanteur</sn> de <bp>nes</bp> ou de <bp>bouche</bp> <del>la</del>
&amp; quil <bp>alene</bp> sur le <m>verre</m><lb/>

la couleur ny prandra point Ceulx qui ont trouve<lb/>

linvention de travailler en petite besoigne d<m>esmaulx</m>
atta<exp>n</exp>dris<lb/>

Nemployent que l<m>esmail dazur</m> qui est le bleu &amp;
l<m>esmail<lb/>

colombin</m> qui est coleur de pourpre Lesquels ilz attendrissent<lb/>

avecq de la <m>rocaille</m> ou <m>verre de plomb</m> Quand au
jaulne<lb/>

ilz le font d<m>argent</m> Le rouge de <m>sanguine</m> co<exp>mm</exp>e
est dict ailleurs<lb/>

Le noir &amp; gris &amp; umbres avecq le <m>noir descaille</m> ou
fort<lb/>

ou foible La carnation avecq la <m>sanguine claire</m> Le<lb/>

vert se faict premierem<exp>ent</exp> de jaulne puys dessus ilz
couchent<lb/>

de l<m>esmail dazur</m> ou fort ou foible selon quilz veulent<lb/>

faire gay ou obscur</ab>

</div>

<div>

<id>p037v_3</id>

<head><m>Ambre jaulne</m></head>

<ab>

Il se taille aveq la <tl>lime</tl> puys on passe un certain <m>sel
pulverise</m> par<lb/>

dessus quun <pl>anglois</pl> apelloict desramonet Mays je cuide que cela
estoit<lb/>

<m>ponce pulverisee</m> car elle avoict asperite d<m>arene</m> Et avecq
une <tl>corde</tl> tendue<lb/>

il polissoit son <m>ambre</m> puys y passoit du <tl><m>tripoli de
<pl>bretaigne</pl></m></tl> avecq<lb/>

le <tl><bp>doigt</bp></tl> Daultres avecq un <tl><m>cuir</m></tl> ou une
<tl>cane</tl> L<m>ambre</m> perd sa<lb/>

couleur si quelque personne mal saine le porte &amp; devient
blanchastre<lb/>

Mays pour le remettre il le fault faire tremper une
<ms><tmp>nuict</tmp></ms> dans<lb/>

de l<m>urine</m> puys le faire bouillir un peu dedans

</ab>

</div>
</root>
