<root>
<page>103v</page>

<image>http://gallica.bnf.fr/ark:/12148/btv1b10500001g/f212.image</image>

<div>

<id>p103v_1</id>

<head>Clistere</head>

<ab>

Affin que le tuyau noffense poinct co<exp>mm</exp>e les enfans<lb/>

ou ceulx qui <del>se</del> ont les <bp>veines</bp> hemorroidales
eminentes<lb/>

ou enflees On revest le bout du <tl>canon</tl> dun lopin de
<m>boyau<lb/>

de <al>poulet</al></m> &amp; on le replye par le bout &amp; en ceste
sorte<lb/>

on donne le clistere</ab>

</div>

<div>

<id>p103v_2</id>

<head>Gect</head>

<ab>

L<m>estaim</m> se retire estant espes par ainsy il est<lb/>

mieulx de le gecter tanvre &amp; dune piece en faire<lb/>

deulx puys le<add>s</add> <m>soulder</m> si besoing est On se sert<lb/>

dun <m>taffetas</m> fort pour passer le sable subtil duquel<lb/>

on couvre premierem<exp>ent</exp> la medaille de l<ms>espesseur dun<lb/>

<cn>teston</cn></ms></ab>

</div>

<div>

<id>p103v_3</id>

<head>Pour fayre courre les<lb/>

couleurs</head>

<ab>

Mesle du <m>vinaigre</m> <del>avecq</del> un peu avecq du
<m>fiel</m><lb/>

&amp; le <del>p</del> mects dans une <tl>bouteille de <m>verre</m></tl>
&amp; si tu le<lb/>

veulx garder long temps mects y un peu de <m>sel</m> &amp; de<lb/>

cela mesles en parmy vos couleurs &amp; cela les fera<lb/>

courre</ab>

</div>

<div>

<id>p103v_4</id>

<head><m>Suif d<bp>oreille</bp></m></head>

<ab>

Si tu en prens asses au bout dun <tl>cureaureille</tl><lb/>

&amp; le passe par l<m>escume de lurine</m> qui se faict volontiers<lb/>

par ceulx qui ont mal de <bp>teste</bp> toute l<m>escume</m> se
dissipera</ab>

</div>

<div>

<id>p103v_5</id>

<head><m>Esmauls</m></head>

<ab>

Pour cognoistre bien leur difference et leur vraye<lb/>

couleur a la <tl>chandelle</tl> Il fault mectre ta
<tl>chandelle</tl><lb/>

derriere un <tl>mirouer de <m>cristal</m></tl> ou un <tl>globe ou
bocal<lb/>

de <m>verre</m></tl> plein d<m>eau</m> Car ce jour est semblable a
celuy<lb/>

du <env>soleil</env></ab>

</div>
</root>
