<root>
<page>162v</page>

<image>http://gallica.bnf.fr/ark:/12148/btv1b10500001g/f330.item</image>

<div>

<id>p162v_1</id>

<head><pa>Peschers</pa></head>

<ab>Pourceque ils jectent &amp; florissent des premiers &amp; par<lb/>

ainsy sont atrapes de la <del>ch</del> <env><tmp>gelee</tmp></env> On
les deschausse<lb/>

<ms><tmp>lhiver</tmp></ms> affin que
<del><ms><tmp>lhyver</tmp></ms></del> le <env>froid</env> les retarde Et
que <del>le</del><lb/>

florissant plus tard les fleurs viennent a proffict</ab>

</div>

<div>

<id>p162v_2</id>

<head><pa>Oliviers</pa></head>

<ab>En <pl>espaigne</pl> on les deschausse <ms><tmp>lhiver</tmp></ms>
&amp; <ms><tmp>leste</tmp></ms> on les<lb/>

chausse fort de <m>terre</m></ab>

</div>

<div>

<id>p162v_3</id>

<head>Pied de <al>Butor</al></head>

<ab>Pour le mouler il est mieulx de luy estendre bien les<lb/>

doitgs &amp; ongles sur quelque chose plaine &amp; le laisser<lb/>

ainsy seicher quelques <ms><tmp>jours</tmp></ms> pourceque en
seichant<lb/>

les escailles se monstrent plus rudes &amp; les nerfs &amp; tendons<lb/>

deviennent plus aparents Et par ainsy le pied moule<lb/>

sera plus artiste</ab>

</div>

<div>

<id>p162v_4</id>

<head><tl>Moules</tl> de choses qui ne sont<lb/>

en despouille</head>

<ab>Les animaulx qui ne sont en despouille ne se peuvent<lb/>

mouler qua deulx <tl>moules</tl> qui ne se doibvent ouvrir quapres<lb/>

quils sont bien recuits &amp; que lanimal enclos ne soict bien<lb/>

brusle Les animaulx qui ont os ou escaille qui ne se<lb/>

reduisent en pouldre ains demeurent en lopins calcines<lb/>

ne sortiront jamays par le gect quelque soufler quon<lb/>

fist ne quelque <m>argent vif</m> quon y mist ou un <tl>tuyau<lb/>

de <m>plume</m></tl> en moulant pour servir de gect Cest pourquoy<lb/>

on moule a deulx moicties Affin que le <tl>moule</tl> souvrant<lb/>

apres avoyr este recuit la chose bruslee se puisse bien<lb/>

nettoyer Mays advise de le bien laisser froidir affin<lb/>

quen osta<exp>n</exp>t les <tl>crampons</tl> esta<exp>n</exp>t chault et
lors quil est plus<lb/>

frangible quelque chose ne se rompe Pendant quil est chault<lb/>

la <m>crouste</m> &amp; <m>cendres</m> quil laisse &amp; qui adhære au
<tl>moule</tl> sostera<lb/>

mieulx estant froid Note aussy que du coste du <tl>moule</tl> bas<lb/>

quand tu recuits lanimal qui bouille y laisse une <m>crasse</m> Et<lb/>

pour ceste occasion on marque toujours le <tl>moule</tl> ou est le
dos<lb/>

de lanimal affin quen recuisant il soit en hault &amp; dessus &amp; que
par<lb/>

ce moyen il soict plus net</ab>

</div>
</root>
