<root>
<page>082r</page>

<image>http://gallica.bnf.fr/ark:/12148/btv1b10500001g/f169.image</image>

<div>
<id>p082r_1</id>
<head>Chaleur de <m>cuivre</m></head>

<ab>Il est asses chault quand tu le vois net &amp; uny par dessus<lb/>

sans <m>crasse</m></ab>

</div>

<div>
<id>p082r_2</id>
<head>Chassis</head>

<ab>Le <m>fer</m> &amp; <m>cuivre</m> font soufler si le <m>metal</m> y
touche &amp; le <m>bois</m><lb/>

se tourmente Fais doncq un moule de <m>boys</m> &amp; fais faire<lb/>

des chassis de <m>brique</m> dans ce moule de telle espesseur que
tu<lb/>

vouldras</ab>

</div>
<div>
<id>p082r_3</id>
<head><m>Glaire doeufs</m></head>

<ab>La <m>glaire doeufs</m> donne force au sable pour en faire<lb/>

plusieurs gects</ab>

</div>

<div>
<id>p082r_4</id>
<head><pro>Horlogeurs</pro></head>

<ab>Pour departir a proportion les dents de leurs roues Ils nusent<lb/>

point de <tl>compas</tl> Car il ny en a point de si subtil qui peult
<tl>compasser</tl><lb/>

<ms>si petites distances co<exp>mm</exp>e celles des petites roues</ms>
Mays il font une<lb/>

platte forme (quils appellent)<comment>c_082r_01</comment> de
<m>letton</m> <del>fais</del> distribuee en plusieurs<lb/>

cercles &amp; chasque cercle est divise en<comment>c_082r_02</comment>
<ms>esgalles distances</ms> marquees<lb/>

dun point Et chasque cercle en a certain nombre co<exp>mm</exp>e lun
30<lb/>

laultre 36. laultre 40. &amp;. Puys sur le centre perce de la<lb/>

platte forme ilz y posent la petite roue Et sur le centre de<lb/>

la roue une ligne platte ou halidade laquelle se dirige au cercle<lb/>

du nombre que tu veulx marquer sur ta roue Puys avecq une<lb/>

<tl>pointe</tl> ilz marquent une ligne sur la roue puys remuent
lhalidade<lb/>

sur le point suivant &amp; trassent ainsy en continuant Et pour<lb/>

noter les points sur les cercles de leur platteforme Il divisent<lb/>

le cercle en trois &amp; puys divisent ceste <ms>troisiesme partie
en<lb/>

tant de distances quil est necessaires en esgard a la totale<lb/>

division du cercle</ms> &amp; font en ceste sorte leur division &amp;
departem<exp>ent</exp><lb/>

des dents aussy<lb/>

subtile quil leur<lb/>

plaist</ab>

<figure>

<id>fig_p082r_1</id>

<link>https://drive.google.com/open?id=0B9-oNrvWdlO5MG1jZS1LOUE2QWs</link>

</figure>

</div>
</root>
