<root>
<page>110v</page>

<image>http://gallica.bnf.fr/ark:/12148/btv1b10500001g/f226.image</image>

<div>

<cont/>

<id>p110r_3</id>

<ab>Quand il ha mange quelque chose en le tourmentant<lb/>

il le rend Et si apres avoir mange quelque chose il<lb/>

est ainsy presse soubs le <tl><bp>pied</bp></tl> cela le travaille
fort<lb/>

&amp; luy faict mal Sil est blesse il ne mange pas<lb/>

volontiers</ab></div>

<div>

<id>p110v_1</id>

<head><tl>Moules</tl></head>

<ab>Il ny a rien mieulx pour les faire ouvrir que de les<lb/>

oindre d<m>huile d<pa>olif</pa></m> &amp; non daultre Et apres
quand<lb/>

tu les veulx desjoindre Trempe les dans de l<m>eau<lb/>

froide</m> qui est le secret <del>L</del><add>E</add>t tu verras que
l<m>huile</m> encores<lb/>

quil semble estre imbu Se retirera a part co<exp>mm</exp>e une
grasse<lb/>

Les <tl>moules</tl> se rendent plus fortes dans l<m>eau froide</m>
Et<lb/>

l<m>eau chaulde</m> malaisem<exp>ent</exp> les dissouldroit Encores
questa<exp>n</exp>ts<lb/>

recuits ilz soient plus maniables &amp; aises a dissouldre<lb/>

dans l<m>eau</m></ab></div>

<div>

<id>p110v_2</id>

<head><m>Huile de <pa>froment</pa></m></head>

<ab>Se faict sur une <tl>lame de <m>fer</m> rougie au foeu</tl> Et
l<m>huile</m> en<lb/>

degoute qui est propre pour oindre le poil dun <al>papillon</al> ou
aultre<lb/>

semblable Car cet <m>huile</m> est incontinent sec &amp; faict
deseicher<lb/>

le reste Il fault que le poil ou lanuge de quelque animal<lb/>

que tu veulx mouler soict couche car estant debout il feroit<lb/>

relever le sable &amp; soufler</ab>

<ab><margin>left-middle</margin>

<figure>#</figure><comment>c_110v_01</comment><lb/>

Si tu veulx mouler<lb/>

quelque chose delicate<lb/>

co<exp>mm</exp>e une <pa>fleur de<lb/>

pensee</pa> Aulcuns<lb/>

pour luy donner un<lb/>

peu despesseur<lb/>

plus que le naturel<lb/>

Aulcuns<comment>c_110v_02</comment> la frottent<lb/>

de <m>beurre</m> Mays il<lb/>

est mieulx de loingdre<lb/>

d<m>huile de <pa>froment</pa></m><lb/>

car il nha pas de corps<lb/>

&amp; ne bouche pas<lb/>

tant les petits<lb/>

lineaments Et<lb/>

si faict affermir<lb/>

la fleur</ab></div>

<div>

<id>p110v_3</id>

<head>Gect de <m>plomb</m> et <m>estaim</m></head>

<ab>Pourceque l<m>estaim</m> veult estre gecte fort tanvre Si ta
medaille<lb/>

herbe ou aultre chose a mouler est <del>espe</del> tanvre &amp; subtile
fais quil<lb/>

y aye plus d<m>estaim</m> beaucoup plus que de <m>plomb</m> Scavoir
moins<lb/>

que la <ms>quarte partie de <m>plomb</m> sur trois d<m>estaim</m></ms>
Et encores ne<lb/>

mect on le <m>plomb</m> que pour lalier Au contraire si tu veulx<lb/>

mouler quelque chose forte &amp; espesse
Mays<comment>c_110v_03</comment> beaucoup plus<lb/>

de <m>plomb</m> que d<m>estaim</m> Et en lun &amp; laultre tu peulx
mectre<lb/>

un peu d<m>estaim de glace</m> mays fort peu avecq un peu de
<m>rousine</m><lb/>

quand tu vouldras gecter <add>Despuys en moulant de <m>plomb fin et<lb/>

noeuf</m> jay mis sur une <ms>lb</ms> deulx <ms>onces</ms> d<m>estaim
fin</m> Et moulant<lb/>

d<m>estaim fin</m> jy ay mis ii <ms><figure>℥</figure></ms> de <m>plomb
fin</m> pour <ms>lb</ms>Jay faict des<lb/>

herbes &amp; <al>serpents</al> co<exp>mm</exp>e le naturel</add></ab>

<ab><margin>left-bottom</margin><del>S<ill/></del></ab>

<ab><margin>left-bottom</margin>

Jay gecte l<m>estaim</m><lb/>

presque rouge<lb/>

et le <m>plomb</m> de<lb/>

mesme qui touteffois<lb/>

navoict pas trop<lb/>

demeure au foeu<lb/>

car il sy aigrist<lb/>

et calcine</ab></div>
</root>
