<root>
<page>112r</page>

<image>http://gallica.bnf.fr/ark:/12148/btv1b10500001g/f229.image</image>

<div>
<id>p112r_1</id>
<head>Pour destremper le sable</head>

<ab>Il te fault avoir une grande <tl>conche</tl> pleine d<m>eau</m>
pour<lb/>

<del>q</del> tramper les <tl>moules</tl> pour les ouvrir Ung
<tl>broc</tl><lb/>

plein d<m>eau <add>commune</add></m> Une <tl>escuelle
<m>plombee</m></tl> pour destremper le<lb/>

sable Une petite <tl>cueillere de <m>boys</m></tl> pour ramasser<lb/>

le sable destrempe dans l<tl>escuelle</tl> <del>La grande
<tl>conche</tl> est<lb/>

pour tr</del></ab>

<ab>
<margin>left-top</margin>
pour mancher tes gros<lb/>

<tl>pinceaulx a <m>huile</m></tl> si tu nas<lb/>

dasses gros <tl>tuiaulx de <m>plume</m></tl><lb/>

prens en deulx &amp; les fends &amp; joints ensemble

</ab>

<figure>

<id>fig_p112r_1</id>

<margin>left-top</margin>

<link>https://drive.google.com/open?id=0B9-oNrvWdlO5MHphUzNsdW9DQ1U</link>

</figure>

</div>

<div>
<id>p112r_2</id>
<head>Decoction des sables</head>

<ab>Desja dicte</ab>

</div>

<div>
<id>p112r_3</id>
<head>Pour mouler en noyau<lb/>

Mixtion du sable</head>

<ab>Ayant recuict ton sable scavoir le <m>plastre</m> l<m>alum de
plume</m> &amp;<lb/>

la <m>brique</m> &amp; les ayant bien subtillement passs <add>par le
<tl>tamis</tl> <figure>#</figure></add><comment>c_112r_01</comment>
Mesles les en<lb/>

ceste sorte Prens quattre <ms>parties</ms> de <m>plastre</m> deulx de
<m>brique</m><lb/>

&amp; une d<m>alum de plume</m> Mesles les tous ensemble avecq les
<tl><bp>mains</bp></tl><lb/>

<del>quil</del> de telle sorte quon ne puisse discerner lung davecq
lautre<lb/>

ton sable prest il te faut faire mourir lanimal que tu veulx<lb/>

mouler <del>de</del>en ceste maniere</ab>

<ab>
<margin>left-middle</margin>
<figure>#</figure><lb/>

excepte l<m>alum de<lb/>

plume</m> qui se doibt<lb/>

broyer dans le<lb/>

<tl>mortier</tl></ab>

</div>

<div>
<id>p112r_4</id>
<head>Fayre mourir lanimal a mouler</head>

<ab>Il fault que tu ayes este curieulx de ne le blesser poinct en
le<lb/>

prenant et layant mis dans une <tl>bouteille de <m>verre</m></tl>
<del>d</del>avecq du<lb/>

<m>son</m> ou dans une <tl>barrique</tl> <del>pleine</del> demy pleine
de <m>terre fresche<lb/>

&amp; humide</m> si tu en as provision ou que tu les veuilles garder
<tmp>long<lb/>

temps</tmp> Que tu leur donnes des <al>grenoilles</al> vives &amp; non
mortes<lb/>

pour manger Car si tu les gardes sans quils se paissent<lb/>

ilz se flaitrissent &amp; amaigrissent &amp; ont de longues peaulx
ridees<lb/>

Ainsy pour le mieulx tu le mouleras le plus tost <del>apres</del> quil
te sera<lb/>

possible <del>apre</del> apres quil aura este prins Mays plustost
fais<lb/>

le mourir en ceste sorte Mects le dans une <tl>bouteille ou
vaisseau<lb/>

nect</tl> affin quil ne se charge daulcune poulsiere Et mects
dedans<lb/>

telle quantite de <m>bon vinaigre</m> &amp; d<m>urine</m> quil en puisse
estre couvert<lb/>

Et remue le &amp; le tourmente la dedans jusques a ce quil soict<lb/>

mort ce qui sera en <ms><tmp>une ou demye heure</tmp></ms> Mays si tu
est presse</ab>

<ab>
<margin>left-bottom</margin>
Pour scavoir<lb/>

sil est bien mort<lb/>

tire le du <m>vinaigre</m><lb/>

et le prens par la<lb/>

queue sil la<lb/>

remue ne le moule<lb/>

pas car il ha<lb/>

encores sentiment<lb/>

&amp; en le piquant<lb/>

il se retireroit<lb/>

&amp; gasteroit le<lb/>

moule</ab>

<ab>
<margin>left-bottom</margin>
Les <al>serpents d<env>eau</env></al><lb/>

ne mordent gueres</ab>

<cont/>

</div>
</root>
