<root>
<page>089r</page>

<image>http://gallica.bnf.fr/ark:/12148/btv1b10500001g/f183.image</image>

<div>
<id>p089r_1</id>
<head><m>Sable dos de <al>bœuf</al> brusle<lb/>

et sal gemme</m></head>

<ab>Je les ay pulverises separem<exp>ent</exp> &amp; subtilies sur le
<tl><m>porphire</m></tl> le plus<lb/>

que jay peu Puys jay mesle <ms>aultant dun que daultre</ms> &amp;
repasse<lb/>

sur le <tl><m>porphire</m></tl> Je lay apres humecte dans un
<tl><m>papier</m></tl> replie dans<lb/>

une <tl>serviette</tl> mouillee qui est plus tost faict quau
<tmp><env>serain de la nuit</env></tmp><lb/>

ou a l<env>humeur de la cave</env> Et nen ay point trouve qui despouille
plus<lb/>

net que cestuy cy Il veult estre asses humide Et si tu le veulx
gecter<lb/>

fort tanvre fais quil soict plus chault Il est venu en <m>estain
doulx</m> fort net<lb/>

co<exp>mm</exp>e le principal Et ha soubstenu plusieurs gects Pour
l<m>estaim</m> je<lb/>

croy quil nen fault point chercher de meilleur Ne pour le <m>plomb
fin</m><lb/>

aussy qui vient quasi plus net que l<m>estaim</m> <del>Tou</del> L<m>os
de pied de<lb/>

<al>bœuf</al></m> est tousjours si aride tout seul que sans estre
mesle<lb/>

dune part ou deulx de quelque <m>sable gras</m> &amp; ayant liaison
co<exp>mm</exp>e<lb/>

le <m>tripoly</m> les <m>sels</m> le <m>foeultre</m> les <m>cendres</m>
&amp; choses semblables<lb/>

il ne despouilleroit pas &amp; ne mouleroit pas net aussy car il
sesmie</ab>

</div>
<div>
<id>p089r_2</id>
<head>Recuire ou essuyer<lb/>

un <tl>chassis</tl> moule</head>

<ab>Mecte tousjours la plus delicate partye co<exp>mm</exp>e du visaige
ensus<lb/>

affin quil ny tumbe rien qui puisse empescher ta fusion</ab>

</div>
<div>
<id>p089r_3</id>
<head><m>Sable naturel</m></head>

<ab>Il ne veult pas estre recuict pour le <m>plomb</m> et
<m>estaim</m><lb/>

<del>m</del> et est meilleur tout neuf &amp;
frais<comment>c_089r_01</comment></ab>

</div>
</root>
