<root>
<page>027v</page>

<image>http://gallica.bnf.fr/ark:/12148/btv1b10500001g/f60.image</image>

<div>

<cont/>

<id>p026r_1</id>

<figure>

<id>fig_p027v_1</id>

<margin>left-top</margin>

<link>https://drive.google.com/open?id=0B9-oNrvWdlO5bW1tdUg0czEzTjg</link>

<caption>Faulconeau</caption>

</figure>

<figure>

<id>fig_p027v_2</id>

<margin>right-top</margin>

<link>https://drive.google.com/open?id=0B9-oNrvWdlO5OVloUjZocVpuVTg</link>

<caption>Faulconeau<lb/>

de 4 <ms>quint<exp>als</exp></ms><lb/>

autrem<exp>ent</exp> passevo<lb/>

lants tire 8 <ms>pa<exp>n</exp></ms>s</caption>

</figure>

<figure>

<id>fig_p027v_3</id>

<margin>left-middle</margin>

<link>https://drive.google.com/open?id=0B9-oNrvWdlO5OGJ5MXhrMVFtVTA</link>

<caption>3 <ms>quintals</ms><lb/>

tire de long<lb/>

9 <ms>pans</ms></caption>

</figure>

<figure>

<id>fig_p027v_4</id>

<link>https://drive.google.com/open?id=0B9-oNrvWdlO5OWVRTXVjNTljRnM</link>

<caption>2 <ms>quint<exp>als</exp></ms><lb/>

tire de long<lb/>

une <ms>cane</ms> qui<lb/>

sont 8 <ms>pans<lb/>

de <pl>monpelier</pl></ms></caption>

</figure>

<figure>

<id>fig_p027v_5</id>

<margin>right-middle</margin>

<link>https://drive.google.com/open?id=0B9-oNrvWdlO5T2k5QjJ0ZGtfc1U</link>

<caption>1 <ms>quintal</ms><lb/>

tire six <ms>pa<exp>n</exp>s</ms><lb/>

et demy</caption>

</figure>

<figure>

<id>fig_p027v_6</id>

<margin>left-middle</margin>

<link>https://drive.google.com/open?id=0B9-oNrvWdlO5WmlyWDktZUhka1E</link>

<caption>1 <ms>quintal</ms><lb/>

et demy tire<lb/>

7 <ms>pans</ms> et demy</caption>

</figure>

<figure>

<id>fig_p027v_7</id>

<margin>right-middle</margin>

<link>https://drive.google.com/open?id=0B9-oNrvWdlO5Z3BiOF9jTFlzdzA</link>

<caption>mousquet<lb/>

de 60 <ms>lb</ms><lb/>

tire 5 <ms>pa<exp>n</exp>s</ms><lb/>

et demy ou 6</caption>

</figure>

<figure>

<id>fig_p027v_8</id>

<margin>bottom</margin>

<link>https://drive.google.com/open?id=0B9-oNrvWdlO5MVh1MEdHdDZLWmc</link>

<caption>5 <ms>quintals</ms><lb/>

tire onze <ms>pans</ms><lb/>

et demy</caption>

</figure>

</div>
</root>
