<root>
<page>129v</page>

<image>http://gallica.bnf.fr/ark:/12148/btv1b10500001g/f264.item.r=</image>

<div>

<id>p129v_1</id>

<head>Animaulx seiches au <tl>four</tl><lb/>

<tmp>de longue duree</tmp></head>

<ab>Plantes les sur une <tl>plastre de <m>terre</m></tl> les disposant
avecq<lb/>

des <tl>poinctes de <m>fil de fer</m></tl> co<exp>mm</exp>e si tu les
voulois mouler et <del>ilz</del><lb/>

les seiche au <tl>four</tl> <ms>apres que le <m>pain</m> est tire</ms>
Et ilz demeurre<lb/>

tousjours ainsy Tant <al>serpents</al> <al>oyseaulx</al> que autres
Mays<lb/>

il fault quilz soient promptem<exp>ent</exp> seiches</ab>

<ab>

<margin>left-middle</margin>

<render>tall</render>

Note quil leur fault<lb/>

donner leur plant &amp; les<lb/>

mectre dans le sable<lb/>

co<exp>mm</exp>e les fleurs<lb/>

&amp; promptement<lb/>

les fayre seicher<lb/>

au <tl>four</tl> qui<comment>c_129v_01</comment> soict<lb/>

<ms>asses chault co<exp>mm</exp>e quand<lb/>

on en tire le <m>pain</m></ms> Et<lb/>

quil y demeure <ms><tmp>un jour<lb/>

&amp; une nuict</tmp></ms> affin quil soict<lb/>

bien <del>chau</del> sec car aultrem<exp>ent</exp><lb/>

il seroict <sn>puant</sn><lb/>

Toutesfois advise<lb/>

que le <tl>four</tl> ne soict<lb/>

pas trop aspre ains<lb/>

<ms>co<exp>mm</exp>e la chaleur du<lb/>

<env>soleil de <tmp>juin</tmp></env></ms> aultrem<exp>ent</exp> les
animaulx<lb/>

se cuisent Estant sec ne les mouille pas<lb/>

Mays nettoye les<lb/>

avecq un <tl>pinceau</tl> ou<lb/>

une <tl>broisse</tl></ab>

</div>

<div>

<id>p129v_2</id>

<head>Animaulx gectes en <m>cuivre</m></head>

<ab>Essaye <del>d</del>les ayans jectes en <m>cuivre</m> de les brunir
co<exp>mm</exp>e les<lb/>

<m>foeilles de pierrerie</m> pour voyr silz prendroient la couleur<lb/>

de mesme</ab>

</div>

<div>

<id>p129v_3</id>

<head>Advis sur le gect</head>

<ab><del>Ne</del> Prens garde de ne faire ton gect gueres espes et
noublie<lb/>

pas dy faire dans le conduit diceluy deulx ou trois trous<lb/>

et coches &amp; comme ton gect aproche de la <del>ch</del> chose
moulee<lb/>

divise le en trois ou quattre parties comme <bp>doigts</bp> qui
allent<lb/>

en poincte &amp; ne soient gueres parfonds Car le <m>metal</m> en
court<lb/>

plus doulcement sans sempecher de vapeurs &amp; fumee</ab>

<ab>

<margin>right-middle</margin>

<comment>c_129v_02</comment>Fais tousjours<lb/>

lentree du gect<lb/>

pres de la medaille<lb/>

encoche &amp; grumeleux<lb/>

pour retirer la furie du<lb/>

<m>metal</m></ab>

</div>

<div>

<id>p129v_4</id>

<head><al>Yraigne</al> moulee sur une foeille</head>

<ab>

Les <add>fort</add> grandes ont communem<exp>ent</exp> les pieds velus
qui est fascheulx<lb/>

a mouler si tu ne les couches ou fais flammer avecq une
<tl>bougie</tl><lb/>

ou les affermis &amp; couches <del>avecq de</del> les oigna<exp>n</exp>t
de <m>huile de <pa>froma<exp>n</exp>t</pa></m><lb/>

fais les mourir dans le <m>vinaigre</m> &amp; <m>urine</m>
co<exp>mm</exp>e les <al>serpents</al><lb/>

<del>&amp;</del> ou dans l<m>eau de vye</m> Et puys fais leur plant<lb/>

sur une foeille de <pa>vigne</pa> bien faicte ou aultre apres<lb/>

tu leur peulx rendre leurs poil follet de <del>bourr</del> <m>poil
de<lb/>

bourre subtil <tl>tamise</tl></m> les ayant oinctes <del>dun</del> de
<m>colle de <al>poisson</al></m><lb/>

ou semblable Leur vraye couleur est de <m>vinaigre</m> &amp;
<m>verdet</m><lb/>

&amp; puys les parfumer en quelque endroict de <m>soufre</m> Ayant<lb/>

fait ta <del>tourt</del> <tl>plastre d<m>ardile</m></tl> poses y ta
foeille de <pa>vigne</pa><lb/>

Et l<al>iraigne</al> morte au milieu &amp; transperce dune <tl>poincte
de <m>fil<lb/>

de fer ou de letton</m></tl> le milieu du corps de l<al>iraigne</al>
&amp; de la foeille<lb/>

ensemble Apres pose de biais de <tl>petites poinctes de <m>fil de
letton</m></tl><lb/>

autour de la foeille de <pa>vigne</pa> pour la bien asseurer Puys<lb/>

arreste avecq un peu de <m>cire</m> fondue Et la <tl>pointe dun <m>fil
de fer</m> chault</tl><lb/>

le bout des pattes les adaptant avecq le bout des <tl>petites
molettes</tl> Fays<lb/>

le semblable du bout des petites corniches de l<al>iraigne</al>
Retourne<lb/>

<figure>🜊</figure></ab>

<ab>

<margin>left-middle</margin>

<figure>

<id>fig_p129v_1</id>

<link>https://drive.google.com/open?id=0B9-oNrvWdlO5Sk9tdno1ODBqdms</link>

</figure>

<add>Pour faire le gect<lb/>

de l<al>iraigne</al> sur la<lb/>

foeille et pour empescher<lb/>

que le sable ne couvre l<al>iraigne</al> par dessoubs le ventre munis le
bout de la<lb/>

queue &amp; le bas du corps dun peu de <m>cire</m> fondue &amp; apliquee
avecq le <tl><m>fil de fer</m> chault</tl> co<exp>mm</exp>e tu scais
En<lb/>

ceste sorte la foeille se bruslant &amp; la<lb/>

<m>cire</m> estant fondue il demeurra<lb/>

deulx petits trous dans la foeille qui seront le gect de
l<al>iraigne</al></add>

</ab>

<ab>

<margin>left-middle</margin>

<figure>🜊</figure>

La <m>cire</m> estant froide<lb/>

racle le superflu avecq<lb/>

la poincte dun<lb/>

<tl>trancheplume</tl> affin que<lb/>

le bout des pattes<lb/>

demeure net Apres<lb/>

pose le <tl>cercle de <m>terre</m></tl><lb/>

aultour &amp; gecte ton<lb/>

sable destrempe comme<lb/>

des aultres En ceste<lb/>

maniere il te fauldra<lb/>

brusler la foeille de<lb/>

<pa>vigne</pa> dans le <tl>moule</tl><lb/>

Aultrem<exp>ent</exp> non Et pour<lb/>

plus facillem<exp>ent</exp> gecter<lb/>

laisse bien mourir<lb/>

lanimal affin que<lb/>

se tourmentant il ne<lb/>

mesle ses pattes<lb/>

Ayant faict ton<lb/>

premier gect descouvre<lb/>

le revers de la foeille<lb/>

et fais le second gect</ab>

</div>
</root>
