<root>
<page>044r</page>

<image>http://gallica.bnf.fr/ark:/12148/btv1b10500001g/f93.image</image>

<div>
<id>p044r_1</id>
<head>Portee dharquebus</head>

<ab>La proportion <corr><del>est</del></corr> de lharquebus de chasse
est de 4 <ms>pieds de<lb/>

roy</ms> de long &amp; xviii <ms><cn>deniers</cn></ms> de balle La
chasse vi <ms><cn>deniers</cn></ms> de<lb/>

<m>pouldre</m> sa portee iiii^(xx) <ms>pans</ms> &amp; 3 <ms>pieds</ms>
<del>lxi</del> &amp; demy deulx<lb/>

<ms>poulces</ms> &amp; quelque <ms>ligne</ms> quest l<def><ms>aulne de
<pl>paris</pl></ms></def> Lhaquebute<lb/>

moyene qui est lordinayre &amp; la plus aysee porte xv
<ms><cn>den<exp>iers</exp></cn></ms><lb/>

de balle v <ms><cn>deniers</cn></ms> de <m>pouldre</m> &amp; lx
<ms>pas</ms> de portee</ab>

</div>

<div>
<id>p044r_2</id>
<head><pro>Pintier</pro></head>

<ab>Ils meslent viii <ms>lb</ms> <add>ou dix</add> de <m>plomb</m> pour
<ms>quintal</ms> d<m>estaim</m> aulx <env>villes<lb/>

ou sont les <pro>M<exp>aistr</exp>e<exp>s</exp> jures</pro></env> Mays
ailleurs ilz en mectent le plus quilz<lb/>

peuvent On mect aussy ii <ms>lb</ms> d<m>estaim de glace</m> Pour le
lier &amp; trois<lb/>

<ms>lb</ms> de <m>mitraille</m> cest a dire <m>retailles de
<m>cuivre</m> que font les <pro>chaudroniers</pro></m><lb/>

cela faict plus <sn>sonner</sn> la vaisselle &amp; nest pas si
rompante</ab>

<ab>
<margin>left-middle</margin>
Cest <m>estaim</m><lb/>

sappelle <m>estaim<lb/>

commun</m></ab>

</div>

<div>
<id>p044r_3</id>
<head>Harquebus</head>

<ab>Pour la garder de repoulser il fault de <ms>huict en huict
jours</ms><lb/>

nettoyer ton harquebus &amp; la frotter d<m>huile</m> &amp; quand tu
tireras<lb/>

mouille quelque <m>linge</m> dans <m>huile</m> &amp; le mects au lieu de
<m>papier</m>.</ab>

</div>

<div>
<id>p044r_4</id>
<head><m>Laque</m></head>

<ab>Pour lesprouver destrempe la &amp; laplique sur du <m>papier</m>
&amp; si<lb/>

une ou deux <ms><tmp>heures</tmp></ms> apres elle ne sy meurt poinct
elle est fine &amp;<lb/>

bonne</ab>

</div>

<div>
<id>p044r_5</id>
<head><m>Taincture de fleurs</m></head>

<ab>Le <m><pa>pavot rouge</pa></m> qui croist par les <pa>bleds</pa>
faict sur le <m>cuir blanc</m><lb/>

un tresbeau colombin Le <m><pa>boufain</pa></m> faict un fort beau bleu
Une <m>herbe<lb/>

qui croist par les hayes qui ha la tige semblable au <pa>lin</pa> la
foeuille<lb/>

longue &amp; large comme menue <pa>buglose</pa> qui ha la fleur violette
tirant<lb/>

au bleu &amp; faicte co<exp>mm</exp>e la fleur du <pa>lys</pa></m> faict
un tresbeau turquin<lb/>

surpassant lazur Une aultre fleur <m><pa>colombine</pa></m> de la forme
&amp;<lb/>

grandeur de la <m>fleur de <pa>buglose</pa></m> qui ha la foeille
retirant a celle<lb/>

de <m><pa>pensee</pa></m> faict aussy un tresbeau turquin elle croist
dans les <pa>bleds</pa><lb/>

aulx terres legeres</ab>

</div>
</root>
