<root>
<page>090v</page>

<image>http://gallica.bnf.fr/ark:/12148/btv1b10500001g/f186.image</image>

<div>

<cont/>

<id>p090r_3</id>

<ab>bon &amp; propre a mouler Car sil est gros passe le par un
<tl>tamis</tl><lb/>

et sil nest encores asses subtil Lave le &amp; co<exp>mm</exp>e
l<m>eau</m> sera un peu<lb/>

reposee Vuyde celle qui est encores trouble en quelque
<tl>vaisseau</tl><lb/>

a part Le grossier sen yra promptem<exp>ent</exp> au fonds du
premier<lb/>

<tl>vaisseau</tl> Mays celuy qui sera provenu de l<m>eau</m> trouble
mise<lb/>

a part ayant faict residence se trouvera fort subtil Et<lb/>

lors sil na asses liaison broye le bien sec sur le
<tl><m>porphire</m></tl><lb/>

&amp; tu le rendras impalpable &amp; qui aura liaison co<exp>mm</exp>e
de la<lb/>

<m>croye</m> Puys sil te semble tu le recuiras &amp; de rechef le<lb/>

broyeras &amp; mesleras avecq des <m>sels</m> ou <m>linge <add>ou</add>
foeultre brusle</m> <lb/>

ou <m>cendres de papier</m> &amp; choses semblables lavees</ab>

</div>
<div>
<id>p090v_1</id>
<head><m>Terre fondue des <pro>potiers</pro></m></head>

<ab>Broye le dans un <del><tl>mortier</tl></del> <add><tl>moulin de
<m>moustarde</m></tl></add> avecq de l<m>eau</m> &amp; le<lb/>

rends impalpable desseiche le &amp; apres lhumecte avecq<lb/>

<m>eau sel</m> qui donne force a<del>u</del> touts sables pour
soubstenir<lb/>

plusieurs gects</ab>

</div>

<div>
<id>p090v_2</id>
<head><pa>Orangers</pa></head>

<ab>En <pl>Italie</pl> ceulx qui sont aulx pays plus froids
co<exp>mm</exp>e la<lb/>

<pl>lombardie</pl> font des <tl>caisses quarrees de bois</tl> un peu
plus<lb/>

larges au fonds quau hault Et y apliquent des <tl>boucles</tl><lb/>

aulx costes pour les transporter avecq des <tl>leniers</tl> ainsy<lb/>

quon porte les gouteus A cause que les roues avecq lesquelles<lb/>

on les pourroit faire rouler gastent les allees des
<env>jardins</env><lb/>

Et <ms><tmp>de deulx ans en deulx ans</tmp></ms> ilz noublient pas
douvrir les<lb/>

costes des <tl>caisses</tl> pour roigner &amp; couper dextrement avecq
la terre<lb/>

Les extremites des racines des <pa>orangers</pa> pourceque
aultrem<exp>ent</exp><lb/>

co<exp>mm</exp>e elles trouvent le boys elles se reserrent &amp;
replient en elles<lb/>

mesmes &amp; se deseichent par les bouts &amp; feroient mourir
labre<lb/>

Mays co<exp>mm</exp>e elles sont roignees il leur demeure espace
nouveau<lb/>

<del>cos</del> pour sestandre sans trouver la resistance du boys qui
les<lb/>

gehenne Et croy que pour cet effect il seroit bon de joindre<lb/>

les costes des <tl>caisses</tl> avecq des <tl>vis</tl> &amp; non avecq
<tl>clous</tl> affin<lb/>

de nesbranler point la <m>terre</m> quand on les ouvre</ab>

</div>
</root>
