<root>
<page>079v</page>

<image>http://gallica.bnf.fr/ark:/12148/btv1b10500001g/f164.image</image>

<div>

<cont/>

<id>p079r_3</id>

<ab>et mectes le dedans ung <tl>pot de <m>terre</m></tl> &amp; quil y
ayt<lb/>

forces <m>cendres</m> chauldes dessoubz &amp; feres petit a<lb/>

petit du foeu dessoubz de plus en plus &amp; ne le<lb/>

fault pas bouger &amp; quand il sera cuit &amp; si fault<lb/>

q<exp>u</exp>il soit six <ms><tmp>heures</tmp></ms> &amp; gardes
q<exp>ue</exp> la <m>fumee</m> ne vous<lb/>

face mal car est maulvaix</ab>

</div>

<div>

<id>p079v_1</id>

<head>Pour faire <m>verny</m></head>

<ab>Prenes <m>Masticq</m> <m>sang <del>daRage</del> <add>darac</add></m>
<m>Gomme aRabic</m> &amp;<lb/>

<m>Huille d<pa>aspic</pa></m> aultant dung q<exp>ue</exp>
dau<exp>ltr</exp>e &amp; les faictes<lb/>

fondre ensemble &amp; devant que le coucher couchez une<lb/>

couche de <m>colle bien clere</m> &amp; le laisses seicher</ab>

</div>

<div>

<id>p079v_2</id>

<head>@ <comment>c_079v_02</comment>Contrepoison contre la <m>fumee des
metaulx</m></head>

<ab>Prens le <tmp>matin</tmp> une <m>rostie au boeurre</m> &amp;
l<m>antimoine</m> ne<lb/>

<m>aultre vapeur</m> ne te pourra nuire Ou mects une <ms>demy</ms>
<m>vessie<lb/>

de <al>porc</al></m> devant le <bp>visage</bp></ab></div>

<div>

<id>p079v_3</id>

<head><m>Estaim</m> pour gect</head>

<ab>Ils employent l<m>estain commun</m> qui est celuy duquel les<lb/>

<pro>pintiers</pro> usent pour faire vaisselle Qui est compose<lb/>

de 9 ou <del>dix</del> dix <ms>lb</ms> de <m>plomb fin</m> sur un
<ms>quintal</ms> d<m>estain</m></ab>

<ab><margin>left-bottom</margin>

Aulcuns ne trouvent<lb/>

rien mieulx que l<m>estain<lb/>

fin</m></ab></div>

<div>

<id>p079v_4</id>

<head>Mixture pour les <pro>imprimeurs</pro></head>

<ab>Fais une couche d<m>antimoine <add>pulverise</add></m> &amp; une
couche de <m>letton</m> &amp; <m>vielles<lb/>

escailles ou lames de fer</m> ou <del>clo</del> <m>testes de cloux de
fer</m> et<lb/>

continues ainsy jusques a ce que le <tl>crusol</tl> soit plain Et<lb/>

fais fondre au <tl>four a vent</tl> &amp; puys mesle un peu
d<m>estain</m> &amp;<lb/>

acheve de remplir le <tl>crusol</tl> de <m>plomb</m> <del>jusques a ce
que il<lb/>

le cause</del> Et vigore le foeu &amp; mesle pour faire bien allier<lb/>

les matieres La mixture des grandes lettres est plus dure</ab></div>
</root>
