<root>
<page>076r</page>

<image>http://gallica.bnf.fr/ark:/12148/btv1b10500001g/f157.item</image>

<div>

<cont/>

<id>p075v_4</id>

<ab>sy nen trouves Et en couvrir dicell<exp>e</exp> pouldre
led<exp>ict</exp> <m>boys</m><lb/>

Jusques ace quil soit froid &amp; le feres Rebouillir &amp; en
boulhant<lb/>

on verra sil sera asses noir ou non Et sil nest asses vous<lb/>

prandres delad<exp>icte</exp> pouldre &amp; en mectes sur
led<exp>ict</exp> <m>boys</m> en boulhant</ab>

</div>

<div>

<id>p076r_1</id>

<head>Pour faire <m>boys</m> verd</head>

<ab>

Fault prandre une <ms>carte</ms> de <m>vinaigre Blanc</m> &amp; une
<ms>once</ms><lb/>

de verd &amp; une <ms>once</ms> d<m>alun de glace</m> tout mesle
ensemble Et<lb/>

mecteres vos matieres en ung <tl>pot <m>plombe</m></tl> dessus le foeu
sans<lb/>

prandre air &amp; puys mectre le <tl>pot</tl> en ung
<tl><m>fumier</m></tl> lespace de<lb/>

quinze <ms><tmp>Jours</tmp></ms> Et quand il sera hors vous feres
bouillir vos<lb/>

matieres lespace de trois <ms><tmp>heures</tmp></ms></ab>

</div>

<div>

<id>p076r_2</id>

<head>Pour faire <m>boys</m> Rouge</head>

<ab>

Prenes une <ms>Carte</ms> d<m>urine vieilhe</m> et trois <ms>onces</ms>
de <m>Garante</m><lb/>

&amp; une <ms>once</ms> d<m>alung de glace</m> et mectres le tout dans
v<exp>ost</exp>re <tl>pot</tl><lb/>

&amp; faictes comme du verd</ab>

</div>

<div>

<id>p076r_3</id>

<head>Pour le faire Bleu</head>

<ab>

Prenes une <ms>carte</ms> d<m>urine</m> comme dessus et une
<ms>once</ms> d<m>alung</m><lb/>

&amp; deux <ms>dragmes</ms> de <m>sel armoniac</m> &amp; demye
<ms>once</ms> de <m>fleurs de<lb/>

<pa>pastel</pa></m> le tout mis en pouldre et en f<exp>air</exp>e comme
du verd</ab>

</div>

<div>

<id>p076r_4</id>

<head>Pour le faire Violet</head>

<ab>

Prenes une <ms>carte</ms> d<m>hurine</m> &amp; une <ms>once</ms>
d<m>alung</m> &amp; deux <ms>dragmes</ms><lb/>

de <m>sel armoniac</m> &amp; une de <m>lacque</m> &amp; faire comme
dess<exp>us</exp></ab>

</div>

<div>

<id>p076r_5</id>

<head>Pour le faire Jaulne</head>

<ab>

Prenes <m>hurinne</m> comme dessus Et <m><pa>Guesdre</pa></m> deux
<ms>onces</ms> &amp; une<lb/>

<ms>once</ms> de <m><pa>fustict</pa></m> Et deux
<del><ms>onces</ms></del> <ms>dragmes</ms> de <m>sel armoniac</m> &amp;
f<exp>air</exp>e<lb/>

comme dessus</ab>

</div>
</root>
