<root>
<page>143r</page>

<image>http://gallica.bnf.fr/ark:/12148/btv1b10500001g/f291.image</image>

<div>

<id>p143r_1</id>

<head>Mouler <al>tortues</al></head>

<ab>La <al>tortue d<env>eau</env></al> est plus belle a mouler
pourcequelle ha<lb/>

plus belles escailles &amp; les jambes droictes Et <al>celle de<lb/>

<env>garrigue</env></al> les ha tortues Elles sont de grande vye<lb/>

partant pour les faire mourir Ouvre leur la gueule<lb/>

&amp; leur passe un long <tl>trencheplume</tl> par touts les
intestins<lb/>

&amp; puys luy fais avaller du <m>vinaigre</m> mesle d<m>eau de
vye</m><lb/>

ou <m>urine</m> co<exp>mm</exp>e pour les <al>serpents</al> Il les fault
mouler<lb/>

a plusieurs pieces &amp; le dos mesmes quelques fois pourceque<lb/>

les costes sont a quelques unes plus estroits quailleurs<lb/>

&amp; ne sont pas a ceste occasion en despouille Pour les<lb/>

faire mourir il ne les fault pas faire bouillir car elles<lb/>

se deffont &amp; mesmes la coquille par l<m>eau chaulde</m> Elles
viennent<lb/>

mieulx creuses pourceque leur grande espesseur corromproit<lb/>

le <tl>moulle</tl> <add><al>Celles d<env>eau</env></al> sont plus
vigoureuses <al>Celles de <env>garrigue</env></al> sont<lb/>

plus maigres plus lentes &amp; plus endormies Si tu grattes <al>celles
d<env>eau</env></al><lb/>

sur leur coquille quelque endormies quelles soient elles sesbougent
<al>celles<lb/>

de <env>garrigue</env></al> non</add></ab>

<ab><margin>left-middle</margin>

Elles meurent asses tost dans<lb/>

le <m>vinaigre</m> mesle dun peu d<m>eau<lb/>

de vie</m> ou d<m>urine</m> co<exp>mm</exp>e touts aultres<lb/>

animaulx.</ab>

<ab><margin>left-middle</margin>

Elles se tiennent<lb/>

l<tmp>hiver</tmp> les yeulx<lb/>

clos &amp; sont co<exp>mm</exp>e<lb/>

mortes esta<exp>n</exp>t<lb/>

assopies du <env>froid</env><lb/>

Elles se cachent<lb/>

<env>en terre</env> ou <env>soubs<lb/>

de la balle de<lb/>

<m><pa>bled</pa></m> ou <m>fumier<lb/>

chauld</m></env> &amp; ne<lb/>

vivent que de<lb/>

lhumeur de la<lb/>

terre</ab>

<ab><margin>left-middle</margin>

<render>tall</render>

@ Il ne les fault<lb/>

pas mouler si tost<lb/>

quelles sont<lb/>

mortes pource quelles<lb/>

sont encores<lb/>

trop roydes<lb/>

Mays le <tmp>lendemain</tmp><lb/>

tu les manieras<lb/>

&amp; plieras les<lb/>

pattes co<exp>mm</exp>e tu<lb/>

vouldras</ab>

</div>

<div>

<id>p143r_2</id>

<head><pro>Mouleurs</pro> de <pl>foix</pl></head>

<ab>Ceulx qui moulent de travers font leur sable de
<m><la>crocum</la></m><lb/>

&amp; d<m>ardoise calcinee</m> Mays l<m>ardoise</m> retient toujours de
son<lb/>

asperite &amp; soufle pourcequelle est grasse En noyau elle nest<lb/>

pas bonne En sable elle se peult accommoder Ilz <tl>tamisent</tl><lb/>

leurs sables Les broyent sur le <tl><m>porphire</m></tl> Et les
destrempent<lb/>

en <m>eau</m> &amp; en retirent le plus subtil qui est au dessus
puys<lb/>

le recuisent</ab>

</div>

<div>

<id>p143r_3</id>

<head><al>Crapault</al></head>

<ab>Estant moule il se peult oster sans le brusler pource<lb/>

quil est bien de despouille Choisis les plus gros &amp; plus<lb/>

grumeleus Pourcequilz contiennent beaucoup de <m>metal</m><lb/>

il est mieulx de les mouler creux Car ilz en viennent mieulx<lb/>

Tu pourrois bien faire le gect tout dune piece &amp; large<lb/>

mays il <del>s</del> seroit malaise a coupper Il est mieulx de le
faire<lb/>

a trois ou 4 parties qui soient un peu larges pres de lanimal<lb/>

&amp; comprenent le plus du bord diceluy qui est vers le gect que
faire<lb/>

se pourra Fais aussy des conduicts de gect depuys le bout

</ab>

<ab>

<margin>left-middle</margin>

<figure>

<id>fig_p143r_1</id>

<link>https://drive.google.com/open?id=0B9-oNrvWdlO5cnJFVXFaRURaY3c</link>

</figure>

Laisse<lb/>

refroidir le<lb/>

<tl>moule</tl> plustost<lb/>

que louvrir<lb/>

mesmem<exp>ent</exp> aulx<lb/>

choses espesses</ab>

<cont/>

</div>
</root>
