<root>
<page>094v</page>

<image>http://gallica.bnf.fr/ark:/12148/btv1b10500001g/f194.image</image>

<div>

<cont/>

<id>p094r_1</id>

<ab>Les poignees d<m>or</m> se font y mectant dessoubs de la <m>toile
deliee<lb/>

jaulne ou aultre jaulnye avecq de la croye</m> Et ceste <m>toile</m> se
pose<lb/>

avecq <m>colle</m> ou <m>gome</m> susdicte Cest affin que le <m>fil</m>
tienne mieulx<lb/>

dessus Ceulx si se font a cordons co<exp>mm</exp>e celles de <m>soye</m>
&amp; entre deulx<lb/>

cordons on y mect un <m>fil</m> ou deulx pour la faire mieulx
monstrer<lb/>

Celle d<m>argent</m> se faict de mesme Et y a aulta<exp>n</exp>t de
peyne qua la<lb/>

<m>soye</m> et encores moings pourceque la <m>soye</m> coste plus a
tordre<lb/>

a cause quil la fault tordre a deulx revers Une poignee<lb/>

d<m>or fin</m> vault 18 ou 20 <ms><cn>s<exp>ols</exp></cn></ms></ab>

<ab><comment>c_094v_01</comment>La meilleure pointe despee est a
<m>foeille de <pa>sauge</pa></m></ab>

<ab>Ce long baston sur laquelle sattache &amp; couche<lb/>

lespee pour la fourbir sappelle le <tl><df>chameau</df></tl><lb/>

il est communem<exp>ent</exp> de <m><pa>sorbier</pa></m> qui est dur
&amp; uny</ab>

<ab>Le baston de dessoubs qui est plie en arc<lb/>

sappelle l<tl><df>arson</df></tl></ab>

<ab>Le baston de dessus sappelle le <tl><df>baston<lb/>

de la fustee</df></tl></ab>

<ab>Et ceste piece carree qui port<del><ill/></del>e <del>l</del>sur
lespee<lb/>

pour la <tl>brunir</tl> sappelle <tl><df>fustee</df></tl></ab>

<ab>Il y ha deulx cornes lun sappelle le <df>cornet<lb/>

a <m>huile</m></df> laultre le <df>cornet de l<m>esmery</m></df></ab>

<ab>Il y ha un <m>fer</m> qui est faict co<exp>mm</exp>e une
<tl>poincte<lb/>

dhalebarde</tl> quarre &amp; d<m>acier fort uny &amp; bien<lb/>

<tl>lime</tl></m> Qui sappelle le <tl><df>grateau</df></tl> Qui sert
a<lb/>

a adoulcir les traicts de la <tl>lime</tl> sur les gardes<lb/>

despee &amp; a donner le fil aulx espees apres quelles<lb/>

sont esmoulues qui est mieulx quavecq la <tl><m>pierre</m></tl><lb/>

ou <tl><m>coux</m></tl> qui faict bien souvent des rayeures</ab>

<ab>Pour mieulx faire <del>coupp</del> trancher les espees on leur donne
le fil<lb/>

tirant de la pointe en sus</ab>

<ab><pro>Ceulx qui font les gardes despees</pro> sont
<pro>artisans</pro> separes de<lb/>

<pro>fourbisseur</pro></ab>

<ab>A cest le Bruisson<lb/>

B cest la <m>sanguine</m></ab>

<ab>La <tl><df>fustee</df></tl> cest un <m>boys</m> quarre
d<ms>espesseur de trois <bp>doigts</bp></ms><lb/>

de <m>boys de <pa>buy</pa></m> qui semboicte au milieu du baston <add>de
<tl>fustee</tl> pour<lb/>

fourbir</add></ab>

<ab>Le <tl>baston a <m>fresiller</m></tl> est de <m><pa>saule</pa></m>
qui est pour desrouiller<comment>c_094v_02</comment> les<lb/>

armes avecq du <m><df>fresil</df></m> qui est ceste <m>escaille de
fer</m> tombant a la<lb/>

<tl>forge des <pro>mareschaulx</pro></tl></ab>
<figure>

<id>fig_p094v_1</id>

<margin>left-top</margin>

<link>https://drive.google.com/open?id=0B9-oNrvWdlO5Q29MTEVLUGE5RGs</link>

<caption>le <tl>banc <lb/>

des fourreaux</tl></caption>

</figure>

<figure>

<id>fig_p094v_2</id>

<margin>left-middle</margin>

<link>https://drive.google.com/open?id=0B9-oNrvWdlO5OEQ3OEFSNnEzeE0</link>

</figure>

<ab>
<margin>left-middle</margin>
<figure/> a<figure/> <figure/>b<lb/>

D<lb/>

<figure/><lb/>

le <tl>baston<lb/>

a felinder</tl><lb/>

<figure/><lb/>

c<lb/>

le <tl><m>flin</m></tl> ou <tl><m>pierre<lb/>

de fouldre</m></tl></ab>

<cont/>

</div>
</root>
