<root>
<page>005r</page>

<image>http://gallica.bnf.fr/ark:/12148/btv1b10500001g/f15.image</image>

<div>

<cont/>

<id>p004v_3</id>

<ab>ou <m><pa>linge</pa></m> &amp; le laisser ainsy xx4
<ms><tmp>heures</tmp></ms> &amp; il sera grave<lb/>

Mays si tu voulois promptement graver vernisses tout
v<exp>ost</exp>re<lb/>

besoigne &amp; la faictes bouillir dans ladicte liqueur &amp; elle<lb/>

gravera promptement</ab>

</div>

<div>
<id>p005r_1</id>
<head>Mirouers d<m>acier</m></head>

<ab>

<figure>+</figure> Ils sappellent d<m>acier</m> pourceque
communem<exp>ent</exp> le temps passe<lb/>

on les faisoict d<m>acier</m> poly avecq <m>potee desmery</m> Mays
plus<lb/>

facilement il sen faict de diverses sortes avecq le <m>cuivre<lb/>

franc</m> qui est <m>rosette</m> &amp; l<m>estain</m> pourcequil se
gecte en <tl>moule</tl><lb/>

&amp; se faict rond cave convexe &amp; comme on veult pour
representer<lb/>

diverses formes</ab>

<ab>Prens doncq <ms>moictie</ms> <m>cuivre de rosette</m> &amp;
<ms>moictie</ms> <m>estain doux</m><lb/>

cest a dire fin qui na poinct encores servi Et les mects dans<lb/>

un <tl>creuseau</tl> &amp; premiere<exp>ment</exp> fais bien fondre le
<m>cuivre</m> Et<lb/>

estant bien fondu mects l<m>estain</m> dedans Et mesle ensemble<lb/>

puys gecte dans le <tl>moule de <m>pierre blanche</m> poinct
oeilletee</tl><lb/>

&amp; oints le <tl>moule</tl> d<m>huile</m> &amp; quil soict
mediocrement chault<lb/>

Puys ayant <tl>moule</tl> ton mirouer tu le pourras polir en ceste<lb/>

sorte</ab>

<ab>Enchasses en un dans du <m>plastre</m> affin quil tienne ferme<lb/>

&amp; puys mectes laultre par dessus auecq du <m>sable menu</m><lb/>

entre deulx &amp; frottes lung contre laultre soict cave ou plat<lb/>

&amp; ainsi tu en poliras deux ensemble Et si tu les veulx<lb/>

polir des deulx costes il ne les fault que rechanger scavoir<lb/>

mectre celuy qui polissoict dans le <m>plastre</m> &amp; de celuy<lb/>

qui estoict dans le <m>plastre</m> en polir Apres les avoir<lb/>

polis avecq l<tl><m>arene</m></tl> tu les pourras adoulcir avecq le
<tl><m>tripoli<lb/>

de <pl>venise</pl></m></tl> qui ne soict poinct sablonneux &amp; apres
avecq de<lb/>

la <tl><m>potee</m></tl> Tu polis d<tl><m>arene</m></tl> avecq de
l<m>eau</m> Mays le<lb/>

polissement de <tl><m>tripoli</m></tl> &amp; <tl><m>potee</m></tl> se
faict a sec Estant poly tu le peulx enchasser</ab>

</div>

<div>
<id>p005r_2</id>
<head>Mirouers concave</head>

<ab>Le mirouer concave compose de la forme susdicte rend une<lb/>

infinite de gentilesses qui sembleroient magie Si quelquun<lb/>

se veult voir derriere il fault mectre le <tl>mirouer concave</tl><lb/>

a terre sur son pied &amp; quil soict en panchant Apres
<sn>regarde<add>r</add></sn><lb/>

dun <ms>pas</ms> Mays si tu <sn>regardes</sn> de pres il te represente a
lendroit<lb/>

mays le <bp>visaige</bp> fort grand &amp; le <bp>poil de la barbe</bp>
gros comme</ab>

<cont/>

</div>
</root>
