<root>
<page>127r</page>

<image>http://gallica.bnf.fr/ark:/12148/btv1b10500001g/f259.image</image>

<div>

<cont/>

<id>p126v_3</id>

<ab>quelques filets tant pour contenir les herbes affin quelles<lb/>

ne se haulssent point <del>par</del> quand tu gectes ton sable cler<lb/>

que pour leur donner vent quand le <tl>moule</tl> est recuit<lb/>

Car en ce faisant le <del><tl>moule</tl></del> <add>filet</add> se
brusle &amp; laisse des espaces<lb/>

vuides aulx herbes qui leur sert de souspirails &amp; des lieulx<lb/>

pour sesvacuer &amp; pour donner air aulx herbes affin quelles<lb/>

se bruslent mieulx Car ce qui les faict demeurer en <m>charbon</m><lb/>

cest quelles se bruslent a foeu clos &amp; sans espace vuide a<lb/>

cause de leurs brins subtils Essaye doncq dengrossir la<lb/>

principalle tige avecq un peu de <m>cire fondue</m> &amp; la laisse
froidir<lb/>

puys la moule Et la <m>cire</m> se fondant elle lairra la
principale<lb/>

tige au large &amp; co<exp>mm</exp>e vague affin quelle se brusle mieulx
ou bien<lb/>

oings les d<m>huile de petrol</m> ou <m>de soufre</m> <add>de</add>
<m>tourmentine</m> d<m>huile<lb/>

de brique</m> &amp; semblables ou d<m>eaulx forts</m> ou d<m>eaulx de
vye</m><lb/>

Ou fais des sables de <m><la>crocum</la></m> d<m>escaille de fer</m> de
loppe<lb/>

de <m>fer</m> d<m>esmeri</m> &amp; choses qui soubstiennent plusieurs
<ms><tmp>jours</tmp></ms><lb/>

grande ignition</ab>

<ab>

Les <m>os des animaulx</m> ne sont pas si fascheus a brusler<lb/>

&amp; reduire en <m>cendre</m> pourceque la <m>chair</m> estant bruslee
les<lb/>

<m>os</m> demeurent vagues &amp; la pesanteur du <m>vif argent</m> les
faict<lb/>

rompre &amp; subtilier estant calcines &amp; brusles</ab>

<ab>
<margin>left-middle</margin>
L<pa>asperge</pa> demeure<lb/>

tousjours en <m>charbon</m><lb/>

co<exp>mm</exp>e petites espingles<lb/>

Essaye de la prendre<lb/>

et le <pa>tim</pa> au comma<exp>n</exp>cem<exp>ent</exp><lb/>

quilz gectent que leur<lb/>

tige est encores<lb/>

tenvre</ab>

</div>
<div>
<id>p127r_1</id>
<head><tl>Moule de <m>plastre</m></tl> pour <m>cire</m></head>

<ab>Quand ton <tl>moule de <m>plastre</m></tl> est faict &amp; sec
advise bien<lb/>

que ton <tl>moule</tl> soict bien en despouille Car quelque foys il<lb/>

advient que lanimal estant blesse ou amaigry &amp; flestri<lb/>

faict des rides ou <del>retire</del> estant ses escailles ou le
<m>plastre</m><lb/>

entre Et cela nestant point en despouille Lanimal de <m>cire</m><lb/>

sattaqueroit &amp; se romperoit &amp; ne laurois jamays parfaict<lb/>

<rub>Advise aussy</rub> de fayre tes gects pour la <m>cire</m> fort<lb/>

larges Ainsy &amp; que les gects ne soient point trop espes Ils<lb/>

se font quand <del>lanimal est</del>

<figure>

<id>fig_p127r_1</id>

<link>https://drive.google.com/open?id=0B9-oNrvWdlO5ZFFkT3I4Vmx2em8</link>

</figure> le <tl>moules</tl> des deulx costes<lb/>

sont faicts &amp; que lanimal en est hors</ab>

</div>
</root>
