<root>
<page>134r</page>

<image>http://gallica.bnf.fr/ark:/12148/btv1b10500001g/f273.image</image>

<div>

<cont/>

<id>p133v_3</id>

<ab>

eviter de mectre des <tl>poinctes</tl> qui ne se doibvent pas mectre
sinon<lb/>

a leslevem<exp>ent</exp> de la teste aulx plus espes endroits du corps
&amp; des<lb/>

simples &amp; deliees au milieu des pieds des <al>lesards</al> les
ongles<lb/>

desquels tu feras entrer dans la <tl>plaste d<m>ardile</m></tl> affin
quilz<lb/>

demeurent asseures Quand tu auras fait le premier gect<lb/>

&amp; descouvert le ventre de lanimal noublie pas de mectre<lb/>

des tanvres petit<del>s</del>es <tl>plastes de <m>cire</m></tl> au bout
des pattes du <al>lesard</al><lb/>

Mays si cest dune <al>petite angroisse</al> couvre
legerem<corr><exp>ent</exp></corr> de <m>cire</m> tout le<lb/>
dessoubs du pied <del>et</del> et <del>cela</del> la <m>cire</m> sostant
apres le second gect<lb/>

il demeure une cavite qui remplist ces petits doigts de
<m>metal</m><lb/>

&amp; puys on les repare Advise doncq de bien attacher avecq de<lb/>

la <m>cire</m> les partyes de lanimal qui passent lune sur laultre<lb/>

avecq que le sable destrempe entrant entre deulx ne le fasse<lb/>

enlever <del>Et si</del> Car si cela advenoit le <del><tl>moule</tl> se
gasteroit</del> plant<lb/>

<del>en premier lieu</del> se <del>gasteroit</del> corromproit &amp; ton
<tl>moule</tl> aussy<lb/>

pource quil nauroit pas lespesseur qu<del>il</del>e tu penserois &amp;
se<lb/>

trouveroit perce &amp; gaste Et encores que pour obvier a cela<lb/>

tu puisse fayre le <tl>moule</tl> plus espes Touteffoys si<del>l</del>
cet<lb/>

inconvenient advenoit tu le pourras reparer en ceste sorte</ab>

</div>

<div>

<id>p134r_1</id>

<head>Pour racoustrer un <tl>moule</tl> perce</head>

<ab>

Si lanimal moule senleve en quelque endroit <del>pour navoir</del><lb/>

et se divertist du plant que tu luy as donne ou pour nestre<lb/>

pas bien mort ou pour navoir pas este bien attache avecq les<lb/>

<tl>poinctes de <m>fer</m></tl> ou avecq <m>cire</m> fondue et quil naye
pas lespesseur<lb/>

quil convient par dehors au droit de lenleveure ou soict perce<lb/>

Plustost quoster lanimal de dedans descouvre sil te semble<lb/>

la partie foible ou bien lendroit qui est perce Et fais tout<lb/>

aultour de petits trous tout aultour puys fais tremper le<lb/>

dos du <tl>moule</tl> Et gecte promptem<exp>ent</exp> dessus du
<add>mesme</add> sable destrempe<lb/>

qui entrera dans ces pertuis &amp; moulera &amp; sattaquera a
laultre<lb/>
Mays il fauldra bien <m>lutter</m> apres cet endroit</ab>

</div>

<div>

<id>p134r_2</id>

<head>Sable de <m><la>crocum</la></m></head>

<ab>

On peult bien employer la mixture du <m><la>crocum ferri</la></m> aussy
bien<lb/>

aulx <tl>moules</tl> pour l<m>argent</m> co<exp>mm</exp>e pour
l<m>or</m> car il les affermist &amp; les<lb/>

garde de fendre &amp; faire baves Et croy quen choses plattes<lb/>

il soubstiendroict <del>bien de</del> plusieurs gects Ce qui toutesfois
pour<lb/>

l<m>or</m> &amp; <m>argent</m> gueres ne se pratique</ab>

<ab>

<margin>left-middle</margin>

Essaye pour <lb/>

le <m>plomb</m> &amp; <m>estain</m><lb/>

le <m><la>crocum</la></m></ab>

</div>
</root>
