<root>
<page>101v</page>

<image>http://gallica.bnf.fr/ark:/12148/btv1b10500001g/f208.image</image>

<div>

<cont/>

<id>p101r_2</id>

<ab>que le <tl>crusol</tl> soict rouge Apres jecte le sur un
<tl><m>mabre</m></tl><lb/>

et tu auras une matiere blanche dure &amp; unie co<exp>mm</exp>e
<m>albastre</m><lb/>

dequoy tu pourras jecter medailles qui semblero<exp>n</exp>t
<m>mabre</m><lb/>

mays garde les de lhumidite</ab>

</div>

<div>

<id>p101v_1</id>

<head><m>Jacinthe</m></head>

<ab>Se faict co<exp>mm</exp>e le <m>ruby</m> avecq de l<m>or</m> mays il
ny<lb/>

fault pas si grand foeu Le <m>ruby</m> veult foeu tout<lb/>

un <ms><tmp>jour</tmp></ms> Et sil nha pas asses de foeu il naura<lb/>

que des veines rouges</ab>

<ab>

<margin>left-top</margin>

Recuits tousjours<lb/>

tes <tl>creusets</tl>

</ab>

<ab>

<margin>left-top</margin>

On tient que<lb/>

l<m>antimoine rubifie</m><lb/>

faict <m>jacinthe</m>

</ab>

</div>

<div>

<id>p101v_2</id>

<head><m>Topasse</m></head>

<ab>Jay fondu <ms>une part de <m>pierre ponce calcinee &amp;<lb/>

pulverisee</m> <del>&amp; tr</del> avecq trois pars de
<m>minium</m></ms><lb/>

et la <m>pierre pulverisee</m> dans un <tl>mortier de <del>ver
f</del><lb/>

<m>acier</m></tl> Il mest <add>@venu</add><comment>c_101v_01</comment>
un fort beau jaulne sans aulcuns<lb/>

grains plus jaulne que nul aultre Il est vray<lb/>

quil estoict charge fort de couleur Je croy quil<lb/>

seroit mieulx de <del>le</del> pulveriser la <m>ponce</m> dans un<lb/>

<tl>mortier de <m>verre</m></tl> pourcequelle &amp; le <m>minium</m>
font asses<lb/>

jaulne deulx mesme Il mest venu une masse le dessus<lb/>

beau jaulne co<exp>mm</exp>e dict est le dessoubs co<exp>mm</exp>e
<m>caillou a<lb/>

foeu</m> sans transparence avecq quoy en meslant
daultr@<comment>c_101v_02</comment></ab>

</div>

<div>

<id>p101v_3</id>

<head><m>Vernis</m></head>

<ab>Les <pl>allemands</pl> font fort bouillir le <m>minium</m><lb/>

parmy l<m>huile de <pa>lin</pa></m> &amp; pour luy donner corps de<lb/>

<m>vernis</m> ilz y meslent l<m>ambre jaulne fort pulverise</m></ab>

</div>

<div>

<id>p101v_4</id>

<head><m>Gomme armoniac</m></head>

<ab>On la mects a petits lopins dans un peu de bon<lb/>

<m>vinaigre</m> &amp; on faict chaufer puys on le passe par<lb/>

une <tl>estamine</tl> Toutes <m>gommes de medecine</m> se
dissolvent<lb/>

en <m>vinaigre</m></ab>

</div>
</root>
