<root>
<page>084r</page>

<image>http://gallica.bnf.fr/ark:/12148/btv1b10500001g/f173.image</image>

<div>
<id>p084r_1</id>
<head>Masque in promptu</head>

<ab>Moules du <m>papier</m> &amp; le pose sur le visaige de quelqun qui
fasse<lb/>

laide grimace laisse seicher &amp; prens ton patron pour<lb/>

paindre de la<comment>c_084r_01</comment></ab>

<ab><figure>#</figure> &amp; enleveures Il ne fault pas aussy quil soit
trop humide<lb/>

pour les raisons susdictes Recuits le aussy peu <add>a peu</add> Et si
apres<lb/>

lavoir moule tu le laissois seicher lentem<exp>ent</exp> en quelque
<env>lieu sec</env><lb/>

&amp; non a grand foeu il seroit mieulx Car quand on lexpose<lb/>

tout a coup a grande chaleur il senvele Je croy que le recuire<lb/>

a la gueule du <tl>four</tl> <tmp>apres que le <m>pain</m> en est
tire</tmp> seroit fort<lb/>

propre Il ne fault point plaindre la peyne de le bien acommoder<lb/>

Car il soubstient tant de gects que tu vouldras a cause quil se<lb/>

rend dur comme <m>mabre</m> &amp; tu le peulx polir &amp; le
<tl>moule</tl> ne se peult<lb/>

gaster Ayant servy pile le &amp; <tl>tamise</tl> de nouveau sans
toutesfois<lb/>

estre curieulx de le rendre si subtil <del>I</del> car estant
seulem<exp>ent</exp> passe par<lb/>

un commun tamis il ha plus de force <del>que</del> et despouille mieulx
que quand<lb/>

il est si subtil</ab>

</div>

<div>
<id>p084r_3</id>
<head><m>Eau magistra</m></head>

<ab>Fais dissouldre le <m>sel gemme</m> ou <del><m>sel</m></del> <m>suin
de verre subtilem<exp>ent</exp><lb/>

pulverise</m> &amp; mis sur un <tl><m>mabre</m></tl> dans une
<env>cave</env> &amp; il se desseichera<lb/>

en recuisant le <tl>moule</tl> &amp; luy donnera une liaison pour
soubstenir<lb/>

plusieurs gects <rub>Essaye de humecter avecq <m>huile de
tartre</m></rub></ab>

</div>

<div>
<id>p084r_4</id>
<head><m>Farine</m></head>

<ab>Moulue aulx <tmp>advents de Noel</tmp> se garde <tmp>tout
lan</tmp></ab>

</div>

<div>
<id>p084r_5</id>
<head><m>Sable de <env>mine de
<pl>Th<exp>ou</exp>l<exp>ous</exp>e</pl></env></m></head>

<ab>Le <m>sable de <pl>th<exp>ou</exp>l<exp>ous</exp>e</pl></m> qui se
prend <env>au costau de <pl>puy david</pl> bien<lb/>

profond en terre</env> est excellent de soymesme Mays pour luy
faire<lb/>

soubstenir plusieurs gects Je le mesle avecq le <m>suin de verre
pulverise</m><lb/>

&amp; humecte qui lendurcist &amp; prend corps &amp; liaison avecq luy
&amp; luy<lb/>

faict soustenir <del>plus de cinq</del> tant de gects que tu
vouldras<lb/>

<rub>Essaye de humecter le <m>verre pile</m></rub> et aultres
s<del>e</del>ables<lb/>

avecq les <m>eaulx des susdicts sels</m> Il veult estre co<exp>mm</exp>e
tout <m>sable naturel</m><lb/>

bien recuit plustost que le mectre en oeuvre On le pulverise pource quil
est en motte<lb/>

puys on le recuist dans une <tl>chauldiere de <m>cuivre</m></tl> ou
semblable jusque<del>l</del><add>s</add> a ce quil ne<lb/>

fume plus</ab>

<ab>
<margin>left-bottom</margin>
Il le fault<lb/>

recuire plus<lb/>

tost que sen<lb/>

servir Il se<lb/>

rend meilleur<lb/>

au gect pour<lb/>

ce quil se<lb/>

recuist Mays<lb/>

quand il ha<lb/>

beaucoup servy<lb/>

il le fault<lb/>

rafreschir avecq<lb/>

du nouveau</ab>

</div>
</root>
