<root>
<page>051v</page>

<image>http://gallica.bnf.fr/ark:/12148/btv1b10500001g/f108.image</image>

<div>

<cont/>

<id>p051r_2</id>

<ab>qui est different de celuy des <pro>imprimeurs</pro> Il fault faire
<tmp>long<lb/>

temps</tmp> bouillir de l<m>huile de <pa>noix</pa></m> ou pour mieulx de
l<m>huile de<lb/>

<pa>lin</pa></m> &amp; ayant <tmp>long temps</tmp> bouilly Tu y mectras
des <m><pa>aulx</pa></m> &amp;<lb/>

des <m>croustes de pain</m> pour les desgraisser &amp; laisseras
encores<lb/>

fort bouillir puys en fin y mectras une <ms>partye</ms> du <m>noir<lb/>

de lampe</m> que tu auras broye avecq de l<m>huile</m>
auparava<exp>n</exp>t<lb/>

sur le <tl><m>marbre</m></tl> Et en fin le mesleras tout
<add>ta<exp>n</exp>t</add> &amp; jusques a ce<lb/>

que tu voyes que la <tl>planche</tl> imprime bien <del>Laquelle</del>
Et<lb/>

co<exp>mm</exp>e tu y auras couche l<m>ancre</m> essuye bien les
<tl>planches</tl> avecq<lb/>

la superficie dune <tl>foeille de <m>papier blanc</m></tl> &amp; fais
ainsy<lb/>

jusques a ce que le <tl><m>papier</m></tl> se monstre net puys
imprime<lb/>

Si tu essuyois les <tl>planches</tl> avecq un <tl><m>linge</m></tl> il
osteroit l<m>ancre</m><lb/>

L<m>huile de <pa>lin</pa></m> sespessist en bouillant &amp; vient
co<exp>mm</exp>e un <m>vernis</m> &amp; est<lb/>

dangereulx de senflammer partant quand tu le feras bouillir fais<lb/>

que ce soit en <env>lieu descouvert</env> ou en <env>lieu ou la flamme
ne puisse<lb/>

porter domaige</env> Aulcuns font brusler du <m>tartre</m> jusques a
ce<lb/>

quil soict noir &amp; le broyent avecq de l<m>huile de <pa>lin</pa> non
bouilly</m><lb/>

ou <m>huile de <pa>noix</pa></m> que daultres trouvent meilleur Ce
<m>noir</m> est<lb/>

beau Mays celuy de <m>fumee de lampe</m> est plus noir Quand<lb/>

tu veulx imprimer <del>fr</del> prens avecq le <tl><bp>bout du
doigt</bp></tl> dudict <m>noir<lb/>

mediocrem<exp>ent</exp> espes</m> toute la <tl>planche</tl>
premierem<exp>ent</exp> nettoyee en <m>lessive</m><lb/>

co<exp>mm</exp>e dict puys avecq la superficie dun <tl><m>papier
blanc</m></tl> frotte la<lb/>

jusques a ce que le <tl><m>papier</m></tl> demeure blanc &amp; ne la
touches pas<lb/>

de la <bp>main nue</bp> <del>pourceq</del> mays un
<tl><m>papier</m></tl> aplique par dessus<lb/>

&amp; ayant nettoye parfaictem<exp>ent</exp> la <del>mi</del>
<tl>planche</tl> frotte encores dun <tl><m>papier</m></tl><lb/>

redouble les bords &amp; costes Apres ayes une <tl>petite table
unye</tl><lb/>

&amp; sur icelle une <tl>piece de <m>feultre</m></tl> puys quelques
<tl>foeilles de <m>papier</m></tl><lb/>

&amp; en fin celle que tu veulx imprimer qui soit humectee entre
deulx<lb/>

<tl>servietes mouillees</tl> Et sur ceste <m>foeille</m> mects ta
<tl>planche</tl> puys<lb/>

daultre <tl><m>papier</m></tl> &amp; enfin ung aultre
<tl><m>foeultre</m></tl>Puys passe entre<lb/>

les <tl>rolleaulx</tl> Et tu peulx imprimer une douzaine de pieces<lb/>

de suicte en chargeant tousjours la <tl>planche</tl> d<m>ancre</m> &amp;
la nettoya<exp>n</exp>t<lb/>

co<exp>mm</exp>e tu as faict Mays si tu desistes dimprimer Le reste
de<lb/>

l<m>ancre</m> se sechera dans les traicts de la <tl>planche</tl> Ainsy
il te<lb/>

la fauldra faire bouillir en <m>lessive</m> ou <m>urine</m>
co<exp>mm</exp>e est ja dict<lb/>

pour la nettoyer Les <tl>rouleaux</tl> ne doibvent pas estre trop
lasches</ab>

</div>
</root>
