<root>
<page>160v</page>

<image>http://gallica.bnf.fr/ark:/12148/btv1b10500001g/f326.item.r=</image>

<div>
<id>p160v_1</id>
<head>Mouler un <bp>pied</bp> ou <bp>main</bp></head>

<ab>Mesle de la <m>rousine</m> parmy la <m>cire</m> &amp; layant
bien<lb/>

incorpore ramollis les en <m>eau chaulde</m> ou
<m><bp>urine</bp></m><lb/>

&amp; puys fais empraincte en pressant &amp; apres gecte<lb/>

y <m>plastre</m> &amp; il viendra bien net &amp; despouillera bien</ab>

</div>

<div>
<id>p160v_2</id>
<head>Ouvraige subtil d<m>or</m> et d<m>argent</m></head>

<ab>Il sen peult fayre des <al>mouches</al> a la main sans gect
&amp;<lb/>

les aisles &amp; pieds se peuvent raporter par <m>souldure</m> ce
qui<lb/>

ne se peult faire aulx ouvraiges subtils de <m>plomb</m> &amp;
<m>estain</m><lb/>

pource quilz fonderoient Et louvraige d<m>or</m> se peult
<m>esmailler</m></ab>

</div>

<div>
<id>p160v_3</id>
<head>Prendre <al>escrevisses</al></head>

<ab>Attache au bout dun <tl>baston</tl> du <m>foye ou poulmon de
<al>boeuf</al><lb/>

ou <al>moutton</al></m> &amp; quavecq une petite <tl>corde</tl> tu faces
pendre<lb/>

un <tl>panier</tl> au bout dudit <tl>baston</tl> Mects dans l<env>eau ou
les<lb/>

<al>escrevisses</al> se nourrissent</env> &amp; elles bien tost se
viendont<lb/>

amonceller sur la <m>chair</m> Retire @ doulcem<exp>ent</exp> de
l<env>eau</env> &amp;<lb/>

celles qui vouldront se retirer dans l<env>eau</env> tumberont<lb/>

au <tl>panier</tl></ab>

</div>

<div>
<id>p160v_4</id>
<head>Prendre <al>passereaulx</al></head>

<ab>Silz couchent <env>aulx <m>pailles</m></env> co<exp>mm</exp>e ilz
font co<exp>mmun</exp>em<exp>ent</exp> <env>pres<lb/>

de la maison</env> Laisses la plus proche fenestre ouverte<lb/>

&amp; i mectes de la <tl>chandelle allumee</tl> Mays que la
<tl>chandelle</tl><lb/>

soit cachee &amp; que sa lueur seulement paroisse par la<lb/>

chambre &amp; par la fenestre Et touls @ sencofreront dans<lb/>

la chambre Mays il fault que la <env><tmp>nuit</tmp> soict obscure<lb/>

&amp; ne fasse point de <figure>☾</figure></env></ab>

</div>

<div>
<id>p160v_5</id>
<head>Prendre <al>oiseaulx</al></head>

<ab><tmp>En hyver</tmp> lors que les <al>oiseaulx</al> ont mue escorche
les &amp; les<lb/>

remplis de <m>toile de bourre</m> <del>&amp;</del> <add>ou bien</add>
seiche les au <tl>four</tl> <figure>#</figure> Puys<lb/>

disposes les sur les abres &amp; en <pro>ayes quelquun qui
cha<exp>n</exp>te</pro><lb/>

&amp; en assembleras &amp; prendras force</ab>

<ab><margin>left-middle</margin>

@au <tl>four</tl> qui<lb/>

ne soict gueres<lb/>

chault <del><tmp>Lhiver</tmp></del><lb/>

<del>il</del> <add>Et</add> <tmp>leste</tmp> cela<lb/>

faict pource que<lb/>

plustost quilz<lb/>

ne fussent secs la <al>mouche</al> se mectroit dans les yeulx <add>et
feroit des <al>vers</al></add> <tmp>lhiver</tmp> il sacoustrent<lb/>

mieulx &amp; se seichent eulx mesmes</ab>

</div>
</root>
