<root>
<page>100r</page>

<image>http://gallica.bnf.fr/ark:/12148/btv1b10500001g/f205.image</image>

<div>

<id>p100r_1</id>

<head>Or couleur</head>

<ab>Pour avoyr bien tost faict couche d<m>or <del>sur</del> mat</m> sur
<m>toile</m><lb/>

ou aultre <m>tableau a huile</m> on faict <env>au soleil</env> ou
<env>au feu</env> de<lb/>

l<m>huile de <pa>noix</pa></m> gras co<exp>mm</exp>e cy devant dict car
il sespessist de soy<lb/>

mesmes en ceste sorte encores quil ny aye point de <m>plomb</m> ne
<m>ceruse</m><lb/>

Et avec iceluy broye du <m>massicot</m> <m>mine</m> &amp; aultres
dessiccatifs<lb/>

non pas <m>verdet</m> ne <m>orpiment</m> car ilz font mourir l<m>or</m>
Il sera<lb/>

sec bien tost Touteffoys si le <env><tmp>temps nest serain &amp;
sec</tmp></env> ne ladonbre<comment>c_100r_01</comment><lb/>

pas car si le <env><tmp>temps est relent &amp; humide</tmp></env> il se
rendroit noir</ab>

</div>

<div>

<id>p100r_2</id>

<head>Pourtraire au naturel</head>

<ab>Il fault curieusement <sn>observer</sn> les yeulx le nes &amp;
la<lb/>

barbe car ces trois choses font fort resembler</ab>

</div>

<div>

<id>p100r_3</id>

<head><m>Pierreries</m></head>

<ab>Il fault <tl>piler</tl> tes materiaulx en un <tl>mortier de <m>verre
espes</m></tl><lb/>

&amp; enchasse &amp; <m>mastique</m> dans un aultre <tl>mortier de
<m>bois</m></tl> affin<lb/>

quil ne se rompe point Cela peult servir aulx <pro>parfumeurs</pro><lb/>

&amp; <del>la t</del> le <tl>pilon</tl> aussy de <m>verre</m></ab>

</div>

<div>

<id>p100r_6</id>

<margin>left-middle</margin>

<man><margin>left-middle</margin><tl>Mortier<lb/>

de <m>verre</m></tl><lb/>

et <tl>table<lb/>

de <m>verre</m></tl><lb/>

a broyer</man>

</div>

<div>

<id>p100r_4</id>

<head>Le <m>salpestre</m> vitrifie</head>

<ab>Estant fondu avec les <m>caillous</m> il faict le <m>verre</m> fort
blanc<lb/>

Mays il le fault plustost calciner sur une <tl>tuile ou palle<lb/>

chaulde</tl> Et ce qui restera de la vapeur Mesle le avec
<ms>aulta<exp>n</exp>t<lb/>

de <m>caillou blanc calcine</m></ms> Il est vray quau <tl>petit
fourneau</tl><lb/>

Il ne se clarifie pas bien Mays aulx grandes
<m>verrieres</m><comment>c_100r_02</comment><lb/>

il faict le <m>verre</m> fort cler &amp; blanc &amp; net</ab>

</div>

<div>

<id>p100r_5</id>

<head>Vitres que le <env>soleil</env> ne passera<lb/>

point</head>

<ab>Prend du <m>salpestre susdict calcine</m> &amp; lexpose <env>a
lair<lb/>

ou lieu humide</env> et il se convertira en liqueur de laquelle<lb/>

si tu frottes les vitres <add>des deux costes</add> le <env>soleil</env>
ne passera point<lb/>

a travers ains fera ombre Il fault mectre le <m>salpestre</m><lb/>

sur quelque <del>chose</del> <add>place</add> nette &amp; <del>la</del>
mectre dessus des <tl>charbons allumes</tl><lb/>

et continuer par tout jusques a ce quil ne brusle plus</ab>

<ab>

<margin>left-bottom</margin>

Il sert aussy<lb/>

a faire fondre<lb/>

&amp; mectre parmy<lb/>

le <m>sel alchali</m><lb/>

pour nettoyer les<lb/>

<bp>mains</bp></ab>

</div>
</root>
