<root>
<page>138r</page>

<image>http://gallica.bnf.fr/ark:/12148/btv1b10500001g/f281.image</image>

<div>

<cont/>

<id>p137v_1</id>

<ab>Si tu veulx gecter <m>or</m> <m>argent</m> <m>cuivre</m> ou
<m>letton</m> il fault quilz<lb/>

soient parfaictem<corr><exp>ent</exp></corr> rouges &amp; embrases par
dedans quand tu gectes<lb/>

&amp; parfaictem<corr><exp>ent</exp></corr> recuite deulx fois sil y a
quelque chose dedans<lb/>

a brusler &amp; nettoyer</ab>

<ab>Les <tl>moules</tl> des animaulx quon brusle se doibvent
recuire<lb/>

de telle sorte que lanimal se brusle Mays sil ha <m>gros os</m><lb/>

cella est fascheux a tirer &amp; le <m><figure>☿</figure></m> rompt
souvent quelque chose<lb/>

subtile par sa poisanteur On ne mect point de <m><figure>☿</figure></m>
aulx <tl>moules</tl><lb/>

qui se peuvent ouvrir Cest volontiers aulx fleurs le
<tl>moulle</tl><lb/>

desquelles ne souvre point pourcequilz se font tout a un<lb/>

coup</ab>

<ab>Quand tu vouldras recuire tes <tl>moules</tl> mects les
<tl>crampons</tl><lb/>

par les joinctures affin quen recuisant ilz ne se gaulchissent<lb/>

retirent ou rompent point cela se faict apres que le gect est<lb/>

faict</ab>

<ab>Les <m>rascleures des moules</m> peuvent encores servir
lemploya<exp>n</exp>t<lb/>

au lieu de <m>brique</m> apres les avoir recuits &amp; les <m>lopins
aussy<lb/>

des moules qui ont servy</m> On en <m>lute</m> aussy les choses<lb/>

dimportance co<exp>mm</exp>e ouvrages d<m>or</m> ou d<m>argent</m> On le
recuit<lb/>

aussy &amp; on lacoustre avecq <del>se</del> <m>eau de sel armoniac</m>
comme<lb/>

le <m>spat d<pl>allemaigne</pl></m> &amp; est excellent sable pour
chassis pour<lb/>

tous <m>metaulx</m></ab>

<ab>Les <tl>moules</tl> des choses quil fault brusler dedans<lb/>

iceulx ne <del>souf</del> souvrent poinct que la chose qui est
dedans<lb/>

ne soict bruslee co<exp>mm</exp>e les <tl>moules</tl> des
<al>escrevisses</al> <al>chancres</al><lb/>

du <al>cerf volant</al> des portraicts &amp; pieces de <m>cire<lb/>

noire soufree</m> qui nest point en despouille</ab>

<ab>Il ne fault pas mouler sur la <m>brique</m> ou <m>bois</m>
pourceque<lb/>

<del>le a</del> ilz suppent &amp; attirent l<m>eau</m> trop tost Et ne
donne<exp>n</exp>t pas loisir<lb/>

au sable de faire prise Il ne scauroit estre mieulx que sur la<lb/>

<tl>platene d<m>ardille fresche</m></tl> Encores ay je practique que
la<lb/>

<m>terre grise</m> deseiche trop tost le <tl>molle</tl> <m>La jaulne</m>
est meilleure</ab>

<ab>
<margin>left-middle</margin>
Pour medailles<lb/>

et choses plattes<lb/>

il fault que le<lb/>

sable soict<lb/>

asses espes<lb/>

destrempe pource<lb/>

quil faict<lb/>

plustost prise<lb/>

Et quand le<lb/>

sable est ainsy<lb/>

espes on peult<lb/>

bien fraper et<lb/>

branler la <tl>table</tl><lb/>

ou est pose le<lb/>

<tl>mole</tl> pour le<lb/>

faire courre<lb/>

par tout Mays<lb/>

quand le sable<lb/>

est clair co<exp>mm</exp>e<lb/>

pour fleurs<lb/>

et herbes il ne<lb/>

fault poinct<lb/>

fraper ne pareillem<exp>ent</exp><lb/>

quand il y a<lb/>

quelque chose<lb/>

attachee avecq<lb/>

la <m>cire</m> ou<lb/>

aultre chose<lb/>

qui est subgecte<lb/>

a senlever co<exp>mm</exp>e<lb/>

jambes d<al>escrevisses</al><lb/>

ou semblables<lb/>

choses Et si le<lb/>

sable est par<lb/>

cas fortuit trop<lb/>

espes tu y mects<lb/>

promptem<corr><exp>ent</exp></corr> <corr><del>verser</del></corr><lb/>

de l<m>eau</m><lb/>

Ayant mis<lb/>

le sable dans<lb/>

l<m>eau</m> <del>le</del> considere<lb/>

quil soict espes<lb/>

au fonds &amp;<lb/>

clair au dessus<lb/>

Le plus clair se gecte au comma<exp>n</exp>cem<exp>ent</exp><lb/>

et puys soufler &amp; le plus espes sur la<lb/>

fin affin de fortifier le <tl>molle</tl></ab>

</div>
</root>
