<root>
<page>158v</page>

<image>http://gallica.bnf.fr/ark:/12148/btv1b10500001g/f322.image</image>

<div>

<id>p158v_1</id>

<head>Couleurs pour les feuilles vertes</head>

<ab>On les painct co<exp>mmun</exp>ement a <m>huile</m> pourceque les
couleurs<lb/>

a <m>destrempe</m> nont point de tenue Pour <pa>fleur de
soulcy</pa><lb/>

le <m>minium peu broye</m> pour aulcuns &amp; pour daultres qui<lb/>

sont plus jaulnastres un peu de <m>massicot</m> parmy<lb/>

Pour vert Le <m>vert de gris</m> a fonds &amp; est trop obscur<lb/>

Si cest un vert jaulnastre Tu peulx mesler avecq<lb/>

le <m>verdegris</m> un peu d<m>ocre jaulne</m> &amp; de
<m>scudegrun</m><lb/>

Si le verd est obscur Mects parmy du <m>charbon<lb/>

de noyau de <pa>pescher</pa></m> qui faict un <del>v</del> noir
verdastre<lb/>

co<exp>mm</exp>e le noir d<m>os de pied de <al>bœuf</al></m> faict
bleuastre<lb/>

Et ainsy par jugement &amp; discretion mects la couleur<lb/>

sur la <m>fleur ou foeille naturelle</m> pour voyr<lb/>

si elle aproche bien @<comment>c_158v_01</comment>Mays couche la fort
clere pour ne<lb/>

couvrir pas les traicts de louvrage</ab>

</div>

<div>

<id>p158v_2</id>

<head>Grands <tl>moules</tl></head>

<ab>A cause du grand poix du <m>metal</m> ilz veulent<lb/>

estre mis dans une <tl>presse</tl> affin quilz ne souvrent<lb/>

pas</ab>

</div>

<div>

<id>p158v_3</id>

<head><m>Fumee de <tl>chandelle</tl></m></head>

<ab>Elle faict venir plus net &amp; encores quelles soict <add>un
peu</add> espesse<lb/>

elle ne tient poinct de lieu pourcequelle nha poinct de<lb/>

corps Jay ainsy parfume mes <tl>moules</tl> de noyau pour<lb/>

l<m>estain</m> &amp; <m>plomb</m> Et ay gecte dans le <tl>moule</tl>
froid<lb/>

mays auparavant bien deseiche Et est venu fort net<lb/>

Il est vray que le <m>plomb</m> mesle de <ms>moictie</ms>
d<m>estain</m><lb/>

pourceque la medaille estoit espesse estoict fort chault</ab>

</div>

<div>

<id>p158v_4</id>

<head>Gect</head>

<ab><del>Encores que</del> <add>Si</add> la medaille est fort espesse ne
luy donne<lb/>

pas pour cela le gect aussy espes Il suffict que le<lb/>

gect aye la <ms>moictie de son espesseur</ms> Mays si elle<lb/>

tanvre donne luy le gect de son espesseur Noublie pas de<lb/>

fayre des souspirails au gect ou communem<exp>ent</exp> la matiere
soufle</ab>

<ab>

<margin>left-middle</margin>

Noublie jamays<lb/>

d<m>huiler</m> le gect de<lb/>

<m>cire</m> quand tu moules<lb/>

des herbes ou<lb/>

fleurs Aultrem<exp>ent</exp><lb/>

il se rompt &amp; ne<lb/>

se peult pas<lb/>

retirer</ab>

</div>
</root>
