<root>
<page>046r</page>

<image>http://gallica.bnf.fr/ark:/12148/btv1b10500001g/f97.item</image>

<div>

<id>p046r_1</id>

<head>Pour les <bp>dents</bp> <m>huile de soufre</m></head>

<ab>Aulcuns les blanchissent avecq compositions d<m>eau fort</m><lb/>

toutesfois on dict que cela par apres les corrompt &amp; leur<lb/>

cause une noirceur On dict que l<m>huile de soufre</m> y<lb/>

est excellent Mays il le fault mesler de ceste sorte Prens<lb/>

aultant d<m>huile de <pa>girofle</pa></m> comme il en pourroit tenir
dans<lb/>

une <tl><ms>coquille de <pa>noix</pa></ms></tl> Et aultant de <m>miel
rosat</m> &amp; sept ou<lb/>

huict <ms>goutes</ms> d<m>huile de soufre</m> &amp; mesle bien tout
ensemble<lb/>

Et apres avoyr nettoye les <bp>dents</bp> avecq un <tl>petit
burin</tl><lb/>

touche les legerement avecq un <del>bout</del> peu de <m>cotton</m>
trempe dans<lb/>

les susdicts <m>huiles</m> et luy laisse un peu puys crache ou te<lb/>

lave la <bp>bouche</bp> avecq <m>eau tiede</m> Et reitere deulx ou
trois<lb/>

fois L<m>huile de soufre</m> penetre &amp; est corrosif <del>et l</del>
Mays<lb/>

l<m>huile de <pa>girofle</pa></m> &amp; le <m>miel rosat</m> le
corrigent Use doncq<lb/>

avecq discretion</ab>

</div>

<div>

<id>p046r_2</id>

<head><m>Huile de <pa>froment</pa></m></head>

<ab>Aplique sur le poil le faict tumber &amp; le garde de naistre</ab>

</div>

<ab>

<margin>left-middle</margin>

<!-- we think this mark may be made by the oil of sulfur described in
p046v_4, and that this is the evidence of it bleeding through to the
other side of the folio. Or is this related to a compass mark? See also
p046v_1.png -->

<figure>

<link>https://drive.google.com/file/d/1G9nfjlsULz9521ia7VptfkJ_AjsSPO5H/view?usp=sharing

</link>

</figure>

</ab>

<div>

<id>p046r_3</id>

<head>Contre mal caducq</head>

<ab>Ayes des <m>oeufs frais dun <al>corbeau</al></m>
<del>ou</del>qualtre ou cinq &amp; <del>le</del><lb/>

l<ms>espace de 4 ou cinq <tmp>matins</tmp></ms> fais en cuire un et
ayant mesle<lb/>

dedans un peu de <m><pa>gentiane</pa> en pouldre</m> &amp; une
<ms>goutte</ms> d<m>huile de<lb/>

soufre</m> donne le au patient On tient que le mal ne revient<lb/>

plus</ab>

</div>

<div>

<id>p046r_4</id>

<head>Contre goutes froides</head>

<ab><m>Huile de <pa>gayac</pa> &amp; de soufre</m> meslee ensemble
apliquee</ab>

</div>

<div>

<id>p046r_5</id>

<head><del>Go</del> Fleurs dabres</head>

<ab>Celles qui se voyent <tmp>en tout<del>es</del><add>s</add> les
renouveaulx de <figure>☾</figure></tmp> ne viennent<lb/>

gueres a proffict Il ne fault laisser au greffe que deulx boutons</ab>

</div>
</root>
