<root>
<page>003v</page>

<image>http://gallica.bnf.fr/ark:/12148/btv1b10500001g/f12.image</image>

<div>

<cont/>

<id>p003r_3</id>

<ab>au lieu de <m>tourmentine fine</m> Et tu pourras mectre sur<lb/>

deulx <ms>lb</ms> de <m>tourmentine commune</m> une <ms>lb</ms> de
<del>tou</del> <m>huile de<lb/>

tourmentine fine</m> &amp; faire tout comme laultre Cestuy cy ne<lb/>

reviendra qua cinq ou six <cn>sols</cn> la <ms>lb</ms> &amp; se vend 40
<cn>s<exp>ols</exp></cn> la <ms>lb</ms></ab>

<figure>

<id>fig_p003v_1</id>

<link>https://drive.google.com/open?id=0B9-oNrvWdlO5ZUY4SkZBblA5MjA</link>

</figure>

<ab>Ce <tl>vaisseau</tl> est pour faire grande quantite d<m>huile
de<lb/>

tourmentine</m> scavoir un <ms><ms>seau</ms> <tmp>en heure</tmp></ms> Et
nimporte quelle<lb/>

<m>tourmentine ce soict ou fine ou grossiere</m> Il fault donner<lb/>

comme tu scais petit foeu au commencem<exp>ent</exp> Et tenir
toujours<lb/>

l<m>eau froide</m> au refreschissouer den hault La <ms>lb</ms> sen
vent<lb/>

xii <cn>s<exp>ols</exp></cn> &amp; au fonds du <tl>vaisseau</tl> demeure
la <m>colophoine</m> aultrem<exp>ent</exp><lb/>

<m><la>pix græca</la></m> Dans ce <tl>vaisseau</tl> se fait bien aussi
l<m>eau<lb/> de vye</m> et nest besoin de la repasser Il ne te fault
poinct<lb/>

de <tl>fourneau</tl> pour ce <tl>vaisseau de <m>cuivre</m></tl> Ains
seulement du<lb/>

<m>charbon</m> aultour sil a le cul plat Mays sil est rond tu le<lb/>

mectras sur un <tl>trepier</tl></ab>

<ab>
<margin>left-middle</margin>
@ Il est mieulx de chaufer<lb/>

un peu le <m>vernis</m><lb/>

que le coucher <env>au<lb/>

soleil</env> pourceque<lb/>

cela faict enveler <lb/>

le tableau</ab>

<ab>
<margin>left-middle</margin>
@ Aulcuns disent quil<lb/>

nest bon de distiler dans<lb/>

ce <tl>vaisseau de <m>cuivre</m></tl><lb/>

pourcequil faict vert<lb/>

Touteffois <m>estame</m> il<lb/>

est bon</ab>

</div>
<div>
<id>p003v_1</id>
<head>Pour vernir</head>

<ab>Le <m>vernis de tourmentine</m> na que faire de <m>cole</m>
pourcequil<lb/>

est gras &amp; visqueulx &amp; ne semboit pas dans le <m>bois</m> comme
celuy<lb/>

d<m>aspic</m> &amp; de <m>sandaraque</m> celuy aussy d<m>aspic</m> ne
veult poinct<lb/>

de <m>cole</m> sur le <m>fer</m> &amp; semblables choses qui ne
semboivent poinct<lb/>

mays sur le <m>bois</m> &amp; sur les couleurs qui <del>ont</del>
<add>nont point</add> <m>gomme</m> ou <m>colle<lb/>

de destrempe</m> Il est besoing de donner une couche de ladicte
<m>colle<lb/>

de retailles</m> &amp; laisser seicher &amp; vernir</ab>

</div>
</root>
