<root>
<page>124v</page>

<image>http://gallica.bnf.fr/ark:/12148/btv1b10500001g/f254.image</image>

<div>

<id>p124v_1</id>

<head><add><m>Esmail</m></add> <m>Rouge clair</m></head>

<ab>L<m>or fin</m> luy est contraire Car <del><ill/></del> sur iceluy il
demeure<lb/>

jaulnastre Mays l<m>or</m> allie luy est plus propre Comme celuy<lb/>

d<cn>escu</cn> &amp; <cn>pistolet</cn> <del>Si</del> L<m>or</m>
<del>f</del> <del>nest remys au foeu</del> en sa seule<lb/>

couleur blafarde rend les <m>esmauls</m> de morte couleur <del>Ma</del>
Et<lb/>

pour ceste occasion estant taillé on le remect au foeu pour luy<lb/>

donner couleur co<exp>mm</exp>e rougeastre pour faire les <m>esmaulx</m>
beaulx<lb/>

<add>Aultrem<exp>ent</exp> ils sont mats</add></ab>

<ab>Il y a du <m>rouge clair</m> qui estant use avecq l<m>arene</m> perd
sa<lb/>

beaulte</ab>

<ab>Il sen trouve qui ha des <m>grains dor</m> dedans Et lopinion
aussy<lb/>

des bons <pro>orfevres</pro> que le bon se faict avecq de
l<m>or</m></ab>

</div>

<div>

<id>p124v_2</id>

<head>Gecter en <m>or</m></head>

<ab>Les <tl>moules</tl> se recuisent mieulx &amp; plus seurement a
feu<lb/>

clos co<exp>mm</exp>e dans un <del><tl>pot</tl></del> <tl>four de
reverberation</tl> que aultrement<lb/>

De sorte que quand les <pro>orfevres</pro> veulent gecter quelque<lb/>

piece dimportance <del>d<m>or</m> e</del> qui ha couste beaucoup a
esbaucher<lb/>

en <m>cire</m> Ilz mectent les <tl>moules</tl> dans un <tl>pot</tl>
&amp; les revestissent<lb/>

&amp; emplissent le <tl>pot</tl> de <m>terre</m> soubstenant le foeu qui
les<lb/>

tient unis et serres Puys recuisent <tl>moule</tl> <m>terre</m> &amp;
<tl>pot</tl><lb/>

ensemble et co<exp>mm</exp>e tout est bien rouge ilz gectent l<m>or</m>
L<m>or fin</m><lb/>

ne court pas bien Mays bien l<m>or allie</m></ab>

<ab>

<margin>left-middle</margin>

L<m>or</m> &amp; l<m>argent</m> ne saigrissent point<lb/>

estant touts rouges et chaults trempes<lb/>

en l<m>eau</m></ab>

<ab>

<margin>left-middle</margin>

L<m>or</m> est d<ms>un<lb/>

quart plus pesa<exp>n</exp>t<lb/>

que</ms> le <m>plomb</m></ab>

<ab>

<margin>left-middle</margin>

Quand l<m>or</m> est<lb/>

en sa parfaicte<lb/>

chaleur il est verd<lb/>

co<exp>mm</exp>e une <m>esmeraulde</m></ab>

<ab>

<margin>left-middle</margin>

Garde bien que<lb/>

la ou tu veulx<lb/>

gecter de l<m>or</m><lb/>

il ne soict point<lb/>

tumbes de <m>plomb</m> ou<lb/>

<m>estain</m> ou <m>chaulx diceulx</m> dans la<lb/>

<tl>forge</tl></ab>

</div>

<div>

<id>p124v_3</id>

<head>Moyen de fayre le gect pour petites<lb/>

<al>lezardes</al></head>

<ab>Pourceque tu doibs tousjours faire ton gect par la queue<lb/>

Et quelle est si subtille et deliee que le <del>gect peyneroit</del>
<m>metal</m> avecq<lb/>

difficulte pourroit bien courre Mesmement quand elle est replyee<lb/>

Roule de la <m>cire</m> a petits filets de ceste grosseur

<figure>

<id>fig_p124v_2</id>

<link>https://drive.google.com/open?id=0B9-oNrvWdlO5dWU4UEtpX0hBV0k</link>

</figure>

et<lb/>

apliques en avecq le <tl><m>fil de fer</m> chault</tl> co<exp>mm</exp>e
dict est un au bout<lb/>

de la queue &amp; des aultres qui se raportent par mesme facon<lb/>

dun <del>bort</del> <add>coste</add> de queue a laultre co<exp>mm</exp>e
tu vois despainct Mays advise<lb/>

de faire avecq le <tl>bout du <m>fil de fer</m> chault</tl> que le bout
de la <m>cire</m><lb/>

noccupe gueres sur lanimal car le sable du second gect ne
toucheroit<lb/>

pas a ceste partye Mays fais que le bout de la <m>cire</m> se renge<lb/>

seulem<exp>ent</exp> au bort du vuide du premier <tl>moule</tl> Fais
aussy des conduicts<lb/>

de <m>cire</m> aultour des pattes &amp; aultour des contournemens du
corps<lb/>

qui sont un peu longs &amp; ilz serviront dabreuvoirs a la chose
moulee<lb/>

<cont/>

</ab>

<ab>

<margin>right-bottom</margin>

<add>suys icy dessus</add>

<figure>

<id>fig_p124v_3</id>

<link>https://drive.google.com/open?id=0B9-oNrvWdlO5STY2ZEpOSXFVWXc</link>

</figure>

<cont/>

</ab>

@<comment>c_124v_01</comment>

<ab>

<margin>left-bottom</margin>

<add>Quand la queue qui est subtille et<lb/>

plus pres du gect vient bien le reste<lb/>

vient bien</add></ab>

<ab><margin>left-bottom</margin>

Le principal est<lb/>

que les oreilles<lb/>

viennent bien moulees<lb/>

du <al>serpent</al></ab>

<ab><margin>left-bottom</margin>

Ton gect doibt<lb/>

estre fort delie a<lb/>

lentree de lanimal<lb/>

&amp; de l<ms>espesseur dun <tl>costeau</tl></ms></ab>

<figure>

<id>fig_p124v_1</id>

<margin>left-bottom</margin>

<link>https://drive.google.com/open?id=0B9-oNrvWdlO5aGQ0OTFCTklrQ0k</link>

</figure>

<cont/>

</div>
</root>
