<root>
<page>074v</page>

<image>http://gallica.bnf.fr/ark:/12148/btv1b10500001g/f154.image</image>

<div>

<cont/>

<id>p074r_3</id>

<ab>foeu Jusques ace q<exp>ui</exp>l soit asses cuyt Et la coulles
pardedans<lb/>

une <tl><m>toille</m> q<exp>ui</exp> soit asses serree</tl> Et quand
vous laures coulle<lb/>

laisses la Refroidir ung petict Et si vous voies q<exp>ui</exp>l
soit<lb/>

trop espaix q<exp>ue</exp> vous ne le puissies couler vous mectres
ung<lb/>

petict dud<exp>ict</exp> <m>huille</m> &amp; le feres meilheur</ab>

</div>

<div>

<id>p074v_1</id>

<head>Pour faire <m>vernys Rouge</m></head>

<ab>Prenes de <m>vermilhon</m> Et le faictes tremper avecq de
l<m>eaue<lb/>

de gaulme bien clair</m> ainsin q<exp>ue</exp>lau<exp>ltr</exp>e est
faicte deux ou<lb/>

trois assictes comme dess<exp>us</exp>

</ab>

</div>

<div>

<id>p074v_2</id>

<head>Pour faire <m>vernys Jaulne</m></head>

<ab>Prenes dela <m>Gaulme arrabic</m> &amp; la faictes
<del>tr</del>destremper aveq<lb/>

de l<m>eaue</m> puys prenes du <m>saffran bien baptu</m> &amp;
destrempe<lb/>

lad<exp>icte</exp> <m>Gaulme</m> Et la faictes bien claire puys faictes
v<exp>ost</exp>re assicte<lb/>

Sur ce q<exp>ue</exp> vous vouldres vernir &amp; la laisses secher &amp;
quand<lb/>

Il sera sec donnes une au<exp>ltr</exp>e assicte du mesme &amp; la
laisses<lb/>

seicher comme devant tant q<exp>ui</exp>l sera asses sec puys
prenes<lb/>

du <m>verny</m> del<pro>apoticquaire</pro> concasse par cou asses loing
lung<lb/>

de lau<exp>ltr</exp>e puys laves v<exp>ost</exp>re <bp>main</bp> bien
necte &amp; de la <tl><bp>paulme</bp></tl><lb/>

dicell<exp>e</exp> estendes v<exp>ost</exp>re <m>verny</m>

</ab>

</div>

<div>

<id>p074v_3</id>

<head>Recepte pour <m>Gaulme</m> blanche</head>

<ab>Prenes <m>Sire blanche</m> &amp; dela <m>seruze</m> &amp; ung petict
de <m>poix<lb/>

fine</m> tresbien pillee Ensemble &amp; la mectes dedans ung petict<lb/>

<tl>pot</tl> neuf &amp; la faictes fondre Et quand elle sera fondue
vous<lb/>

feres une <tl>palette de <m>boys</m></tl> <del>de</del> <add>&amp;</add>
brunises ce q<exp>ue</exp> vouldres</ab>

</div>

<div>

<id>p074v_4</id>

<head><m>Goume</m> verte</head>

<ab>Prenes dela <m>cire verte</m> aveq du <m>vert de Gris</m> ung petict
Et le<lb/>

faictes fondre comme dess<exp>us</exp></ab>

</div>
</root>
