<root>
<page>152v</page>

<image>http://gallica.bnf.fr/ark:/12148/btv1b10500001g/f310.image</image>

<div>

<id>p152v_1</id>

<head>Reparer les choses gectees</head>

<ab>

Il advient souvent que ce que tu as gecte faict des<lb/>

baves Ou par le default du <tl>moule</tl> Ou du gect<lb/>

ou du <m>metal</m> Le default du <tl>moule</tl> vient du<lb/>

<m>plastre</m> qui nest pas dur &amp; fort et ne soubstient<lb/>

pas au foeu (ce qui se corrige par le meslange<lb/>

du <m><la>crocum</la></m>) Communem<exp>ent</exp> aussy sil y a
imperfection<lb/>

cest aupres du gect Sil y a aussy trop d<m>estain</m><lb/>

en chose mediocrem<exp>ent</exp> espesse il ne vient pas bien<lb/>

pourceque l<m>estain</m> gecté espes se retire &amp; soufle<lb/>

Les choses aussy moulees en creux sont fantasques<lb/>

a gecter Si doncq il arrive quelque default<lb/>

Ayes un <tl>coisinet @ de <m>cuir</m></tl> plein de sable subtil<lb/>

&amp; layant pose sur le bequet de la <tl>table des
<pro>orfevres</pro></tl><lb/>

ou lon <tl>lime</tl> poses y ton ouvraige &amp; le tiens seur<lb/>

avecq une <tl>corde</tl> <add>qui passe soubs ton
<tl><bp>pied</bp></tl></add> Le sable dans le <tl>sac</tl> obeist &amp;
se<lb/>

renge tantost espes dun coste &amp; minse de laultre<lb/>

Lors tantost avecq un <tl>burin</tl> fais &amp; trasse rudement<lb/>

les lignes subtiles qui sont obmises ou qui ne sont pas<lb/>

asses aparentes Ou avecq une <tl>lime</tl> ou un <tl>chaple</tl>
oste<lb/>

les baves Et sil y a quelque default de matiere<lb/>

qui aye laisse quelque fosse ou chose trop cave<lb/>

regrate cela avecq un <tl>burin</tl> et encoche aultour du bort<lb/>

puys emprains cela avecq de la <m>cire</m> Et pose<lb/>

lempraincte sur une <tl><m>lame subtile de plomb</m></tl> &amp;
marque<lb/>

ainsy la grandeur convenable de <m>plomb</m> ou de la ligue<lb/>

semblable a ta matiere puys pose la piece sur la<lb/>

chose encochee &amp; lattache bien avecq du <tl><m>fil
darchal</m></tl><lb/>

puys frotte de <m>rosine</m> le bort si cest <m>estain</m> ou
<m>plomb</m><lb/>

&amp; pose tout aultour de petites pieces tanvres de
<m>souldure</m><lb/>

ou d<m>estain</m> ou daultre chose puys avecq un <tl><m>fer</m>
chault</tl><lb/>

ou au foeu de la <tl>forge</tl> <m>soulde</m> et apres repare<lb/>

cela avecq les houtils susdicts &amp; avecq les <tl>ciselets</tl><lb/>

convenables</ab>

<ab><margin>left-middle</margin>

Pour l<m>or</m> &amp; petit<lb/>

ouvraige il le fault<lb/>

cimenter sur une<lb/>

boule de <m>plomb</m><lb/>

qui se posera sur<lb/>

le <tl>coissinet</tl> &amp; se<lb/>

tiendra ainsy<lb/>

avecq la <tl>corde</tl></ab>

<figure>

<id>fig_p152v_1</id>

<margin>left-middle</margin>

<link>https://drive.google.com/open?id=0B9-oNrvWdlO5S3NpRV82clA2UVE</link>

</figure>

<figure>

<id>fig_p152v_2</id>

<margin>left-middle</margin>

<link>https://drive.google.com/open?id=0B9-oNrvWdlO5cWhfVmhvbWszZlE</link>

</figure>

</div>
</root>
