<root>
<page>023r</page>

<image>http://gallica.bnf.fr/ark:/12148/btv1b10500001g/f51.image</image>

<div>

<id>p023r_1</id>

<ab>Mortier tel se faict qui poise trois <ms>quintals</ms> porte
balle<lb/>

de canon platte du coste quelle doibt sortir &amp; ronde par le<lb/>

dedans du canon comme si cestoict une balle de canon couppee<lb/>

par le milieu Il ha deulx <ms>pans</ms> de long Il se charge<lb/>

de xxv <ms>lb</ms> de <m>pouldre</m> Car <del>au</del> il fault quil
soit plain<lb/>

jusques a la bouche &amp; quil se rompe Il nha point<lb/>

aultre grosseur a la culasse qua la bouche &amp; est tout<lb/>

dune venue Il fault que sa matiere soit meilleure que de<lb/>

piece &amp; que sur 4 <ms>quintals</ms> de <m>cuivre fin</m> il y aye
seulem<exp>ent</exp><lb/>

un <ms>quintal</ms> de <m>metal</m> Affin quil tienne coup &amp; se
rompa<exp>n</exp>t<lb/>

avecq plus de force fasse plus dexecution Il sert a<lb/>

mectre contre une porte avecq une grand croix de <m>fer</m>
deva<exp>n</exp>t<lb/>

la balle Et <del>s</del>Estant charge il fault quil soict vestu de<lb/>

<m>grosse toile</m> bien cousue qui soict par dessus toute
<del>c</del>Oincte<lb/>

de <m>tourmentine</m> Il fault quil aye quattre ances faictes<lb/>

en le fondant car il <add>est</add> en plus ayse a poser La croix
de<lb/>

<m>fer</m> se joinct a la bouche avecq la <m>toile</m> dont il est
vestu<lb/>

<del>Pour le poser il</del> Les ances se doibvent tenir au bord<lb/>

de sa gueule comme tu vois Pour le poser il fault trois<lb/>

ou quattre <tl>chevilles de <m>fer</m></tl> dun <ms>pan</ms> de long
<add>&amp; grosses co<exp>mm</exp>e le <ms><bp>doigt</bp></ms></add> qui
ayent la<lb/>

poincte comme un <del><tl>vibrequin</tl></del> <add><tl>guinbelet</tl>
&amp; toute la jambe en <m>vis</m> come un tire fons</add> &amp; un
aneau par laultre bout<lb/>

pour les tourner avecq un <tl>baston court</tl> qui joue dedans<lb/>

laneau Et les <tl>chevilles</tl> se posent dans la porte
<del>mays</del><lb/>

non pas droictes <del>Mays</del> car elles nauroient point de force<lb/>

mays de travers comme si <add>tu</add> voulois les ficher vers le<lb/>

milieu du mortier Et pour ce fayre il fault que le trou<lb/>

des ances soict bien large En ceste sorte le mortier
tira<exp>n</exp>t<lb/>

pousse les <tl>chevilles</tl> de long &amp; travers dans la porte
&amp;<lb/>

faict plus de fracture Estant pose il fault que tu ayes<lb/>

de la sauscice de <m>bouquaran</m> faicte en ceste sorte<lb/>

Ayes huict ou noeuf <ms>canes</ms> de <m>liste de bouquaran</m> ou<lb/>

dadvantaige si le fosse est plus large Et que la liste<lb/>

soict large de quattre ou cinq <ms><bp>doigts</bp></ms> Fais la bien
couldre<lb/>

de sorte quelle soict comme un boyau par <del>l</del>Ou un
<tl>baston</tl><lb/>

gros come le <bp><ms>doigt</ms></bp> puisse passer Emplis la toute de
bonne<lb/></ab>

<ab>

<margin>left-middle</margin>

Cestuy cy est pour<lb/>

mectre soubs une<lb/>

tour sapee la<lb/>

gueule en hault<lb/>

On faict deulx<lb/>

anneaulx de <m>fer</m><lb/>

larges &amp; avecq<lb/>

une <tl>barre</tl> ou<lb/>

deulx quattre<lb/>

hommes le portent<lb/>

Ilz sont aussy<lb/>

pour mectre aulx<lb/>

bresches mays il<lb/>

ny fault que demy<lb/>

charge scavoir x <ms>lb</ms><lb/>

&amp; lemplir de <m>cailloux</m><lb/>

&amp; de <m>cailloux de<lb/>

charrette</m></ab>

<figure>

<id>fig_p023r_1</id>

<margin>left-middle</margin>

<link>https://drive.google.com/open?id=0B9-oNrvWdlO5RzRNM284T3Q0eTQ</link>

</figure>

<ab>

<margin>left-middle</margin>

Il le fault couvrir<lb/>

tout de <m>toile ciree</m> &amp;<lb/>

frottee de <m>tourmentine</m><lb/>

&amp; <m>chose combustible</m><lb/>

Ceste couverture se<lb/>

faict affin dasseurer<lb/>

la balle quelle ne<lb/>

tumbe point et affin<lb/>

que le foeu se prena<exp>n</exp>t<lb/>

a la couverte lamorce<lb/>

ne faille point Au<lb/>

droit de la lumiere<lb/>

il te fauldra<lb/>

mectre bonne qua<exp>n</exp>tite<lb/>

damorce Aulcuns<lb/>

sur la balle mectent<lb/>

une croix de <m>fer</m> qui<lb/>

surpasse la bouche<lb/>

du mortier de deulx<lb/>

<ms>pans</ms> Aultres ne<lb/>

mettent que la balle</ab>

<cont/>

</div>
</root>
