<root>
<page>052r</page>

<image>http://gallica.bnf.fr/ark:/12148/btv1b10500001g/f109.item</image>

<div>

<id>p052r_1</id>

<head>Oeuvre faicte en <pl>Argel</pl></head>

<ab>Ayes un <al>poulain</al> de trois ou 4 ans &amp; le nourrys de
<del><m>segle</m></del> <add><m>orge</m></add> &amp; <m>paille</m><lb/>

<del>pig</del> couppe a la facon quon nourrist les <al>chevaulx</al> en
<pl>espaigne</pl><lb/>

Et labreuve d<m>eau bonne de fontaine ou de riviere</m> Je ne scay<lb/>

sil seroit bon de labreuver par foys d<m>eau des baings
sulphures</m><lb/>

&amp; luy donner par fois du <m><pa>senegre</pa></m> ou aultres aliments
chaults<lb/>

Car lintention de l<pro>ouvrier</pro> est <del>den</del> de se servir de
la chaleur<lb/>

de son <m>fient</m> &amp; le climat de deca est plus froid que celuy
d<pl>argel</pl><lb/>

Tiens le en <env>lieu chault &amp; serre</env> &amp; quil ne se perde
rien de son<lb/>

<m>fient</m> &amp; <m>urine</m> Dequoy tu feras un amas ou deulx affin
que<lb/>

pendant que lun se refroidist laultre soict en chaleur propre<lb/>

pour continuer Ayes aussy <tl>un grand mattelas de <m>verre</m></tl>
le<lb/>

plus espes quil te sera possible &amp; dun <ms><bp>doigt</bp></ms> sil
se peult faire<lb/>

&amp; de la <ms>capacite dune <tl>buye ou broc de <m>terre</m></tl></ms>
Mects dedans <tmp>vers<lb/>

la <pn>S<exp>ainc</exp>t Jehan</pn></tmp> une douzaine &amp; demye
d<m>oeufs de poule</m> scavoir<lb/>

le <m>jaulne</m> sans la <m>glaire</m> &amp; le <m>(germe)</m> voy)
Aultres disent lx<lb/>

<m>jaulnes</m> Et <del>sera</del> avecq ceste douzaine &amp; demye de
<m>jaulnes doeufs</m><lb/>

mects y <ms>demy once</ms> (aultres disent en lx <m>oeufs</m> <ms>demy
lb</ms>) de <m>graine<lb/>

de <al>vers de soye <add>femelle</add></al></m> Et apres avoyr bien
<m>lutte</m> le <tl>matteras</tl> (je ne scay<lb/>

sil seroit point besoing que pour la generation il y eust air)<lb/>

Mects le &amp; lensevelis dans la chaleur du <m>fiens</m> jusques au
col<lb/>

et luy laisse jusques a ce que plusieurs <del>f<ill/></del>
<al>vers</al> se soient engendres<lb/>

Et lors retire le <tl>mattelas</tl> &amp; ne lensevelis plus dans le
<m>fiens</m><lb/>

Mays tiens le seulement pose sur la couche du <m>fiens</m>
chaul<del>x</del><add>t</add><lb/>

jusques a ce que tous les <al>vers</al> se seront manges &amp; consumes
les<lb/>

ungs <del>d</del>les aultres en se froissant &amp; remua<exp>n</exp>t Et
quil nen demeure quun<lb/>

Quand ainsy est il te le fauldra apaster <tmp>ordinairem<exp>ent</exp>
par intervalle<lb/>

de jour &amp; de nuit</tmp> par le secours de deulx hommes qui par
intervalle<lb/>

en auront le soing Et tu lapasteras dun <m>jaulne doeuf</m> couvert
dune<lb/>

<m>foeille dor</m> ou quavecq le <m>jaulne doeuf</m> liquide la
<m>foeille dor</m> soit<lb/>

incorporee &amp; garde bien que telle pasture ne luy manque pas
(aulcuns<lb/>

dissent un <m>jaulne doeuf</m> pour <tmp>heure</tmp> aultres trois Mays
la chose<lb/>

mesmes demonstrera la practique En ceste sorte nourry il fera<lb/>

son croist en deulx <tmp>moys</tmp> ou sept <tmp>sepmaines</tmp> &amp;
viendra comme un<lb/>

<al>serpent</al> long dun <ms>empan</ms> &amp; 4
<ms><bp>doigts</bp></ms> &amp; du pois dune <ms>lb</ms> Et
co<exp>mm</exp>e les<lb/>

aisles luy comanceront a naistre Il le fauldra faire mourir<lb/>

faisant avecq du <m>charbon</m> foeu de roue aultour de la
<tl>bouteille</tl> un<lb/>

<ms>empan</ms> loing Et lors bouche &amp; <m>lutte</m> bien la
<tl>bouteille</tl> affin quelle nexale<lb/>

</ab>

<cont/>

</div>
</root>
