<root>
<page>140r</page>

<image>http://gallica.bnf.fr/ark:/12148/btv1b10500001g/f285.image</image>

<div>

<cont/>

<id>p139v_1</id>

<ab>

pas co<exp>mm</exp>e aultre chose &amp; pour ceste ocasion tu peulx
gecter a deulx<lb/>

ou trois fois jusques a ce que ton <tl>moule</tl> soict plain Or
quand<lb/>

au <tl>moule qui est de <m>plastre blanc</m></tl> pulverise &amp; recuit
co<exp>mm</exp>e pour<lb/>

le sable des præcedents Tu le doibs avoyr faict <tmp>de
longue<lb/></tmp>

<tmp>main</tmp> car il sert plusieurs foys Mays plustost que ten
servir<lb/>

fais le tremper une <tmp>bonne <ms>heure</ms></tmp> dans l<m>eau
froide</m> &amp; pour <tmp>le<lb/></tmp>

<tmp>moings <ms>aultant</ms></tmp> dans l<sn><m>eau <add>si</add>
chaulde</m> quau commancem<exp>ent</exp> tu ny puisses<lb/>

tenir le <tl><bp>doigt</bp></tl></sn> Et <del>q</del> advise quil
<add>ne</add> semboive <del>b</del> plus <del>Ainsi</del> ains<lb/>

quil se demonstre bien mouille par tout sans que l<m>eau</m>
semboive<lb/>

dans luy Et le sortant clos de l<m>eau chaulde</m> gecte ta
<m>cire</m><lb/>

en tel estat de chaleur que dict a este Et volontiers le<lb/>

premier ne second gect ne vient gueres bien jusques a ce<lb/>

que le <tl>moule</tl> soict imbu Laisse le refroidir plustost que<lb/>

louvrir affin que la chose gectee ne se rompe Tu cognoistras<lb/>

que le gect est bon quand la <m>cire</m> renversee par dehors le<lb/>

<tl>moule</tl> est tanvre et unie Souvienne toy de faire force<lb/>

gects tout le long du <tl>moule</tl> affin que la <m>cire</m> coure
mieulx<lb/>

ainsy </ab>

<ab>Fais le premier

<figure>

<id>fig_p140r_1</id>

<link>https://drive.google.com/open?id=0B9-oNrvWdlO5NFdsdU4tVFgxOTg</link>

</figure> gect large deulx fois plus quaulx aultres<lb/>

<tl>moules</tl> Et si au premier gect ton ouvrage soufle et ne<lb/>

vient pas bien net <del><ill/></del> cest tout un car il faut que tu
faces<lb/>

estat que les trois ou quattre premiers ne sont volontiers<lb/>

pas bons Au premier tu cognois sil y a quelques barbes<lb/>

qui gardent de bien despouiller Et tu les ostes si de<add>lle</add>
mesmes elles<lb/>

ne sostent aulx deulx ou trois premiers gects Et tant plus tu
gecteras<lb/>

tant plus tu feras net Et ton <tl>moule</tl> te servira plus de cent
fois<lb/>

sil est bien gouverne Mays il est bon de le tremper une
<ms><tmp>nuict</tmp></ms> ou<lb/>

un <ms><tmp>jour</tmp></ms> plustost qui gecter affin quil soict bien
imbu Le mesme<lb/>

se doibt faire pour les fruicts de <m>sucre</m> Ceste <m>cire</m> est
fort<lb/>

doulce &amp; amiable &amp; pliante co<exp>mm</exp>e <m>cuivre</m> et si
est forte a cause du<lb/>

<m>soufre</m> qui la rend beaucoup plustost fondante que laultre
ainsy<lb/>

que tu en peulx faire preuve sur une <tl><m>ardoise</m> chaulde</tl> Et
le <m>soufre</m><lb/>

que tu y auras mis se trouvera a la seconde foys que tu la fondras<lb/>

craques au fonds Ayant ainsy passe par la <m>cire</m> il ne
senflamme<lb/>

poinct a la <tl>chandelle</tl> Et a ceste ocasion <del>que</del> je croy
quil gecteroit fort<lb/>

net en medailles On se sert de la mesme <m>cire</m> au lieu de
<m>vernis</m> pour graver<ill/></ab>

<ab>
<margin>left-middle</margin>
Quand ton<lb/>

animal est<lb/>

gecte coupe<lb/>

avecq un <tl>tra<exp>n</exp>che<lb/>

plume chault</tl><lb/>

les baves &amp;<lb/>

choses superflues<lb/>

Et si tu le<lb/>

veulx replier<lb/>

&amp; entourner<lb/>

sur quelque<lb/>

<tl>baston</tl> ou<lb/>

<tl>cierge</tl><lb/>

mects le a<lb/>

ramollir<lb/>

<del>sur</del> dans<lb/>

l<m>eau<lb/>

chaulde</m><lb/>

et luy tient en lentourna<exp>n</exp>t

</ab>

<ab>
<margin>left-middle</margin>

Abas leminence<lb/>

des gects affin<lb/>

quilz soient<lb/>

unis &amp; que<lb/>

la <m>cire</m> aye<lb/>

plus de l<m>argent</m><lb/>

pour courre<lb/>

tout a un coup<lb/>

sans tournoyer<lb/>

par le reply<lb/>

du <al>serpent</al></ab>

<cont/>

</div>
</root>
