<root>
<page>055r</page>

<image>http://gallica.bnf.fr/ark:/12148/btv1b9059316c/f115.item</image>

<div>

<id>p055r_1</id>

<head>Pour tirer dun <it>schioppo senza<lb/>

rumore</it></head>

<ab>Chaufe bien le tuyau &amp; bouche la lumiere dembas<lb/>

&amp; ayes un lopin de <m>suin de <al>porceau</al></m> le plus frais que
tu pourras<lb/>

long co<exp>mm</exp>e la <ms><bp>joincture du petit doigt</bp></ms>
&amp; du qualibre &amp; le mects<lb/>

dans le tuyau &amp; le promene de hault en bas jusques a ce<lb/>

quil soict tout fondu Apres charge avecq une <tl>douille</tl> qui
se<lb/>

tiene a la <tl>verge</tl> le tuyau en hault co<exp>mm</exp>e tu scais
&amp; il ne fera<lb/>

quun <sn>petit siflem<exp>ent</exp></sn></ab>

</div>

<div>

<id>p055r_2</id>

<head>Pour tremper bale qui faulcera<lb/>

et <md>sera de difficile guarison</md></head>

<ab>Mesle du <m>suin</m> &amp; de <m>fort vinaigre</m> &amp; dans ceste
mixtion<lb/>

gecte ta balle toute chaulde</ab>

</div>

<div>

<id>p055r_3</id>

<head>Contre playes</head>

<ab>Perce un <al>poulet</al> ou <al>chien</al> pour essayer &amp; mects
dans la<lb/>

playe du <m>suc</m> &amp; de l<m>herbe pillee qui sappelle
<pa><df><la>semperviva</la></df></pa></m><lb/>

cest de ceste petite qui ha la foeille co<exp>mm</exp>e petits grains
quaulcuns<lb/>

apellent <m><pa><la>vermicularis</la></pa></m> Et on tient pour asseure
quil ne mourra<lb/>

point</ab>

</div>

<div>

<id>p055r_4</id>

<head><it>Onenev elbirro</it> tnaut is no ehcram<lb/>

rus enu elbat uo <del>ueirse</del> ueirtse</head>

<ab>Ayes au <tmp><ms>moys</ms> de juing &amp; juillet</tmp> nombre des
plus gros <al>escargots</al><lb/>

que tu pourras avecq leur coquille mects les dans une <tl>bouteille<lb/>

de <m>verre</m></tl> avecq nombre suffisant de <m>jaulne doeufs</m> fort
durs<lb/>

&amp; fort cuits avecq <m>bon vinaigre</m> Bouche bien le tout &amp;
le<lb/>

mects soubs le <m>fiens de <al>cheval</al></m> l<ms><tmp>espace de
quinze jours</tmp></ms><lb/>

les <al>escargots</al> vivront premierem<exp>ent</exp> des <m>jaulnes
doeufs</m> puys avecq<lb/>

la chaleur sortiront de leur coquille &amp; mangeront &amp; vivront
dicelle<lb/>

en fin il sen fera un onguent blanc Lequel sans descouper la<lb/>

<tl>bouteille</tl> <del>tu mec</del> que sur toutes choses pour ta
seurte tu <del>b</del>tiendras<lb/>

bien bouchee tu mectras <env>au soleil bien fort &amp; au serain</env>
l<ms><tmp>espace <sup>de quinze jours</sup></tmp></ms></ab>

<cont/>

</div>
</root>
