<root>
<page>009r</page>

<image>http://gallica.bnf.fr/ark:/12148/btv1b10500001g/f23.item</image>

<div>

<id>p009r_1</id>

<head><pro>Laboureur</pro></head>

<ab>Pource que le <pa>millet</pa> est de nature fort sec les
<pro>mestiviers</pro><lb/>

le plus souvent le battent <tmp>de nuict <env>a la frescheur &amp;
aux<lb/>

rays de la lune</env></tmp> Ce qui ne se pourroict faire daultre
<pa>bled</pa><lb/>

qui est plus humide Car il <del>le</del> fault laisser passer les<lb/>

rayons du soleil par dessus Et gueres on ne bat que le<lb/>

<tmp>soleil ne soit vers le midy</tmp> Incontinent que le <pa>mil</pa>
est<lb/>

couppe il fault labourer la terre Car la racine la<lb/>

mange &amp; amaigrist aulta<exp>n</exp>t comme si le <pa>millet</pa>
estoit en pied<lb/>

La terre ou le <pa>millet</pa> aura este seme diminue bien de sa<lb/>

fertilite <del>&amp; c</del> ce qui se coignoist <del>bien</del> <tmp>a
la prochaine semence</tmp><lb/>

quon faict apres Mays sur tout le <pa>bled</pa> appelle
<pa>pomole</pa><lb/>

en <pl>gascoigne</pl> ou <pa>baillard</pa> en <pl>france</pl> faict
selon le dire<lb/>

commun trembler la terre sept <tmp>ans</tmp> apres Les
<pa>febves</pa><lb/>

ameliorent &amp; amendent le solage pourveu quon y laisse<lb/>

pourrir les racines &amp; tyges</ab>

</div>

<div>

<id>p009r_2</id>

<head><pro>Painctre</pro></head>

<ab>Aulcuns apres avoyr couche leur couleur adoulcissent avecq<lb/>

le plat dune <tl>plume</tl> Mays le gros <tl>pinceau</tl> est le
meilleur</ab>

</div>

<div>

<id>p009r_3</id>

<head><pro>Marchant</pro></head>

<ab>Ilz ont communement quattre livres Le tyrant qui est un<lb/>

formulayre pour les <pro>aprentifs</pro> par lequel ilz peuvent
scavoir<lb/>

ce que chasque piece de marchandise tire &amp; <del>co</del> a combien
elle se<lb/>

doit vendre Le second est le broillart ou grossierem<exp>ent</exp> ilz
mectent<lb/>

ce quilz vendent journellem<exp>ent</exp> Le tiers est le livre de vente
ou<lb/>

ilz reduisent au net et mectent le compte par le menu de ce qui est<lb/>

contenu au broillart Le quatriesme est le livre de raisons<lb/>

qui faict mention de la vente du compte arreste de la cedulle<lb/>

&amp; du terme du payement &amp; a cestuy cy <del>l</del> il est
adjouxte foy en<lb/>

<env>jugement</env></ab>

</div>
</root>
