<root>
<page>074r</page>

<image>http://gallica.bnf.fr/ark:/12148/btv1b10500001g/f153.image</image>

<div>

<id>p074r_1</id>

<head>Pour <m>bronzer</m> blanc</head>

<ab>Prenes de l<m>estaing de Glace</m> &amp; le mectes destremper
dedans<lb/>

de l<m>eaue de gomme</m> &amp; le pilles dedans ung <tl>mortier</tl> Et
appres<lb/>

vous le mectres dessus le <tl><m>mabre</m></tl></ab>

</div>

<div>

<id>p074r_2</id>

<head>Pour faire <m>vernilhon</m></head>

<ab>Prenes deux <ms>livres</ms> de <m>souffre</m> &amp; le faictes
fondre &amp; le<lb/>

mectes dedans deux <ms>livres</ms> de
<del>merecuse</del><comment>c_074r_01</comment><add>@<comment>c_074r_02</comment><m>mercure</m></add>
Et si celle matiere sen<lb/>

flame couvres la bien gentiment q<exp>ue</exp> lair ne passe dedans le
<tl>pot</tl><lb/>

puis mectes le tout quelque temps appres dedans ung <tl>pot<lb/>

<m>plombe</m></tl> au foeu <ms><tmp>par lespace de vingt quatre
heures</tmp></ms> vous<lb/>

aures de <m>bon vernilhon</m>

</ab>

</div>

<div>

<id>p074r_3</id>

<head>Pour faire <m>verny</m></head>

<ab>Prenes une <ms>livre</ms> d<m>huille de <pa>lin</pa></m> Et puys la
mecteres dedans<lb/>

ung <tl>pot de <m>terre</m></tl> mellee <m>croute de pin</m> et trois
<m><pa>ognions</pa></m> Et le<lb/>

mectres dessus du foeu de <m>charbon</m> Et le feres cuyre a petit
foeu<lb/>

Et quil bouilhe lespace de cinq <ms><tmp>heures</tmp></ms> vous prendres
<ms>demy once</ms><lb/>

de <m>colle farine</m> &amp; le feres bouilhir tout comme devant Et
le<lb/>

remouvoir avecque une <tl>cuilliere</tl> Et puys appres vous y
mectres<lb/>

deux <ms>onces</ms> de <m>sandrax bien pilles</m> &amp; le feres comme
dessus Et<lb/>

puys appres prandres <m><m>mastic</m> &amp;
<m>arrab<del>e</del><add>i</add>c</m> deux <ms>onces</ms> de
ch<exp>asc</exp>un qui<lb/>

soit bien broye tous deux</m> Et le mectres tout ensemble &amp; le<lb/>

feres bouilhir en Remouvant tousjours Lespace de cinq
<ms><tmp>heures</tmp></ms><lb/>

Et puys vous mectres <m>alung <del>daraucq</del><add>de Roc</add></m>
deux <ms>onces</ms> &amp; puys le<lb/>

feres bouillir Et si vous y mectes deux <ms>onces</ms> de
<del>larable</del><add>l<m>arabic</m></add> si vous<lb/>

voyes qui ne soit asses cuyt faictes le cuyre davantage apetict</ab>

<cont/>

</div>
</root>
