<root>
<page>077r</page>

<image>http://gallica.bnf.fr/ark:/12148/btv1b10500001g/f159.image</image>

<div>
<id>p077r_1</id>
<head>Contre les rougeurs du <bp>visage</bp></head>

<ab>Fais une petite coiffe de <m>plomb</m> &amp; la porte la
<tmp>nuit</tmp> Excellent<lb/>

secret Essaye un masque de <m>plomb</m></ab>

</div>

<div>
<id>p077r_2</id>
<head>Medecine des <pl>orientaulx</pl> contre<lb/>

toutes maladies</head>

<figure>

<id>fig_p077r_1</id>

<link>https://drive.google.com/open?id=0B9-oNrvWdlO5ckxxXzJIeWhnMDg</link>

</figure>

<ab>Fais secher du <m><pa>rosmarin</pa></m> au <tmp><ms>moys</ms> de
may</tmp> puys emplis ce <tl>godet</tl><lb/>

de <m>pouldre</m> diceluy Et mects un <tl><m>charbon allume</m></tl>
dessus Et<lb/>

recois la <m>fumee</m> par la <bp>bouche</bp> bien serree Et une
partye<lb/>

te sortira par le <bp>nes</bp> Mays si tu veulx purger la <bp>teste</bp>
sarre<lb/>

aussy le <bp>nes</bp> Contre morfondiments rheumes &amp; aultres
malladies</ab>

</div>

<div>
<id>p077r_3</id>
<head><m>Terre graisse</m></head>

<ab>Les <pro>fondeurs</pro> pour en faire les anses de leurs cloches sen
servent<lb/>

Et plustost que sen servir ilz la battent bien fort puys la
laissent<lb/>

secher <env>a lombre</env> peu a peu &amp; a <tmp>long temps</tmp> Et en
moulent fort net<lb/>

Mays il ne fault pas quelle soit <m>areneuse</m> <del>&amp;</del> ains
bien choisie &amp; doulce</ab>

</div>

<div>
<id>p077r_4</id>
<head>@ <comment>c_077r_01</comment>Recepte pour faire <m>bronze</m> et
<m>vernys</m> de<lb/>

plusieurs sortes</head>

<ab>Pour faire <m>vernys</m> excellant d<m>eaue claire</m> duquel uzeras
aveq le<lb/>

<tl>pinceau</tl> Et Incontinant seiche pour mectre sur <m>pappier</m>
tablette ou<lb/>

au<exp>ltr</exp>e piece</ab>

<ab>Premierement tu prandras Cinq <ms>onces</ms> d<m>eau de vye</m> et
une <ms>once</ms><lb/>

de <m>betjoin</m> pillez entre deux <m>pappiers</m> ou <m>cartes</m> ou
en ung <tl>mortier</tl></ab>

<cont/>

</div>
</root>
