<root>
<page>109v</page>

<image>http://gallica.bnf.fr/ark:/12148/btv1b10500001g/f224.image</image>

<div>

<cont/>

<id>p109r_5</id>

<ab>quand ilz veulent mordre ou manger quelque chose ilz ne le<lb/>

mordent pas de droicte attaque ains par sinueulx
retournem<exp>ent</exp><lb/>

&amp; de travers co<exp>mm</exp>e faict <pn>sathan</pn> &amp; ses
<pro>suposts</pro> Il ha la teste<lb/>

petite mays le corps fort grand Lentree du peche semble<lb/>

estre petite &amp; de peu de consequence Mays la suicte en est<lb/>

fort grande il sabstient de manger sept ou huict
<ms><tmp>jours</tmp></ms> si<lb/>

une fois il ha devore quelque <al>grenoille</al> il en avalle bien<lb/>

trois ou quattre lune apres laultre Et ce quil ha devore<lb/>

ne se corrompt &amp; consume pas tout a un coup dans son estomach<lb/>

Mays <del>p</del> quelque partie peu a peu scavoir os et tout Et le<lb/>

reste se trouve aussy frais co<exp>mm</exp>e quand il ha devore de<lb/>

sorte que quelque fois quon le presse &amp; tourmente il rend<lb/>

ce quil ha englouty qui en partye se trouve tout consume<lb/>

&amp; laultre aussy frais comme sil estoit vif il tient bien<lb/>

deulx ou trois <ms><tmp>heures</tmp></ms> une <al>grenoille</al>
engloutie &amp; la rend<lb/>

toute vive</ab>

</div>

<div>
<id>p109v_1</id>
<head><al>Crapault</al></head>

<ab>Si par cas fortuit tu voulois mouler ce vilain animal<lb/>

&amp; quil <m>pissast</m> en ta <bp>main</bp> cela te feroict cuire
&amp; prurir<lb/>

la <bp>main</bp> co<exp>mm</exp>e si tu avoys manie des <pa>orties</pa>
Mays le<lb/>

plus souverain <md>remede</md> pour cela est de metre la main<lb/>

<env>dans de la <m>terre</m> fresche</env> &amp; len couvrir
co<exp>mm</exp>e si tu<lb/>

la voulois ensepvelir La <al>grenoille</al> nest pas si belle<lb/>

moulee a cause quelle ha la peau vive &amp; laultre lha grumeleuse</ab>

<ab>
<margin>left-middle</margin>
Tu le peulx<lb/>

mouler creulx et<lb/>

luy laissant soubs<lb/>

le ventre une coche<lb/>

ouverte tu le feras<lb/>

saulter avecq le <tl>cordon<lb/>

retors de la sye</tl><lb/>

Ou bien sil est<lb/>

petit mects le sur<lb/>

une <m>pierre syderite</m><lb/>

de sa grandeur taillee<lb/>

tanvre puys le mects<lb/>

en <m>bon vinaigre</m></ab>

<ab>

<margin>right-middle</margin>

Quand il est grand il le fault mouler creux &amp; si tu<lb/>

luy veulx fayre la gueule ouverte mects du <m>cotton</m>
deda<exp>n</exp>s<lb/>

&amp; puys sur le <m>cotton</m> de la<lb/>

<m>cire fondue</m><comment>c_109v_01</comment></ab>

</div>

<div>
<id>p109v_2</id>
<head>Fayre mourir <al>serpents</al> pour mouler</head>

<ab>Aulcuns leur mectent une <ms>goutte</ms> d<m>eau fort</m> dans la
gueule<lb/>

ce qui les hebete bien de sorte que la teste &amp; la partie<lb/>

anterieure semble estre morte Mays la gueule demeure<lb/>

vive Et comme tu la piques avec l<tl>espingle</tl> pour lacommoder<lb/>

au <tl>molle</tl> elle se remue &amp; gaste &amp; deffaict tout donc
pour<lb/>

les faire mourir toutallem<corr><exp>ent</exp></corr> Mects les dans une
<tl>bouteille</tl><lb/>

dans de <m>bon vinaigre</m> &amp; un peu d<m>eau de vye</m> Et fays<lb/>

ainsi des <al>lezards</al> &amp; aultres bestes semblables</ab>

<ab>
<margin>left-bottom</margin>
Si tu les veulx<lb/>

garder tu les peulx<lb/>

mectre Dans une<lb/>

<tl>pipe</tl> pleine de <m>terre</m><lb/>

<env>en un jardin A lair</env><lb/>

Mays il fault que<lb/>

la <tl>pippe</tl> soict<lb/>

couverte de <tl><m>fil darchal</m></tl><lb/>

Car aultrem<exp>ent</exp> ilz<lb/>

gri<corr>m</corr>peroient &amp; monteroient<lb/>

fort hault</ab>

</div>
</root>
