<root>
<page>008v</page>

<image>http://gallica.bnf.fr/ark:/12148/btv1b10500001g/f22.image</image>

<div>

<id>p008v_1</id>

<head>Polissement du <m>ruby balay</m></head>

<ab>Il ne se polist poinct avecq <m>tripoly</m> <del>may</del> comme les
aultres<lb/>

mays avecq de la <m>pouldre de marchasite</m> &amp; de
l<m>huile</m></ab></div>

<div>

<id>p008v_2</id>

<head><m>Or et argent moulu</m></head>

<ab>Il fault calciner ton <m>or fin</m> avecq le
<m><figure>☿</figure></m> puys fayre bien<lb/>

essuyer ton amalgame &amp; fayre voler ledict <m>mercure</m> Apres<lb/>

le broyer sur le <tl><m>mabre</m></tl> avecq <m>eau gommee</m> Quand a
l<m>argent</m><lb/>

il le fault prendre de depart &amp; le faire manger a l<m>eau
fort</m><lb/>

puys le retirer avecq la <tl>lame de <m>cuivre</m></tl> &amp; le laver
bien fort<lb/>

apres le mouldre avecq <m>eau gommee</m></ab></div>

<div>

<id>p008v_3</id>

<head>Polissement de <m>pierres</m></head>

<ab>Il y a pour ce faire trois <tl>roues une d<m>estain</m> de
<m>plomb</m> &amp; de<lb/>

<m>cuivre fin</m></tl> sur la <del>cu</del> <tl>roue de
<m>cuivre</m></tl> ne se taille <del>co</del> ou polist<lb/>

communement que le <m>diamant</m> le <m>rubi</m> <m>saphir</m> &amp;
<m>jacinthe orientale</m><lb/>

La <tl>roue d<m>estain</m></tl> est pour les <m>pierres</m> plus tendres
comme<lb/>

l<m>esmeraulde</m> l<m>ametiste</m> &amp; aultres</ab></div>

<div>

<id>p008v_4</id>

<head>M<del><ill/></del>ixtion des <pro>pintiers</pro></head>

<ab>Pourceque parmy le <m>fin estaing</m> ilz meslent bien souvent
la<lb/>

<ms>moictie</ms> de <m>plomb</m> qui rend l<m>estaing</m> <sn>sourd</sn>
pour corriger<lb/>

cela ilz meslent de la <m>limaille de letton</m> parmy pour le<lb/>

rendre <sn>sonnant</sn></ab></div>

<div>

<id>p008v_5</id>

<head>Amalgame parfaict</head>

<ab>Ayes un <m>grais</m> le plus delie que tu pourras &amp; le cave<lb/>

au milieu Mectes y la <ms>huictiesme partye</ms> de
<mark><m>☿</m></mark> <del>au</del> &amp; la<lb/>

dedans frottes &amp; uses y adjoustant de l<m>eau</m>
v<corr><exp>ost</exp></corr>re <mark><m>☾</m></mark> ou
<mark><m>☼</m></mark><lb/>

jusques a ce que la matiere viendra comme paste &amp; encores plus<lb/>

dur Apres si vous voules faictes le manger avecq de bon<lb/>

<m>eau fort</m> si cest <mark><m>☾</m></mark> ou <mark><m>♀</m></mark>
puys refondre layant retire<lb/>

comme vous scaves La <mark><m>☾</m></mark> aura taincture et laissera
esta<exp>n</exp>t<lb/>

fondue quelque grain de <mark><m>☼</m></mark> &amp; le
<mark><m>♀</m></mark> sera fort beau &amp; naura<lb/>

presque poinct de chappe</ab></div>
</root>
