<root>
<page>038v</page>

<image>http://gallica.bnf.fr/ark:/12148/btv1b10500001g/f82.image</image>

<div>

<id>p038v_1</id>

<head>Couleur noire pour <m>taindre</m></head>

<ab>P<exp>rens</exp> <m>lessive de chaulx vive</m> &amp; <m>litharge</m>
mesle &amp; destrempe<lb/>

&amp; tu feras <m>taincture tanee</m> &amp; la reiterant tu feras
noir<lb/>

Essaye daultres couleurs avecq la <m>lessive de chaulx</m></ab>

</div>

<div>

<id>p038v_2</id>

<head>Contre <md>seignee du <bp>nes</bp></md><lb/>

et pour <m>taincture</m></head>

<ab><tl>Pile</tl> de ceste espece de <m><pa>vinete</pa></m> ou
<m><pa><la>lapathum acutum</la></pa></m> qui est vene<lb/>

de rouge quon appelle <m>sang de <al>dragon</al></m> Et laplique
<del>de</del> sur le<lb/>

<md><bp>front</bp> de celuy qui seigne</md> Ceste herbe a force
<m>taincture</m> &amp; faict<lb/>

beau violet</ab>

</div>

<div>

<id>p038v_3</id>

<head>Beaulx <pa>artichaulx</pa></head>

<ab>Il les fault espurger <ms><tmp>tous les ans</tmp></ms> de sorte quil
ny<lb/>

demeure quun pied &amp; les arrouser fort <del>L</del> En replanter<lb/>

aussy <ms><tmp>tous les ans</tmp></ms> car la <ms><tmp>seconde
annee</tmp></ms> ilz porteront<lb/>

fort beau fruit</ab>

</div>

<div>

<id>p038v_4</id>

<head>Planter abres</head>

<ab>On dict que rarement labre plante le <tmp>jour de
<pn>S<exp>ain</exp>t paul</pn></tmp><lb/>

fault a prendre @&amp; pour couvrir les ampeaulx la fiente de<lb/>

<al>bœuf</al> est fort propre pource quelle ne se deffaict point a la
pluye<lb/>

co<exp>mm</exp>e la terre</ab>

</div>

<div>

<id>p038v_5</id>

<head><pro>Marchant</pro></head><comment>c_038v_02</comment>

<ab>Ceulx qui vendent par le menu les <m>velours</m> &amp; <del>es</del>
aultres<lb/>

estoffes ne font poinct de livre double pource que vendant<lb/>

par le menu &amp; en detail ce leur seroict trop de pene Ilz<lb/>

ont seulem<exp>ent</exp> leur lb de vente &amp; leur livre de raison
Mays<lb/>

ceulx qui vendent en gros &amp; ceulx qui trafiquent de
<m><pa>pastel</pa></m><lb/>

ont double livre</ab>

</div>

<div>

<id>p038v_6</id>

<head>Escarlates</head>

<ab>Pource que l<ms>aulne</ms> couste a <m>taindre</m> sept ou huict
<cn>lb</cn><lb/>

Ils y employent des <m>draps</m> de sept ou huict <cn>frans</cn>
l<ms>aulne</ms><lb/>

Mays qui en veult avoir de belle <del>se la</del> quil achepte du<lb/>

<m>drap blanc</m> de quinze <cn>frans</cn> l<ms>aulne</ms> &amp; la face
<m>taindre</m><lb/>

avecq <m><pa>pastel</pa> pur descarlatte</m> &amp; un peu de
<m>cochenille</m> Le <lb/>

<m>drap noir</m> se trouve fort fin pource que la <m>taincture</m> est
<lb/>

a bon marche</ab>

</div>
</root>
