<root>
<page>137v</page>

<image>http://gallica.bnf.fr/ark:/12148/btv1b10500001g/f280.image</image>

<div>
<id>p137v_1</id>
<head>Destremper sable pour <tl>moule</tl> de<lb/>

medailles plattes</head>

<ab>Les medailles plattes de <m>cire</m> ou de <m>metal</m>
s<m>huilent</m> fort<lb/>

legerement &amp; puys se touchent avecq un <tl>pinceau</tl> d<m>eau de
vye</m><lb/>

Et affin que le <tl>moule</tl> destrempe d<m>eau</m> prene sans
refuser<lb/>

sur la chose <m>huilee</m> On faict bien chaufer l<m>eau</m> pour<lb/>

destremper le sable Car avecq l<m>eau froide</m> il refuseroit<lb/>

Les medailles s<m>huilent</m> pourceque elles ne prestent<lb/>

point &amp; par ainsy pourroient rompre le <tl>molle</tl> Les<lb/>

animaulx qui prestent ne veulent point estre <m>huiles</m><lb/>

L<m>eau chaulde</m> doibt <sn>estre de telle chaleur que tu ny<lb/>

puysses tenir le <tl><bp>doigt</bp></tl> sinon avec sentiment bien
chault</sn><lb/>

Destrempe le sable plus espes pour medailles plattes &amp;<lb/>

solides que pour <al>lesards</al> &amp; choses subtiles Ton sable<lb/>

ayant faict prise nettoye &amp; rascle ton <tl>moule</tl> dun coste<lb/>

&amp; daultre &amp; fais une coche au pied &amp; au ras de la
medaille<lb/>

du coste du gect affin que tu la puisse mieulx enlever<lb/>

Abaisse aussy <add>le <tl>molle</tl> rasclant</add> lentour de la
medaille affin que de touts<lb/>

costes tu la puisse bien enlever sans quelle corrompe le<lb/>

<tl>moule</tl> Apres fais tes entailleures aultour <del>dun</del>
du<lb/>

premier <tl>molle</tl> gecte <del>mes</del> affin que le second gect
sy<lb/>

conjoigne sans varier &amp; mesmem<corr><exp>ent</exp></corr> fais une
coche au<lb/>

fonds du <tl>molle</tl> ou est la teste de la chose moulee<lb/>

Fays en aussy aulx costes du gect Cela faict<lb/>

trempe le revers du premier <tl>molle</tl> dans l<m>eau</m> <m>huile</m>
le <lb/>

&amp; ainsy il ne semboira point Frotte le revers de la medaille<lb/>

d<m>eau de vye</m> &amp; secondem<exp>ent</exp> gecte
destrempa<exp>n</exp>t en <m>eau chaulde</m><lb/>

Si tu as moule une medaille en noyau Ayant faict le <lb/>

premier gect &amp; iceluy ayant faict prise cerne avecq la<lb/>

<tl>poincte dun costeau</tl> lentour de la medaille affin quelle se<lb/>

trouve enlevee sur le gect &amp; non ensepvelie dans iceluy<lb/>

Puys ayant faict le second gect &amp; ayant ouvert ton<lb/>

<tl>moule</tl> <del>Ayes</del> Enleve la medaille tout dun coup avecq
<del>un</del><lb/>

deulx <tl>poinctes de costeau</tl> <del>q</del> Et que lune la preigne
du coste<lb/>

du gect &amp; lautre du coste de la teste qui est a loposite</ab>

<ab>
<margin>left-middle</margin>
Garde bien de<lb/>

n<m>huiler</m> gueres<lb/>

la medaille car<lb/>

si l<m>huile</m> redonde<lb/>

il divertist le sable<lb/>

de sunir &amp; amasser<lb/>

&amp; le faict ondoyant<lb/>

&amp; grumeleux Il<lb/>

ne fault que<lb/>

toucher le milieu<lb/>

de la medaille<lb/>

<del>dun p</del> de la <tl>poincte<lb/>

du pinceau <m>huile</m></tl><lb/>

&amp; puys estandre<lb/>

l<m>huile</m> partout </ab>

<ab>
<margin>left-middle</margin>
Sur tout fais<lb/>

que le gect soict<lb/>

le plus large<lb/>

que tu pourras<lb/>

<del>p</del>vers la medaille<lb/>

&amp; lembrasse bien<lb/>

Que lentree du<lb/>

gect soict ample<lb/>

allant tousjours<lb/>

en apettissant<lb/>

vers la medaille<lb/>

Noublie pas<lb/>

aussy dencocher<lb/>

lentree du gect</ab>

<cont/>

</div>
</root>
