<root>
<page>155r</page>

<image>http://gallica.bnf.fr/ark:/12148/btv1b10500001g/f315.item.r=</image>

<div>
<id>p155r_1</id>
<head>Mouler une <pa>rose</pa></head>

<ab>Pource que les branchetes <add>du <pa>rosier</pa></add> qui sont
<del>aupart</del> aultour de<lb/>

la fleur sont quelques fois fort dilatees &amp; feroient<lb/>

un trop grand <tl>moule</tl> On les faict <add>et moule</add> a part Et
la <pa>rose</pa><lb/>

&amp; quelquees boutons a part Et puys on raporte<lb/>

avecq <m>souldure</m> les branchettes &amp; foeuilles de <pa>rosier</pa>
a la<lb/>

queue de la <pa>rose</pa> a laquelle on laisse expressem<exp>ent</exp>
de<lb/>

petits bouts des branchettes Mect la foeuille ou <pa>rose</pa><lb/>

le plus bas que tu pourras dans le <tl>moule</tl> pource que le
sable<lb/>

la releve tousjours Tu <del>en</del> peulx aussy mouler plusieurs<lb/>

foeuilles ensemble estant disposees lune sur laultre les<lb/>

distingant avecq les <tl>filets</tl> co<exp>mm</exp>e dict est Et pour
le regard<lb/>

de la <pa>rose</pa> tu peulx donner une legere couche de <m>beurre
fondu</m><lb/>

au dos de la foeuille <del>de</del> <add>aulx premieres foeilles de
dehors non a celles de dedans</add> <del>be</del> pour laffermir &amp;
luy donner force de<lb/>

soubstenir <add>affin que le sable destrempe ne les dilate &amp; escarte
plus quil ne fault</add> Tu <del>les</del> peulx bien mouler aussy les
foeuilles<lb/>

des <pa>rosiers</pa> <pa>fraisiers</pa> &amp; semblables qui sont
plates<lb/>

&amp; qui se peuvent aplatir sans les gaster a deulx gects<lb/>

pour ouvrir ton <tl>moule</tl> quand il est recuit &amp; le
nettoyer<lb/>

de la <m>cendre</m> <del>Toute</del> et faire des souspirails &amp;<lb/>

plusieurs gects Et ceste voye est la plus facille<lb/>

Mays laultre se peult faire aussy Et avecq de petits<lb/>

filons de <m>cire</m> adaptes &amp; joincts de foeuille a foeuillle<lb/>

tu peulx fayre des gects Mesmes tu peulx faire<lb/>

despuys <add>le dos de</add> la premiere foeuille <del>iusques</del> un
filon de <m>cire</m><lb/>

qui se raportera au gect Tout cela facilite le gect<lb/>

<del>Aulcu</del> Le principal est de laisser bien froidir les<lb/>

<tl>moules</tl> recuits plustost que les nettoyer &amp; soufler
dedans<lb/>

pour faire sortir la <m>cire</m> pource que quand le <tl>moule</tl>
est<lb/>

chault la <m>cendre</m> se tient co<exp>mm</exp>e attachee Mays quand
il<lb/>

est froid elle sesperd et sort avecq le vent ou quand<lb/>

on retire l<bp>alheine</bp> a soy par le petit pertuis</ab>

<figure>

<id>fig_p155r_1</id>

<margin>left-middle</margin>

<link>https://drive.google.com/open?id=0B9-oNrvWdlO5b3lFZ18wbGducEk</link>

</figure>

<ab>
<margin>left-middle</margin>
Tu peulx bien<lb/>

donner un peu<lb/>

despesseur au<lb/>

bout des tiges<lb/>

qui soubstiennent<lb/>

les foeuilles les<lb/>

oignant legerem<exp>ent</exp><lb/>

par dessoubs de<lb/>

<m>beurre fondu</m><lb/>

pource que les<lb/>

foeuilles sont<lb/>

grandes &amp; poisent<lb/>

et la tige<lb/>

de <m>plomb</m> &amp;<lb/>

<m>estain</m> nauroit<lb/>

pas assez de<lb/>

force</ab>

<ab>
<margin>left-bottom</margin>
Je serois dadvis<lb/>

de mouler la<lb/>

<pa>rose</pa> seule avecq<lb/>

un peu de queue<lb/>

pres de son bouton<lb/>

&amp; puys luy raporter<lb/>

une plus longue<lb/>

de <m>letton estame</m><lb/>

pource que la<lb/>

<pa>rose</pa> espanouye<lb/>

ha grand volume<lb/>

&amp; poisant</ab>

<ab><margin>bottom</margin>

@<comment>c_155r_01</comment>Mouille la <pa>rose</pa> d<m>eau de vye</m>
plustost que la mectre dans<lb/>

le <tl>cercle d<m>ardille</m></tl> Noublye pas d<m>huiler</m> le gect de
<m>cire</m><lb/>

Et quand tu auras gecte ton sable destrempe soufle fort<lb/>

jusques a ce quil commance a faire prise La <pa>rose</pa> est<lb/>

bien venue Mays pource que le sable se trouve mesle parmy les<lb/>

foeuilles fais long temps tremper ton ouvrage dans l<m>eau</m> affin
que<lb/>

le secouant dans l<m>eau</m> la <m>terre</m> sen aille</ab>

</div>
</root>
