<root>
<page>124r</page>

<image>http://gallica.bnf.fr/ark:/12148/btv1b10500001g/f253.item.r=</image>

<div>
<id>p124r_1</id>
<head>Animaulx a poil et fleurs foibles<lb/>

et fort tanvres</head>

<ab>Les animaulx a poil sont malaises a mouler pourceque le<lb/>

poil se releve &amp; se represente co<exp>mm</exp>e mesle &amp; a
<del>to</del> parcelles amassees<lb/>

partant il le fault tenir couche avecq quelque chose desiccative<lb/>

&amp; qui laffermisse Et en cela la plus singuliere chose est<lb/>

l<m>huile de <pa>froment</pa></m> de laquelle tu loindras Estant gecte
tu le<lb/>

pourras reparer Le corps des <al>papillons</al> et les herbes<lb/>

qui ont la tige &amp; les foeilles bourrues de certain poil<lb/>

follet &amp; lanugineulx se doibvent aussy oindre de mesme
<m>huile</m><lb/>

pour tenir ceste bourre couchee Ensemble les fleurs qui ont la<lb/>

foeille fort delicate &amp; tanvre car l<m>huile de
<pa>from<exp>ent</exp></pa></m> sec les roidist et affermit<lb/>

Et si quelquun se vante de mouler ce qui luy sera
p<exp>rese</exp>nte<lb/>

donne luy a mouler la teste bourrue de lherbe appellee <pa><df>dent<lb/>

de Lyon</df></pa> ou un <pa>papus</pa> qui vient des graines de
<pa>lapasses</pa><lb/>

&amp; vole de soymesme au moindre souspir de <env>vent</env> quil
fasse</ab>

</div>

<div>
<id>p124r_2</id>
<head>Noyaulx pour mouler creus</head>

<ab>Les animaulx d<m>or</m> &amp; d<m>argent</m> se moulent <del>s</del>
volontiers creux<lb/>

pour eviter la pesanteur Et les frais aussy silz ne sont<lb/>

bien petits Mays pour faire lame &amp; le noyau il fault que<lb/>

le <tl>moule</tl> soit fraichement moule &amp; non sec</ab>

</div>

<div>
<id>p124r_3</id>
<head>Toile d<al>iraignee</al></head>

<ab>Elle se deffaict dans l<m>eau</m> &amp; par ainsy ne se peult
mouler<lb/>

en noyau Mays on gecte l<al>iraigne</al> et puys on dessaigne<lb/>

Les filets tendus entre les herbes quelles font <env>aulx
champs</env><lb/>

sur du <tl><m>quarton</m></tl> avecq une <tl>poincte</tl> On fait
aultour un bort<lb/>

de <tl><m>papier colle sur le quarton</m></tl> &amp; on gecte d<m>estaim
bien peu allie<lb/>

de plomb</m></ab>

</div>

<div>
<id>p124r_4</id>
<head><m>Or fin</m></head>

<ab>Il y a une nature d<m>or</m> quencores quil soict fin &amp; sans
alliage<lb/>

&amp; passe par l<m>eau fort</m> &amp; l<m>antimoyne</m> Est toutesfoys
si aigre<lb/>

quil nendure presque pas le <tl>marteau</tl> Et la composition du<lb/>

<m>verdet</m> cy dessus descripte pour fayre courre l<m>or</m> le rend
si doux<lb/>

co<exp>mm</exp>e <m>plomb</m></ab>

</div>
</root>
