<root>
<page>022v</page>

<image>http://gallica.bnf.fr/ark:/12148/btv1b10500001g/f50.image</image>

<figure>

<id>fig_p022v_1</id>

<margin>left-middle</margin>

<link>https://drive.google.com/open?id=0B9-oNrvWdlO5NkNrYkVZTlVnbDQ</link>

</figure>

<div>

<id>p022v_1</id>

<head>Orgues</head>

<ab>Puys on les affuste sur une table moyennem<exp>ent</exp>
espesse<lb/>

pres lun<del>g</del><add>e</add> de laultre &amp; on faict a la table
des coches<lb/>

en ceste sorte
<figure><id>fig_p022v_2</id><link>https://drive.google.com/open?id=0B9-oNrvWdlO5RnQ2Ri1PenA1aDA</link></figure>

&amp; par ces coches on passe le<lb/>

croc de lharquebus qui a un trou par lequel on<lb/>

passe par dessoubs la table des <tl>chevilles de <m>fer</m></tl><lb/>

puys quand on en veult mirer on affuste celle du<lb/>

milieu &amp; celle des deulx costes Si tu en veulx faire<lb/>

double reng ou triple ou quadruple ou dadvantaige<lb/>

Il ne te fault que poser semblable reng de tables<lb/>

co<exp>mm</exp>e le premier lung sur laultre <del>car laultre</del><lb/>

Ceste fasson dorgues faict faussee &amp; <add>est</add> bien
asseuree<lb/>

Car les aultres qui se font dune piece co<exp>mm</exp>e solide<lb/>

quarree nont les canons longs que de <del>troi</del>
<del>quatre</del><lb/>

un <ms>pan</ms> &amp; demy Aussy ne servent elles que pour faire<lb/>

une salve a une entree ou pour deffendre une porte</ab>

<ab>Petite harquebus a croc poise 40 <ms>lb</ms> ha de long<lb/>

quattre <ms>pans</ms> se charge <ms>jusques a lescusson</ms> ha
trois<lb/>

<ms>balles</ms> a la cullasse @ <comment>c_022v_04</comment> &amp; deux
devant</ab>

<ab>Le double canon nest rien different du grand canon<lb/>

ordinayre sinon quil porte <del><ill/></del> sa balle
<del><ill/></del><lb/>

qui ha une <ms>ligne</ms> despesseur ou de diametre
dadva<exp>n</exp>tage<lb/>

La <df><ms>ligne</ms></df> est la <ms>douziesme partye de la balle
du<lb/>

canon</ms> A la culasse il ha une <ms>ligne</ms> despesseur<lb/>

plus que le canon &amp; demye au devant Sa charge est<lb/>

de six ou sept <ms>lb</ms> de <m>pouldre</m> plus que le canon<lb/>

scavoir de deulx grands <ms><tl>lanternes</tl></ms> Sa balle poise<lb/>

56 <ms>lb</ms> Il fault trente <al>chevaulx</al> pour le conduire<lb/>

ll faict bien plus <m>destonnem<exp>ent</exp></m> a la muraille que
le<lb/>

canon Mays il est fort fascheux a conduire<lb/>

Cest pour ceste cause quaujourdhuy on nen use guere<lb/>

et est plus pour mener en quelque prochain lieu &amp;<lb/>

battre de pres ou pour une entree @<comment>c_022v_05</comment> que pour
execution<lb/>

ordinaire On les aporte @<comment>c_022v_06</comment> basilics qui sont
pieces<lb/>

faictes a plaisir</ab>

</div>
</root>
