<root>
<page>168v</page>

<image>http://gallica.bnf.fr/ark:/12148/btv1b10500001g/f342.image</image>

<div>

<cont/>

<id>p167r_1</id>

<ab>G mortier a oreille pose avecq sa <tl>cheville</tl></ab>

<ab>H <tl>Sies a cousteau</tl> pour coupper si besoing est une<lb/>

sarrasine</ab>

<ab>I Les <tl>grands chevilles de <m>fer</m></tl> qui traversent &amp;
attachent<lb/>

le mortier</ab>

<ab>K ce sont <tl>co<exp>mmun</exp>es chevilles de <m>fer</m></tl>
toutes rondes &amp; revestues de<lb/>

<m>toile</m> comme tout le reste pour faire tourner les <tl>grands<lb/>

chevilles de <m>fer</m></tl> percees pres du bouton</ab>

<ab>L <tl>haches</tl> quil fault tousjours porter pour achever de<lb/>

rompre si par cas fortuit le mortier avoit laisse quelque<lb/>

chose entier</ab>

<ab>M un <tl>gros mail de <m>bois</m></tl> pour enfoncer ce que par
les<lb/>

<tl>sies</tl> ou <tl><oc>birons</oc></tl> auroict este commance &amp;
affoibly</ab>

<ab>N sont <tl>grands taraires</tl> &amp; <tl><oc>virons</oc> de
<pro>faiseur de roues</pro></tl><lb/>

pour couper doulcem<corr><exp>ent</exp></corr> une porte ou fenestre en
faisant de<lb/>

grands trous pres lung de lautre</ab>

<ab>O <tl>potences</tl> de la <ms>haulteur dun homme</ms> quil fault
porter<lb/>

pour mectre soubs une sarrasine incontinent que le mortier<lb/>

a donne &amp; empescher que la sarrasine ne tombe</ab>

<ab>P sont <tl>petites tenailles de <m>fer</m></tl> pour mectre quelque
mortier<lb/>

bas au droit du <tl>verroil</tl> ou <tl>vertuelle</tl> de la porte</ab>

</div>
</root>
