<root>
<page>078v</page>

<image>http://gallica.bnf.fr/ark:/12148/btv1b10500001g/f162.item</image>

<div>

<id>p078v_1</id>

<head>Pour faire <m>bronze</m> en<lb/>

couleur dassier</head>

<ab>Prens de l<m>alung de glace</m> &amp; de l<m>anthimoyne</m><lb/>

mais Il fault <ms>deux foys aultant</ms> d<m>alung</m> de<lb/>

glace q<exp>ue</exp> d<m>enthimoyne</m> et pille le tout ensemble<lb/>

dedans ung <tl>mortier de <m>fer</m></tl> &amp; puys destrampe aveq
de<lb/>

l<m>eau de Gomme</m> en le broiant sur ung <tl><m>marbre</m></tl>
&amp;<lb/>

puys en fault user aveq le <tl>pinceau</tl> &amp; appres laisser<lb/>

seicher et puys le polir aveq ung <tl>dan de <al>loup</al> ou<lb/>

de <al>chien</al></tl></ab>

</div>

<div>

<id>p078v_2</id>

<head>Pour faire <m>bronze</m> en<lb/>

Couleur dor</head>

<ab>Prens <m>limailhe de cuyvre</m> &amp; de l<m>ocre</m> &amp; de
la<lb/>

<m>goume</m> &amp; de l<m>alung</m> &amp; broye le tout ensemble
dedans<lb/>

ung <tl>mortier de <m>pierre</m></tl> et quand Il sera bien broye<lb/>

tu le coucheras sur la besongne aveq ung <tl>pinceau</tl><lb/>

puys le polliras aveq ung <tl>dan de <al>loup</al> ou<lb/>

de <al>chien</al></tl></ab>

</div>

<div>

<id>p078v_3</id>

<head>Pour faire <m>Os</m> ou <m>corne</m><lb/>

verd</head>

<ab>Prens <m>verd de Gris</m> &amp; le destrampe aveq <m>fort
vinaigre</m><lb/>

puys fais tramper ton <m>os</m> ou <m>corne</m> une
<ms><tmp>heure</tmp></ms> &amp;<lb/>

puys le mectz en besongne</ab>

</div>

<div>

<id>p078v_4</id>

<head>Pour faire <m>bronze</m></head>

<ab>Prens <m>Limailhe despaingle</m> &amp; au<exp>ltr</exp>e de
<m>leton</m> &amp; le<lb/>

mectz ensemble &amp; le broye sur ung <tl><m>marbre</m></tl> bien
broyez<lb/>

aveq de l<m>eau</m> peu a peu Jusques ace q<exp>uil</exp>z soient
distilez<lb/>

puys les mectz dedans q<exp>ue</exp>lque <tl>vaisseau</tl> noeuf Et</ab>

<cont/>

</div>
</root>
