<root>
<page>120r</page>

<image>http://gallica.bnf.fr/ark:/12148/btv1b10500001g/f245.image</image>

<div>
<id>p120r_1</id>
<head>Medailles destampe par la <m>cire</m></head>

<ab>Tu peulx mouler en <m>cire</m> meslee dun peu de <m>rousine</m> pour
estre plus<lb/>

dure &amp; ferme le relief de ce quil te plaira ou animal ou
medaille<lb/>

&amp; puys en faire un cave de <m>letton</m> ou <m>cuivre</m> Ou bien
<del>le frapper</del> <add>le mouler</add><lb/>

de relief <add>et le frapper</add> dans une <tl>plaste
d<m>estain</m></tl> <del>Et pu</del> Et puys le remplir<lb/>

de <m>plomb</m> &amp; braser Essaye les <m>lames de foeilles de
pierrerie</m><lb/>

moule en cave pour <al>lesards</al> &amp;</ab>

</div>

<div>
<id>p120r_2</id>
<head>Sable pour gecter en <m>or</m></head>

<ab>Prens du <m>sable commun</m> d<m>alum</m> de <m>plastre</m> &amp;
<m>brique</m> selon la<lb/>

composition cy devant dicte Adjoustes y de l<m>alum de plume</m><lb/>

dadvantaige Et y mesles aussy non pas du tout la <ms>tierce<lb/>

partie</ms> de <m><la>crocum ferri</la></m> Toutesfois sa quantite ne
peult<lb/>

pas nuire Car cest celuy qui recoit l<m>or</m> &amp; avecq lequel il
vient<lb/>

bien net Mays il est bon que ton <m><la>crocum</la></m> soict este
premierem<exp>ent</exp> en<lb/>

la <tl>fornaise des <pro>verriers</pro></tl> <ms><del>4</del>trois
<del>ou 4</del> <tmp>jours</tmp> et <del>trois
<tmp>jours</tmp></del><lb/>

et trois <tmp>nuicts</tmp></ms> en une <tl>casse platte</tl> la ou il ne
soict guere espes car<lb/>

il sen recuit mieulx</ab>

<ab>
<margin>left-top</margin>
Tu pourrois bien gecter l<m>or</m> en <m>sable commun des
<pro>orfevres</pro></m> Mays que tu y bouttes<lb/>

de la matiere qui faict courre<lb/>

Devant linvention du <m><la>crocum</la></m> on<lb/>

gectoit bien les fleurs en <m>argent</m> mays non point en <m>or</m> Il
ny ha pas quara<exp>n</exp>te <ms><tmp>ans</tmp></ms> quon<lb/>

le scait en <pl>allemaigne</pl></ab>

<ab>
<margin>left-middle</margin>
Le <m>sublime</m><lb/>

est communem<exp>ent</exp><lb/>

employe par<lb/>

les <pro>orfevres</pro> pour<lb/>

l<m>or</m> Aulcuns<lb/>

y mectent du<lb/>

<m>soufre</m> Mays<lb/>

les uns &amp; les<lb/>

aultres se tro<exp>m</exp>pent<lb/>

Car le <m>soufre</m><lb/>

aigrist bien quil<lb/>

eschaufe Et le<lb/>

<m>sublime</m> tourmente<lb/>

bouillonne<lb/>

&amp; soufle Il<lb/>

est bien bon pour<lb/>

netoyer l<m>or</m><lb/>

pource que par<lb/>

son exalations<lb/>

il attire hors<lb/>

le tout en sen<lb/>

allant en fumee<lb/>

Mays pour<lb/>

eschaufer l<m>or</m><lb/>

&amp; conserver sa<lb/>

chaleur il ny a<lb/>

que la couleur<lb/>

qui est le <m>verdet</m><lb/>

<m>sel armoniac</m><lb/>

<m>salpestre</m> &amp;<lb/>

<m>bourras</m> Cela<lb/>

le faict courre<lb/>

&amp; y pourras<lb/>

gecter une <m>bra<exp>n</exp>che<lb/>

de <pa>Santonique</pa></m></ab>

</div>

<div>
<id>p120r_3</id>
<head><del>Il</del><al><add>R</add>ossignol</al></head>

<ab>Il fault que sa <tl>cage</tl> faicte co<exp>mm</exp>e celle des
<al>alouetes</al> en <env>grange</env><lb/>

&amp; double de <tl><m>drapt vert</m></tl> soict faicte en
<tl>tirete</tl> par dessoubs pour<lb/>

luy rafreschir la terre fresche <tmp>tous les jours</tmp> car il sen
delecte<lb/>

fort &amp; y mesler des <al>fourmis</al> Tu pourras porter une<lb/>

<env>formillere</env> avecq sa terre dans une <tl>barrique pleine de
terre</tl><lb/>

&amp; les entretenir la &amp; elles y feront bien leurs œufs pour
en<lb/>

avoyr tousjours a propos quand tu voudras Si tu prends<lb/>

plaisir a nourrir des <al>rossignols</al> Quand tu las prins il est
gras<lb/>

&amp; plain &amp; par ainsy pour lentretenir en sa force il fault pour
le<lb/>

<tmp>premier jour</tmp> l<del>uy</del><add>e</add> prendre en la
<tl><bp>main</bp></tl> &amp; luy ouvrir le bec &amp; luy<lb/>

mectre dans le bec avecq ung <tl>petit baston poinctu</tl> du <m>coeur
de <al>mouton</al></m><lb/>

ou aultre <m>chair delicate</m> non pas hachee trop menu affin de luy
emplir<comment>c_120r_01</comment><lb/>

le ventre &amp; garder quil ne se diminue &amp; amaigrisse jusques a
ce<lb/>

quil aye passe sa fantasie <del>Le <tmp>lendemain</tmp> tu luy
donneras</del> Et<lb/>

le paistras ainsy trois ou quattre <ms>fois le <tmp>jour</tmp></ms>
&amp; le feras aussy<lb/>

boire Le <tmp>lendemain matin</tmp> tu luy donneras en sa <tl>cage</tl>
de la <m>chair<lb/>

bien hachee avecq du jaulne doeuf dur</m> Et luy changeras deulx<lb/>

ou trois <ms>fois le <tmp>jour</tmp></ms> car il nen mangeroit pas si
elle estoit endurcie<lb/>

&amp; si elle nestoit fresche Et sil passe la <ms>moictie du
<tmp>jour</tmp></ms> sans manger<lb/>

il fault que tu lapaste co<exp>mm</exp>e devant &amp; fais ainsy jusques
a ce quil</ab>

<cont/>

</div>
</root>
