<root>
<page>165v</page>

<image>http://gallica.bnf.fr/ark:/12148/btv1b10500001g/f336.image</image>

<div>
<id>p165v_1</id>
<head>Plant danimaulx</head>

<ab>Non seulem<exp>ent</exp> avec les <tl>poinctes de <m>fer</m></tl>
Mays avecq de la<lb/>

<m>cire fondue</m> les animaulx sasseurent sur la <tl>plaste de
<m>terre</m></tl><lb/>

@<comment>c_165v_02</comment><add>Laves les premierem<exp>ent</exp> en
<m>eau claire</m> estant morts dans la mixtion<lb/>

de <m>vinaigre</m> &amp; <m><bp>urine</bp></m><lb/>

&amp; avecq une <tl>esponge</tl><lb/>

repurge leur la gueule<lb/>

les yeulx<lb/>

et la<lb/>

teste de<lb/>

la <m>bave</m><lb/>

qui en<lb/>

sort<lb/>

car<lb/>

jamays<lb/>

le sable<lb/>

ny prendroit<lb/>

bien et<lb/>

viendroit<lb/>

grumeleux</add></ab>

<ab>
<margin>left-middle</margin>
Si tu leur veulx fayre tenir<lb/>

la bouche ouverte<lb/>

mects y un petit<lb/>

bout de <tl>corde<lb/>

d<mu>espinette</mu></tl> qui ne<lb/>

tiendra point de<lb/>

lieu</ab>

</div>

<div>
<id>p165v_2</id>
<head>Gardes <al>animaulx</al></head>

<ab>Si les ayant moules une foys tu les veulx garder<lb/>

pour les mouler dadvantage remects les dans ceste<lb/>

mixtion d<m>urine</m> <m>vinaigre</m> &amp; <m>eau de vye</m> ou tu
as<lb/>

faict mourir les aultres Et il sy gardera fort<lb/>

long temps sans se gaster @<comment>c_165v_03</comment> Si tu as quelque
<md>entameure en<lb/></md>

<md>la main gardes bien que ceste mixtion ny touche</md></ab>

</div>

<div>
<id>p165v_3</id>
<head><tl>Moules</tl></head>

<ab>Estant moules ne les garde pas long temps Ains les<lb/>

employe <del>u</del> le plustot que tu pourras
pourcequesta<exp>n</exp>t<lb/>

long temps gardes ilz sont subgects a se corrompre</ab>

<ab>
<margin>left-middle</margin>
Quand ilz sont<lb/>

recuits la chose<lb/>

y vient mieulx</ab>

</div>

<div>
<id>p165v_4</id>
<head><m>Luth</m></head>

<ab>A la recuite tu peulx bien employer le <m>luth commun</m> Mays<lb/>

quand tu vouldras gecter despouilles en le <tl>moule</tl> &amp;
pro<exp>m</exp>ptem<exp>ent</exp><lb/>

avecq une <tl>broisse</tl> couche le <m>luth de plastre qui ha<lb/>

servy aulx <tl>moules</tl></m> car il sera sec en se posant &amp;<lb/>

gecte Il fault principallem<exp>ent</exp> mectre ce <m>luth</m> sur
les<lb/>

joinctures</ab>

</div>

<div>
<id>p165v_5</id>
<head><m>Argent</m></head>

<ab><ms>Quand il sautille</ms> estant fondu cest signe quil est<lb/>

bien chault &amp; pourceque co<exp>mmun</exp>ement il est
<m>plombeux</m><lb/>

il est bon di gecter du <m>mortier de chaulx</m> car cella<lb/>

attire &amp; amasse le <m>plomb</m></ab>

</div>

<div>
<id>p165v_6</id>
<head>Aisle de <al>mousche</al></head>

<ab>Affin quelles viennent mieulx mects despuys le gect<lb/>

jusques aulx bout dicelles des <m>filons de cire</m> fais<lb/>

aussy que soubs le ventre il y aye asses de <m>cire</m><lb/>

car cest ce qui faict le gect</ab>

<figure>

<id>fig_p165v_1</id>

<margin>left-middle</margin>

<link>https://drive.google.com/open?id=0B9-oNrvWdlO5UmhqY1RkWFRhYzg</link>

</figure>

</div>

<div>
<id>p165v_7</id>
<head>Raporter quelque aisle<lb/>

de <al>mousche</al> ou semblable</head>

<ab>Elle se<lb/>

raporte avecq <m>colle de <al>poisson</al></m><lb/>

destrempee avecq <m>eau de vye</m> sur foeu lent faisa<exp>n</exp>t
aussy<lb/>

chaufer louvrage puys cela se couvre avecq de la <m>cire<lb/>

a esbaucher</m> qui soit grise</ab>

</div>
</root>
