<root>
<page>153r</page>

<image>http://gallica.bnf.fr/ark:/12148/btv1b10500001g/f311.image</image>

<div>

<id>p153r_1</id>

<head>Mouler en cave pour cachets<lb/>

ou aultre</head>

<ab>Esbauche premierem<exp>ent</exp> ta figure en <m>cire</m> sur un
<tl><m>verre</m> ou<lb/>

<m>ardoise</m> unie</tl> Apres moule la avecq n<exp>ost</exp>re sable
susdit<lb/>

<del>l</del> ayant premierem<exp>ent</exp> oincte legerem<exp>ent</exp>
d<m>huile</m> co<exp>mm</exp>e tu scais &amp; puys<lb/>

frottee d<m>eau de vye</m> <del>Ayant</del> Et destrempant ton
sable<lb/>

d<m>eau chaulde</m> Ayant le cave gecte le en <m>plomb allie</m><lb/>

en la forme que les aultres figures que tu fais bien<lb/>

nettes Touteffois sil nest bien nettem<exp>ent</exp> du tout venu<lb/>

repare le Et puys <del>gecte de</del> <add>moule avecq de</add> la
<m>cire</m> sur le relief<lb/>

de <m>plomb</m> &amp; tu auras un cave fort net dans la <m>cire</m><lb/>

qui vient tresnet sur le <m>plomb</m> Apres dans le cave<lb/>

de <m>cire</m> gecte ton sable destrempe qui te fera un<lb/>

relief sur lequel tu gecteras ton cave d<m>argent</m> ou daultre<lb/>

<m>metal</m> pour cachet Mays note quil ne fault pas faire<lb/>

ton cave avecq <m>cire fondue</m> Ains seulement eschaufee<lb/>

dans de l<m>eau chaulde</m> ou pour mieulx dans de
l<m><bp>urine</bp><lb/>

chaulde</m> Ou bien si tu as un relief d<m>or</m> ou d<m>argent</m>
ou<lb/>

aultre <m>metal</m> bien <del>faco</del> net &amp; repare Emprains
dessus<lb/>

ton cave de <m>cire</m> &amp; puys dans iceluy gecte ton sable qui<lb/>

viendra de relief sur lequel apres tu gecteras ton<lb/>

cave pour cachet ou aultre ouvrage Tu pourrois<lb/>

bien gecter un cave sur le principal de relief de <m>metal</m><lb/>

&amp; mesme de <m>plomb</m> &amp; <m>estain</m> qui ne fera point fondre
le<lb/>

principal sil est avecq un <tl>pinceau</tl> legerem<exp>ent</exp> oint
de <m>croye<lb/>

broyee</m> ou enfume de <m>fumee de chandelle</m> ou de <m>glaire<lb/>

doeuf sechee</m></ab>

<ab><margin>left-middle<comment>c_153r_01</comment></margin>@

Quand tu as<lb/>

empraint ton<lb/>

cachet en <m>cire</m><lb/>

Moule en noyau<lb/>

ceste piece de<lb/>

<m>cire</m> qui est cave<lb/>

co<exp>mm</exp>e ton cachet &amp;<lb/>

ton noyau le<lb/>

rendra moule<lb/>

semblable a<del>u</del><lb/>

lemprainte &amp;<lb/>

au cachet</ab>

<ab><margin>left-middle</margin>

Il fault que ta<lb/>

<m>cire</m> soict meslee<lb/>

de quelque<lb/>

couleur qui naye<lb/>

gueres de corps<lb/>

affin que tu voyes<lb/>

mieulx lemprainte<lb/>

La <m>fumee de lampe</m><lb/>

ou <m>noir a noircir</m><lb/>

y est bon La<lb/>

<m>cire blanche</m><lb/>

pour cet effect<lb/>

est <del>exc</del> meilleure</ab>

</div>

<div>

<id>p153r_2</id>

<head>Donner telle espesseur a une<lb/>

medaille que tu vouldras</head>

<ab>

Ayant gecte ton premier <tl>moule</tl> mesle <del>d</del>c_153r_02
<m><la>crocum</la></m> ou <m>escaille<lb/>

de fer fort broyee</m> pour laffermir Et ayant faict<lb/>

prise &amp; rendu ton cave fort net Ayes de la pate de fine</ab>

<cont/>

</div>
</root>
