<root>
<page>166v</page>

<image>http://gallica.bnf.fr/ark:/12148/btv1b10500001g/f338.image</image>

<div>

<cont/>

<id>p166v_1</id>

@<comment>c_166v_01</comment><ab>Aulx exemplaires <pl>grecs</pl> il
sadjouste un psalme de <pn>david</pn><lb/>

duquel <pn>s<exp>ainc</exp>t Athanase</pn> faict mention <del>en</del>
<la>in Sinopsi</la> il se comma<exp>n</exp>ce<lb/>

<la>parvus eram</la> &amp; au second verset le prophete royal dict<lb/>
<la><del><bp>Manus</bp> meӕ</del>
@<comment>c_166v_02</comment><bp>Manus</bp> meӕ fecerunt organum et
<bp>digiti</bp><lb/>

mei aptarunt psalterium</la></ab>

<figure/>

</div>

<div>

<id>p166v_2</id>

<head>Garder <pa>chastaignes</pa></head>

<ab>

Il les fault laisser dans leur coquille herissonnee jusques<lb/>

a ce quon les veuille manger Et avec cella<comment>c_166v_03</comment>
les laisser en<lb/>

<env>lieu humide</env> ou a l<env>agout de quelque toict</env></ab>

</div>

<div>

<id>p166v_3</id>

<head><m>Bougie</m> <sn>odorante</sn> du <pl>mans</pl></head>

<ab>

Ils fondent parmy la <m>cire</m> &amp; <m>bougie</m> de la
<m>rousine</m><lb/>

quon apelle en <pl>France</pl> de <pl>bourgoigne</pl> qui est
blanche<lb/>

&amp; non pas si brusque &amp; seiche que laultre <m>rousine</m><lb/>

Ils parfument aussy le lumignon et meche</ab>

</div>

<div>

<id>p166v_4</id>

<head>Adoulcir l<m>or</m></head>

<ab>

Dissouldre du <m><la>caput mortuum</la></m> dans <m>vinaigre<lb/>

distille</m> <tl>filtrer</tl> &amp; congeler en <m>sel</m> &amp; diceluy
cementer <m><figure>☉</figure></m><lb/>

&amp; il ladoulcist merveilleusem<corr><exp>ent</exp></corr></ab>

</div>

<div>

<id>p166v_5</id>

<head>Augmenter la couleur du <m>sol</m></head>

<ab>

Mects sur les cendres chauldes <m>eau fort de vitriol</m><lb/>

couvre dun <tl>tuile</tl> la <tl>bouteille</tl> cest a dire la gueule
puys<lb/>

destoupe &amp; il sortira une <m>fumee espesse</m> sur laquelle<lb/>

mects l<m>or</m> et il recepvra haulte taincture

</ab>

</div>
</root>
