<root>
<page>075v</page>

<image>http://gallica.bnf.fr/ark:/12148/btv1b10500001g/f156.item</image>

<div>

<id>p075v_1</id>

<head>Pour f<exp>air</exp>e du <m>boys</m> gris</head>

<ab>Il fault prendre de <m>limailhe de fer</m> trois <ms>demy
sestier</ms> po<exp>ur</exp><lb/>

xviii <del>s</del> <ms>deniers</ms> <m>dalung de glace</m> &amp; pour
aultant de <m>couperose<lb/>

verte</m> pour six <ms>den<exp>iers</exp></ms> de <m>vert de gris</m> de
l<del>am</del>a<m>poix</m> &amp; une <ms>carte</ms><lb/>

de <del>cuyr</del> <m><add>eaue</add> de <pro>courroieur</pro></m> Et si
vous nen trouves poinct vous<lb/>

mectres de <del>plus</del> <add>l<m>eaue de pluye</m></add> <gap/> de
menu de gre</ab>

</div>

<div>

<id>p075v_2</id>

<head>Pour <m>dorer</m> sur le <m>boys</m></head>

<ab>Premierement fault poser une couche de <m>colle bien claire</m>
Et<lb/>

estant seiche vous poseres une couche d<m>ore Jaulne</m> Et quand
il<lb/>

sera faict vous prendres du <m>boys de <pa>figier</pa></m> &amp; le
mectres tremper<lb/>

quelque espace de temps &amp; en laveres les plases q<exp>ue</exp> vous
voules<lb/>

<m>dorer</m> et coupperes v<exp>ost</exp>re <m>or</m> avecq ung
<tl>couteau</tl> au pris q<exp>ue</exp> le poseres<lb/>

Et fault poser led<exp>ict</exp> <m>or</m> avecq du
<tl><m><pa>couto<del>ie</del><add>n</add></pa></m></tl> et si vous
pouves trouver<lb/>

du <pa>figuier</pa> prenes le <m>blanc dung œuf</m> &amp; le fort
remuer</ab>

<ab>Et si v<exp>ost</exp>re <m>or</m> Na asses belle couleur vous
prandres de la<lb/>

<m>plume de <al>perdris</al></m> &amp; la feres bruller dedans une
<tl>choffrette</tl><lb/>

et faictes aller la fumee co<exp>n</exp>tre ce q<exp>ue</exp> vous aures
<m>doré</m></ab>

</div>

<div>

<id>p075v_3</id>

<head>Pour <m>dorer</m> d<m>or Moleu</m></head>

<ab>Fault prandre une <ms>coquille</ms> d<m>or</m> et auparavant
q<exp>ue</exp> en vouldres<lb/>

travailher vous la mectres tramper avecq de l<m>eaue de Gome</m> Et<lb/>

le poseres avecq un <tl>pinsseau</tl> &amp; le polires avecq une
<del>peau</del> <tl><add>dant</add> de<lb/>

<al>loup</al></tl> quand il sera sec</ab>

</div>

<div>

<id>p075v_4</id>

<head>Recepte pour Mectre tous <m>boys</m><lb/>

en coulleur</head>

<ab>

Pour le faire noir Il le fault tremper en <m>huille d<pa>olive</pa></m>
Et<lb/>

la <m>Carne</m> au cas semblablement<comment>c_075v_01</comment> quatre
ou Cinq <ms><tmp>Jours</tmp></ms> &amp; puys<lb/>

le bouilhir la ou Il aura trempe lespace dune <ms><tmp>heure</tmp></ms>
&amp; la<lb/>

tirer hors de l<m>huille</m> Et prandre du <m>souffre vif</m> ou
dau<exp>ltr</exp>e</ab>

<cont/>

</div>
</root>
