<root>
<page>121v</page>

<image>http://gallica.bnf.fr/ark:/12148/btv1b10500001g/f248.item.r=</image>

<div>
<id>p121v_1</id>
<head>Pour gecter en <m>argent</m></head>

<ab>Il te fault disposer tes animaulx co<exp>mm</exp>e dict est et
composer<lb/>

le mesme sable de <del>deulx <ms>pars</ms> d</del> 4 <ms>pars</ms> de
<m>plastre</m> de<lb/>

deulx <ms>pars</ms> de <m>brique recuicte</m> &amp; dune <ms>part</ms>
d<m>alum <add>de plume</add> recuit</m><lb/>

Et le mesler bien Puys estant ainsy prest Et que<lb/>

tu vouldras mouler Prens les trois <ms>pars</ms> dune
<tl><ms>escuelle<lb/>

de terre ou les <pro>paysans</pro> mangent leurs souppes</ms></tl> Et
de<lb/>

ce sable susdict &amp; y adjouste de l<m>alum <add>de plume</add> pur
recuit &amp; pulverise</m><lb/>

dans le <tl>mortier</tl> <ms>aultant que tu en pourras prendre
avecq<lb/>

les 4 <bp>doigts</bp> et le <bp>poulse</bp></ms> ou une <ms>petite
joinctee</ms> puys mesle<lb/>

mesle bien &amp; destrempe avecq un peu de <m>sel armoniac</m> &amp;
le<lb/>

reste d<m>eau commune</m> <figure>+</figure> @ &amp; remue avec ta
<tl>pallete</tl> que le tout<lb/>

soict co<exp>mm</exp>e une <m>saulce espesse</m> ou
<m><pa>moustarde</pa> claire</m> &amp; aya<exp>n</exp>t<lb/>

frotte avecq le <tl>pinceau</tl> d<m>eau de vye</m> lanimal gecte &amp;
soufle<lb/>

et bas la <tl>table</tl> pour croller le <tl>molle</tl> &amp; fais
co<exp>mm</exp>e des aultres<lb/>

<add>Noublie point dy mectre du <m><la>crocum</la></m> car il garde les
<tl>moules</tl> de<lb/>

fendre &amp; si est propre<lb/>

pour touts <m>metaulx</m></add> @</ab>

<ab>
<margin>left-top</margin>
L<m>argent allie est meilleur<lb/>

pour gecter que le fin</m><lb/>

pourveu quil soit<lb/>

doulx</ab>

<ab>
<margin>left-top</margin>
Il fault que<lb/>

l<m>alum de plume</m><lb/>

soict bien pulverise<lb/>

et bien mesle</ab>

<ab>
<margin>left-top</margin>
Le <m>sel armoniac</m><lb/>

est amy de l<m>or</m><lb/>

&amp; de l<m>argent</m></ab>

<ab>
<margin>left-middle</margin>
<add>quil fault plustost<lb/>

mectre dans l<tl>escuelle</tl><lb/>

que le sable qui<lb/>

se mect dans l<m>eau</m><lb/>

&amp; non pas l<m>eau</m> dans le sable</add></ab>

<ab>
<margin>left-middle</margin>
Le <m>letton</m> est ennemy de l<m>or</m><lb/>

&amp; amy de l<m>argent</m></ab>

</div>

<div>
<id>p121v_2</id>
<head><m>Argent</m> a gecter</head>

<ab>Ce nest <m>poinct argent fin ains allie</m> &amp; qui ne vient
pas<lb/>

parfaitement blanc de foeu pourceque ilz le mectent au<lb/>

blanchiment apres la fusion pour le nettoyer aussy de la
<m>souldure</m><lb/>

<del>ou de ce</del> quand il fault attacher quelque <del>patte</del>
animal lun co<exp>n</exp>tre<lb/>

laultre ou reparer Cest co<exp>mmun</exp>ement <m>argent de
<cn>teston</cn></m> Et tout <m>argent<lb/>

allie</m> pourveu quil soict douls est bon</ab>

<ab>Plustost que te disposer a gecter <add>en <m>argent</m></add> il
fault que tu ayes de la<lb/>

<m>terre</m> <del>dequoy</del> qui tienne au foeu co<exp>mm</exp>e ceste
<m>terre areneuse</m> <del>de qu</del><lb/>

meslee de <m>bourre dequoy les <pro>fondeurs</pro> se servent pour
gecter<lb/>

leurs canons</m> Ou aultre <m>bon luth</m> qui soubstiene le foeu<lb/>

pour entourner tes <tl>moules</tl> &amp; les fortifier Car il fault<lb/>

quilz soient tous rouges Il les fault aussy lyer de <tl><m>fil de
fer</m></tl></ab>

<ab>

Que plustost que <del>gecter lar</del> recuire tes <tl>moules</tl> tu
ayes<lb/>

la mixtion quil fault pour faire courre l<m>argent</m> </ab>

<ab>Si les <pro>orfevres</pro> scavoient scavoient la matiere pour faire
l<m>argent</m> @<lb/>

faire courre leurs ouvrages ilz lachepteroient<lb/>

beaucoup Aulcuns lacheptent cinq <ms><cn>sols</cn> le denier</ms></ab>

<ab>
<margin>left-middle</margin>
Jay employe<lb/>

de l<m>argent de<lb/>

<pl>Capitale</pl></m> @</ab>

<ab>
<margin>left-bottom</margin>
Plustost que<lb/>

<del>lier</del> luter &amp;<lb/>

fortifier tes <tl>moules</tl> pour <m>or</m> &amp;<lb/>

<m>argent</m> avecq la<lb/>

susdicte <m>terre</m><lb/>

il fault que le<lb/>

gect soict faict &amp;<lb/>

les souspirails<lb/>

&amp; que les <tl>moules</tl><lb/>

ayent este recuits<lb/>

<del>de</del> bien rouges pour<lb/>

brusler les<lb/>

animaulx fleurs<lb/>

et herbes qui sont dedans<lb/>

&amp; les bien nettoyer des<lb/>

<m>cendres</m> Estant bien<lb/>

nets &amp; praepares Lutes<lb/>

les &amp; lies de <tl><m>fil de fer</m></tl><lb/>

et les recuises derechef<lb/>

jusques a ce quil soient<lb/>

bien rouges</ab>

</div>
</root>
