<root>
<page>149v</page>

<image>http://gallica.bnf.fr/ark:/12148/btv1b10500001g/f304.image</image>

<div>

<id>p149v_1</id>

<head>Mouler vases de plusieurs pieces </head>

<ab> Les <pro>orfevres qui travaillent de grosserie et
vaisselle</pro><lb/>

font tourner au <tl>tour</tl> telle forme de <m>bois</m> quil leur<lb/>

plaist Et puys avecq de la <m>cire</m> esbauchent dessus<lb/>

masques festons et ce quil leur plaise Et le moulent<lb/>

apres a trois a quattres ou plusieurs pieces</ab>

</div>

<div>

<id>p149v_2</id>

<head><m>Souldure</m> d<m>or</m></head>

<ab>Il prenent sur un <cn>denier d<m>or</m></cn> un <ms>grain</ms>
d<m>aloe fin<lb/>

co<exp>mm</exp>e sont les <cn>vieulx douzains</cn></m></ab>

</div>

<div>

<id>p149v_3</id>

<head>Mouler une <al>mousche</al></head>

<ab>Les <al>grosses mouches</al> se peuvent mouler &amp;
<del>g</del>fayre<lb/>

de gect Mays il fault <del>par d</del> oindre le dessoubs<lb/>

des aisles avecq de l<m>huile de <pa>froment</pa></m> qui est bien<lb/>

tost sec et les affermist &amp; leur donne un peu despesseur<lb/>

Le mesme se faict aulx <al>papillons</al> <al>cygales</al>
<al>saulterelles</al><lb/>

&amp; semblables Mays pour les gecter plus facillem<exp>ent</exp><lb/>

on les adapte sur quelque foeille ou bouquet<lb/>

Les aultres les <bp>font a la main</bp> de <m>lame dargent<lb/>

fort tanvre</m> <add>Il ne les fault pas garder estant mortes<lb/>

pourcequelle se seichent et les jambes se rompent</add></ab>

<ab><margin>left-middle</margin> @<comment>c_149v_01</comment>

L<m>huile de <pa>froment</pa></m><lb/>

se mect au dessoubs<lb/>

des choses delicates pour les rendre plus<lb/>

roides &amp; fermes &amp;<lb/>

pour leur faire tenir<lb/>

leur plant naturel<lb/>

pourcequestant<lb/>

foibles &amp; delicates<lb/>

le sable destrempe<lb/>

sapoisentissant dessus<lb/>

leur changeroit<lb/>

leur forme</ab>

</div>

<div>

<id>p149v_4</id>

<head><al>Chauve souris</al></head>

<ab>Elles ont les aisles fort tanvres &amp; si elles sont<lb/>

grandes &amp; seiches et les aisles estendues il<lb/>

fauldroit un fort grand <tl>moule</tl> &amp; ne seroit pas<lb/>

certain que le <m>metal</m> courust tant Ainsy quand<lb/>

tu en vouldras mouler Choisis des mediocres<lb/>

&amp; fais le plan <del>qu</del> en sorte quelles ayent les aisles<lb/>

a demy repliees pourceque en ceste sorte elles<lb/>

viendront mieulx mays munis le bort des aisles<lb/>

de <m>cire</m> co<exp>mm</exp>e tu scais pour bien abreuver le gect</ab>

</div>
</root>
