<root>
<page>147v</page>

<image>http://gallica.bnf.fr/ark:/12148/btv1b10500001g/f300.image</image>

<div>

<id>p147v_1</id>

<head><figure>+</figure> Gect de <m>cuivre</m> allie de
<m><figure>☾</figure></m><lb/>

qui est co<exp>mm</exp>e <m>soubdure fort basse</m> <figure>/</figure>
ard<ill/><lb/>

et <m>vieulx K</m> et quelque R<ill/> sur xii</head>

<ab>Jen ay gecte le plus net que jay veu en fort petites figures<lb/>

&amp; tanvre co<exp>mm</exp>e <m>papier</m> Jay gecte fort chault dans
le <tl>moule</tl><lb/>

tout rouge Et ay mis dans la matiere fondue de<add>s</add>
<del>ceste</del><lb/>

deulx <del>matieres</del> compositions qui font courre l<m>argent</m>
&amp; ay<lb/>

faict co<exp>mm</exp>e si jeusse vouleu gecter <m>argent pur</m> Ceste
ligue est<lb/>

blanche au <tl>bullitoire</tl> co<exp>mm</exp>e tout alliage qui tient
tant soict<lb/>

peu de <m><figure>☾</figure></m> pour gecter quelque chose delicat use
de ceste cy</ab>

</div>

<div>

<id>p147v_2</id>

<head><m>Luth</m></head>

<ab>Il nen y a poinct de meilleur que celuy <del>qui ha</del>
duquel<lb/>

tu as moule scavoir des lopins de tes <tl>moules</tl> Mays il fault
choisir des mieulx recuits</ab>

</div>

<div>

<id>p147v_3</id>

<head><tl>Crusol</tl></head>

<ab>Prens garde quil soict trois <ms><bp>doigts</bp></ms> de
<del>fe</del> la bouche<lb/>

du <tl>souflet</tl> &amp; que ledict <tl>souflet</tl> batte
dess<del>us</del>oubs le cul du<lb/>

<tl>crusol</tl> aultrem<exp>ent</exp> il le refroidiroit</ab></div>

<div>

<id>p147v_4</id>

<head>Gect de <m>letton</m></head>

<ab>Jay prins de celuy de <tl>poilonnes de <m>letton</m> qui sont
battues<lb/></tl>

<tl>&amp; forgees tanvres</tl> <del>I</del>Layant bien chaufe je y ay
gecte<lb/>

deulx ou trois <ms>grains co<exp>mm</exp>e <pa>pois</pa></ms> de <m>sel
armoniac</m> Cela<lb/>

la esclarcy co<exp>mm</exp>e un mirouer Estant fort blanc de force<lb/>

destre chault Jy ay gecte de la <m>calamine crue &amp; pure<lb/>

pulverisee</m> Je lay gecte en son <tl>moule</tl> tout rouge Il est<lb/>

venu fort net &amp; tanvre co<exp>mm</exp>e <m>papier</m> &amp; creux
par le revers<lb/>

Mays pourcequil avoit chappe Je lay recuit cest<lb/>

a dire rougy lay laisse refroidir puys lay mis au<lb/>

blanchiment dune <ms>partye</ms> de <m>tartre crud</m> &amp; de la
<ms>moictie</ms><lb/>

de <m>sel commun</m> Ayant bien bouilly je lay
<tl>grattebroisse</tl><lb/>

en <m>eau clere</m> Et pourceque la premiere foys il nestoit</ab>

<ab>

<margin>left-middle</margin>

Ne le laisse<lb/>

pas froidir en<lb/>

fondant Il faict<lb/>

tousjours une<lb/>

queue co<exp>mm</exp>e <m>verre<lb/>

fondu</m> a cause<lb/>

de la <m>calamine</m><lb/></ab>

<ab>

<margin>left-middle</margin>

communem<exp>ent</exp> le <m>letton<lb/>

doulx de poelonne</m><lb/>

vient rouge du gect<lb/>

mesmem<corr><exp>ent</exp></corr> quand il<lb/>

est long temps au<lb/>

foeu <del>m</del> pourceque la <m>calamine</m> sexhale<lb/>

Mays le <m>letton aigre de chandelier</m> vient jaulne &amp; la
<m>limaille despingle</m></ab>

<cont/>

</div>
</root>
