<root>
<page>032r</page>

<image>http://gallica.bnf.fr/ark:/12148/btv1b10500001g/f69.image</image>

<div>

<id>p032r_1</id>

<head>Corps de cuirasse</head>

<ab>Les lames haultes de lespauliere du brassard sont<lb/>

co<exp>mm</exp>e chef doeuvre des <pro>maistres</pro> car il fault que
ces pieces<lb/>

soient fort exactem<exp>ent</exp> vuides &amp; adjoustees affin que le
mouvem<exp>ent</exp><lb/>

soict libre Les corps de cuirasse doibvent estre fort<lb/>

uniment battus &amp; menes avecq le <tl>marteau</tl></ab>

<ab>Les morrions de <pl>milan</pl> sont tous dune piece &amp; par
ainsy<lb/>

meilleurs que ceulx qui sont de deulx</ab>

</div>

<div>

<id>p032r_2</id>

<head><pro>Painctre</pro></head>

<ab>Aussi tost que les couleurs des tableaulx sont bien seiches<lb/>

Les <pl>flamans</pl> les vernissent pourceque elles ne se meurent<lb/>

point plus quelles sont &amp; demeurent en cet estat</ab>

<ab>Celuy qui scaict bien travailler a <m>destrempe</m> travaillera<lb/>

bien a <m>huile</m> Mays au contraire celuy qui scait bien<lb/>

travailler a <m>huile</m> ne travaillera pas a <m>destrempe</m></ab>

</div>

<div>

<id>p032r_3</id>

<head>Pour coucher l<m>or</m> a destrempe</head>

<ab>Les <pro>scribes</pro> &amp; <pro>painctres</pro> vulgaires font de
la <m>batture</m><lb/>

cest <m>colle de <pro>menusier</pro></m> destrempee en <m>eau</m> sur le
foeu mediocrem<exp>ent</exp><lb/>

claire meslee de fort peu de <m>miel</m> cest a scavoir quelques<lb/>

<ms>gouttes</ms> pour faire griper Et en forment des lettres ou<lb/>

ce quilz veulent <m>dorer</m> avecq le <tl>pinceau</tl> Et bien
tost<lb/>

apres couchent l<m>or</m> Mays jamays ilz ne font leur<lb/>

ouvrage bien net Et sil y a beaucoup de <m>miel</m> cela ne<lb/>

seiche qua grand peine Ceste couche se deffaict <env>a la
pluye</env></ab>

<ab>Aultres font mieulx Ilz destrempent du <m>sucre candy</m><lb/>

en <m>eau</m> et le meslent avecq de la <m>sanguine</m> quilz
appellent<lb/>

<m>cocon</m> fort braye y adjoustant un peu de <m>savon</m> Cestuy<lb/>

se faict net &amp; rend l<m>or</m> beau si on en faict son assiette</ab>

</div>
</root>
