<root>
<page>148r</page>

<image>http://gallica.bnf.fr/ark:/12148/btv1b10500001g/f301.image</image>

<div>

<cont/>

<id>p147v_4</id>

<ab>pas venu si cler que je desirois je lay encore recuit<lb/>

laisse froidir remis au blanchiment &amp; <tl>grattebroisse</tl> Il
est<lb/>

venu fort net Ainsy feras tu du <m>cuivre</m> et <m>argent</m> Et si tu
veulx donner @</ab>

</div>

<div>

<id>p148r_1</id>

<head>Belle couleur au <m>letton</m></head>

<ab>Layant bien nettoye co<exp>mm</exp>e dict est &amp; bien
<tl>grattebroisse</tl><lb/>

fais le bouillir en <m>eau</m> &amp; <m>racine de <pa>cucurme</pa> ou
<pa>terra merita</pa></m><lb/>

et il viendra tres beau</ab>

</div>

<div>

<id>p148r_2</id>

<head><m>Blanchime<exp>n</exp>t</m></head>

<ab>Si cest pour <m>argent</m> Ne pile pas ton <m>tartre</m> avecq
du<lb/>

<m>fer</m> ains avecq le <tl>manche du marteau</tl> Car si tu
touches<lb/>

&amp; trempes du <m>fer</m> en ton <m>blanchiment</m> l<m>argent</m>
viendroit<lb/>

rouge co<exp>mm</exp>e <m>cuivre</m> &amp; te le fauldroit recuire &amp;
remectre<lb/>

au <m>blanchiment</m> Ne mesle rien avecq ton <m>tartre</m> qui ne<lb/>

doibve entrer au <m>blanchiment</m> car cela le corromp Ne le<lb/>

laisse pas verser hors son premier bouillon Car en cela<lb/>

est toute sa force Le <m>blanchiment</m> se faict dune
<ms>partye</ms><lb/>

de <m>tartre pulverise</m> &amp; la <ms>moictie</ms> de <m>sel
commun</m></ab>

</div>

<div>

<id>p148r_3</id>

<head>Mouler pied de <al>butor</al> ou<lb/>

d<al>aigle</al> ou daultres <al>oyseaulx</al> pour<lb/>

@ pied de salieres ou vases</head>

<ab>On moule communement le pied &amp; la jambe jusques au jarret<lb/>

Et pour cet effect on le moule a cinq pieces la jambe de<lb/>

deulx pieces le dessus du pied en deulx et le dessoubs dune<lb/>

piece</ab>

<ab><margin>left-middle</margin>de trois pieces</ab>

</div>

<div>

<id>p148r_4</id>

<head><m><la>Crocum ferri</la></m></head> @

<ab>Pour le faire bien tost rougis la <m>limaille</m> dans une
<tl>caisse de <m>fer</m></tl><lb/>

le remuant souvant puys arrouse le de <m>bon vinaigre</m> &amp; le
laisse evaporer<lb/>

&amp; sans loster de dessus le foeu laisse le rougir &amp; enflammer
esta<exp>n</exp>t froid<lb/>

pulverise le sur le <tl><m>mabre</m></tl> &amp; le retourne au foeu
<del>rou</del> arrouse de <m>vinaigre</m><lb/>

Et puys enflamme Ainsy il sera bien tost colore &amp; subtilie</ab>

</div>
</root>
