<root>
<page>050v</page>

<image>http://gallica.bnf.fr/ark:/12148/btv1b10500001g/f106.image</image>

<div>

<id>p050v_1</id>

<head><al>Oysillons</al></head>

<ab>Les <al>benarris</al> chantent <tmp>la nuict</tmp> si on les laisse
<env>au serain</env><lb/>

mays ilz sont meilleurs pour engraisser pour les delicates<lb/>

tables que pour le chant Les <al>pincons</al> sont subgects a venir<lb/>

aveugles &amp; les yeulx leur viennent enfles au
<tmp>comma<exp>n</exp>cem<exp>ent</exp> daougst</tmp><lb/>

Les <al>chardonnerets</al> ayment fort la graine de <pa>lettue</pa>
&amp; souvent<lb/>

on les prend sur les <pa>laictues grainees</pa> aulx <env>jardins</env>
avecq deulx<lb/>

<tl>gluons</tl> Mays pourceque tel ordinayre pour eulx seroit trop<lb/>

cher On les nourrist ordinayrem<exp>ent</exp> de <pa>chenevi</pa> La
<al>passe solitaire</al><lb/>

se purge avecq une <m><al>iraigne</al></m> quil luy fault donner
<ms><tmp>une fois<lb/>

la sepmaine</tmp></ms> affin quelle ne vienne poinct de
gaillardisse<lb/>

La <al>calandre</al> se purge avecq du <m>mortier sec</m> compose
de<lb/>

<m>chaulx</m> &amp; sable pour la garder de venir de gallardise<lb/>

&amp; sengraisser trop Les petits <al>oisillons</al> se purgent<lb/>

avecq le mesme <m>mortier sec</m> leur en mectant quelques<lb/>

lopins dans leur <tl>cages</tl> Le <al>coquu</al> pond au nid du
<al>benarris</al><lb/>

aultrem<exp>ent</exp> dict <al>verdaule</al> Cest <al>oiseau</al> est
fort simple Jen ay<lb/>

aultrefois donne conge a deulx qui <tmp>a divers jours</tmp>
revindrent<lb/>

se rendre a leur cage Pour nourrir les petits
<al>chardonnerets</al><lb/>

il fault <tl>piler</tl> des <m><pa>amendes</pa></m> avecq <del>de la
<m>mie</m></del> <m><add>fort petit de mie</add> de pain</m> et de<lb/>

la <m>graine de <pa>lettue</pa></m> ou de la <m>graine de
<pa>chenevi</pa></m> Si cest<lb/>

pour <al>linotte</al> de la <m><pa>navette</pa></m></ab>

</div>

<div>

<id>p050v_2</id>

<head><m>Acier</m> corroye et <tl>limes</tl></head>

<ab>L<m>acier</m> dont communem<exp>ent</exp> les <pro>mareschaulx</pro>
&amp; <pro>ouvriers de <m>fer</m></pro> se servent<lb/>

nest pas affine co<exp>mm</exp>e celuy d<pl>allemaigne</pl> ne celuy de
<pl>biscaye</pl> qui est reduict en<lb/>
durte <del>p</del> dans le bain dun <m>fer fondu</m> Mays
<del>seulem<exp>ent</exp></del> aulx <m>barres de fer</m><lb/>

qui se portent en platte des <env>forges de <pl>foix</pl></env> &amp;
ailleurs il y en ha de<lb/>

plus dur &amp; plus blanc &amp; plus fin que laultre venant ainsy de
la<lb/>

<env>mine</env> Et les <pro>ouvriers</pro> le choisissent &amp;
lapliquent co<exp>mm</exp>e laultre <m>acier</m> Et<lb/>

pourceque quil procede du <m>fer commun</m> ilz lappellent <m>fer
fort</m> Mays il<lb/>

nest point si excellent que l<m>acier purifie</m> co<exp>mm</exp>e celuy
d<pl>allemaigne</pl> &amp; <pl>biscaye</pl><lb/>

qui se vend en <ms>petites billes</ms> Aulcuns corroyent l<m>acier</m>
Luy donnant<lb/>

une chaulde puys le trempent <del>&amp; <m>eau</m></del> en grande
quantite d<m>eau</m> puys le<lb/>

forgent &amp; l<m>acier fin</m> qui est brusc se rompt et esmie &amp; le
<m>fer</m> se laisse<lb/>

estendre Ainsy ilz separent <m>le plus fin acier</m> <del>&amp;</del>
lequel avecq une<lb/>

aultre chaulde ilz reduisent en masse Les <pl>allemans</pl> font leur
<tl>limes</tl><lb/>

de <m>fer fort</m></ab>

<ab>

<margin>left-middle</margin>
On aplique l<m>acier</m><lb/>

aulx houtils <del>dess</del> non<lb/>

pas des deulx costes<lb/>

Mays dessoubs lendroit<lb/>

ou lon les affuste &amp;<lb/>

aiguise &amp; de ceste part<lb/>

ilz doibvent estre de <m>fer<lb/>

fort doulx</m></ab>

<ab>

<margin>left-middle</margin>
Les <pl>levantins</pl> raffinent<lb/>

n<exp>ost</exp>re <m>acier</m> car leur pays<lb/>

ne leur en porte point Et<lb/>

le font recuire dans un<lb/>

<tl>pot</tl> avecq du <m>bitum</m> &amp;</ab>

</div>
</root>
