<root>
<page>157r</page>

<image>http://gallica.bnf.fr/ark:/12148/btv1b10500001g/f319.item.r=</image>

<div>
<id>p157r_1</id>
<head>Moyen des <pro>orfevres</pro> pour mouler<lb/>

creux</head>

<ab>Ils moulent en deulx <tl><m>os de <al>seiche</al></m></tl> leur
animal ou aultre<lb/>

ouvrage solide quilz ont ou desja faict ou esbauche en <m>cire</m><lb/>

&amp; gecte en <m>plomb</m> Comme il est bien emprainct dans les
deulx<lb/>

<tl><m>os de <al>seiche</al></m></tl> ilz mectent entre ces deulx
<tl><m>os</m></tl> un <tl><m>papier</m></tl><lb/>

&amp; joignent les <tl><m>os</m></tl> &amp; gectent Louvrage vient party
par<lb/>

moictie Et puys avecq <del>ch</del> un <tl>chaple</tl> ils cavent
aussy<lb/>

subtils quilz leur plaist les deulx moities gectees d<m>or</m> ou<lb/>

d<m>argent</m> Et puys les <m>souldent</m> ou brasent</ab>

</div>

<div>
<id>p157r_2</id>
<head><m>Rouge cler</m></head>

<ab>Aulcuns <pro>orfevres</pro> lesprouvent sur de l<m>or <del>esp</del>
battu tanvre</m><lb/>

&amp; bien bruny avecq le <tl>chaple</tl> Mays il est mieulx de
lesprouver<lb/>

sur un <m>lingot dor</m> Et esprouver aussy en ouvrage ou
gra<exp>n</exp>d<lb/>

ou fantasque tes matieres Pourceque si elles paroissent<lb/>

bien en grand ouvrage &amp; extraordinaire Elles se
demo<exp>n</exp>strent<lb/>

excellentes en ouvrage commun </ab>

</div>

<div>
<id>p157r_3</id>
<head>Nettoyer et desgraisser<lb/>

tes ouvrages gectes d<m>estain</m><lb/>

et aultres</head>

<ab>Fais de la <m>lessive</m> curieuse<exp>m</exp>ent passee par de
<m>bonnes<lb/>

cendres</m> et co<exp>mm</exp>e elle sera recente &amp; point grasse
Fais<lb/>

y bouillir ton ouvrage moule Et le <m>suif</m> et <m>gresse</m> sen
p<exp>ar</exp>t</ab>

</div>

<div>
<id>p157r_4</id>
<head>Disposer lherbe ou fleur pour<lb/>

gecter</head>

<ab>Mets tousjours a lenssus le principal envers de la chose<lb/>

pourcequil vient mieulx et plus net que le bas<lb/>

Fais le gect large &amp; que le <df>supraplus</df> (qui est la
masse<lb/>

aulx <pro>fondeurs</pro>) de grand gect <del>Et</del>
mesmem<exp>en</exp>t pour l<m>argent</m> qui veult<lb/>

le <tl>moule</tl> bien chault &amp; estre gecte fort chault<lb/>

Les choses fort tanvres veulent estre gectees fort chault</ab> @

<ab>
<margin>left-middle</margin>

Quand tu<lb/>

cognois que la<lb/>

tige dune fleur<lb/>

bruslee dans<lb/>

le <tl>moule</tl> qui<lb/>

ne souvre point<lb/>

est bien reduicte<lb/>

en <m>cendre</m><lb/>

cest signe que<lb/>

le reste est bien brusle</ab>

</div>

<div>

<id>p157r_5</id>
<head><al>Mousches</al></head>

<ab>Elles se moulent<lb/>

mieulx sur une<lb/>

foeille seule que<del>n</del><lb/>

sur un bouquet<lb/>

ou fleur ou<lb/>

branche dherbe<lb/>

pourceque la<lb/>

foeille seule<lb/>

se moule a<lb/>

deulx moicties<lb/>

qui estant recuits<lb/>

se peuvent ouvrir<lb/>

et bien nettoyer<lb/>

&amp; le gect si fait<lb/>

mieulx Advise<lb/>

en prenant la<lb/>

<al>mouche</al> de ne<lb/>

rompre pas les<lb/>

jambes &amp; de ne<lb/>

la laisser pas<lb/>

trop secher<lb/>

car lors les jambes<lb/>

tombent Et si cela tadvient <m>colle</m> avecq <m>colle<lb/>

de <al>poisson</al></m> les mesmes jambes et avecq <m>cire</m><lb/>

ou bien adaptes en de <m>poil de <al>porc</al></m> ou de<lb/>

<m>corde d<mu>espinette</mu></m> Arreste la foeille<lb/>

sur la <tl>platene d<m>ardille</m></tl> avecq deux<lb/>

<tl>poinctes</tl> Et la<lb/>

<al>mouche</al> avecq<lb/>

une <tl>poincte</tl><lb/>

au milieu du<lb/>

corps &amp; les pattes avecq de la <m>cire</m></ab>

</div>
</root>
