<root>
<page>073r</page>

<image>http://gallica.bnf.fr/ark:/12148/btv1b10500001g/f151.image</image>

<div>

<id>p073r_1</id>

<head>@<comment>c_073r_01</comment> Pour faire <m>vernys pers</m></head>

<ab>Prenes du <m>pers de fleurs <add>de fleuree ou de
<pl>Flandres</pl></add></m> &amp; de la <m>chault vifve</m> Et mettes de
l<m>eau</m><lb/>

dessus environ quatre <ms><bp>doigts</bp></ms> et le laisses tremper ung
<ms><tmp>Jour</tmp></ms> / prenes<lb/>

de l<m>eau</m> ou lad<exp>icte</exp> <m>chault</m> a trempe Et mectes
v<exp>ost</exp>re <m>pers</m> avecq Et le<lb/>

poser sans le <m>boys</m></ab>

</div>

<div>

<id>p073r_2</id>

<head>Pour Couleur dorange</head>

<ab>Prenes de l<m>eau</m> ou la <m>chault</m> aura trempe Et Mectes du
<m>terroy<lb/>

merita</m> lung avecq lau<exp>tr</exp>e Et puys poseres sur
v<exp>ost</exp>re <m>boys</m></ab>

</div>

<div>

<id>p073r_3</id>

<head>Pour desgresser <m>os</m> ou <m>corne</m></head>

<ab>Il les fault faire bouillir dans la <m>chault vive</m> Et quil y
ayt<lb/>

tousjours de l<m>eau</m> Et prenes une <tl>casse</tl> bien necte Et
quand Ilz seront<lb/>

laves les feres bouilhir dans de la <m>Cendre de <pl>serment</pl></m> et
les<lb/>

mectres dedans un <tl>pot</tl> le plus chault q<exp>ue</exp> pourres et
mectres dedans<lb/>

le <tl>pot de l<m>eaue des <pro>orfevres</pro></m></tl> du <m>vert de
gris</m> Et laisser Lespace de<lb/>

quelque temps et verres une Fort belle coulleur de verd</ab>

</div>

<div>

<id>p073r_4</id>

<head>Pour faire <m>boys</m> gris</head>

<ab>Prenes de l<m>alung</m> avecques de l<m>eau de Riviere</m> Faictes
bouilhir<lb/>

ensemble puis prenes <m>eau de Riviere</m> aveq du <m>son</m> et coules
le <m>son</m><lb/>

Et le bouttes ensemble prenes <m>limailhe de Fer</m> &amp; du
<m>souffre</m> &amp; du<lb/>

<m>verd de Gris</m> Et de la <add>@<comment>c_073r_03</comment>
<m>moullee</m></add> <gap/> Et faictes tout boulhir<lb/>

ensemble Et bouttes <m>boys d<pa>erable</pa></m> q<exp>ui</exp> aura
trempe dedans l<m>eaue<lb/>

dalung</m> et l<m>eaue despuis</m> &amp; le mectres bouillir ensemble
<add>@Le tout se<lb/>

Fera mieulx dedans ung <m>Grais</m> Cruze</add></ab>

</div>

<div>

<id>p073r_5</id>

<head>Pour faire <m>bronze</m> a couleur dor</head>

<ab>Prenes une <ms>once</ms> de <m>sel armoniac</m> Et les broyes dans
ung<lb/>

<tl>mortier de <m>fer</m></tl> Estant bien broye prenes une
<ms>once</ms> de <m>soufre</m> Et le</ab>
<cont/>

</div>
</root>
