<root>
<page>030v</page>

<image>http://gallica.bnf.fr/ark:/12148/btv1b10500001g/f66.image</image>

<div>

<cont/>

<id>p030r_2</id>

<ab>quelque escuelle ou assiette ilz eslargissent &amp; deffont<lb/>

avecq un coup de <tl>marteau</tl> les coings de <m>fer</m> qui
jouent<lb/>

aulx branches de la <tl>roue</tl> Et co<exp>mm</exp>e ilz sont a la
coche et<lb/>

poincts quil leur fault il serrent lesdicts coings les<lb/>

coignant avecq le <tl>marteau</tl></ab>

<ab>Quand leurs plats ou escuelles sont este gectes resouldes<lb/>

si besoing est &amp; repurges des baves dalentour avecq le<lb/>

<tl>souldouer</tl> chault &amp; puys avecq une grosse <tl>raspe</tl>
Ils<lb/>

ladaptent sur la <tl>roue</tl> &amp; premierem<exp>ent</exp> ilz
entournent leur <del><tl>desgrusoue</tl></del><lb/>

<tl>desgrusouer</tl> dune <tl>corde</tl> grosse <tl>corde</tl>
co<exp>mm</exp>e le <ms><bp>petit doigt</bp></ms> &amp;<lb/>

lapuyent ferme sur la <tl>barre</tl> traversante pour le bien
asseurer<lb/>

Et pendant quun aultre tourne la <tl>roue</tl> promptem<exp>ent</exp>
ilz<lb/>

conduisent le trenchant de l<tl>esgrusouer</tl> avecq la
<tl><bp>main</bp></tl> <del>s</del> au<lb/>

bord du rond cave &amp; doulcem<exp>ent</exp> le conduisent jusques au
centre<lb/>

du rond Et ce <tl>desgrusouer</tl> est pour oster les premieres<lb/>

peaulx rudes &amp; grumeleuses de louvrage Et apres ilz lunissent<lb/>

avecq une <tl><m>fer</m> coupa<exp>n</exp>t</tl> apelle la
<tl>plane</tl> Le tranchant duquel<lb/>

ilz frottent avecq un peu de <m>potee</m> sur du <m>cuir</m>
<tl>cloue</tl> sur<lb/>

un lopin de <m>bois</m> <del>ayant</del> Et ce en telle sorte que la
chair<lb/>

ou fleur soict par dehors Car si le tranchant de ceste<lb/>

<tl>plane</tl> nestoict ainsy frotte &amp; bruny il ne poliroit
<del>pas</del> &amp;<lb/>

bruniroit pas l<m>estain</m> <del>au</del> qui demeurroit blanc &amp;
non pas<lb/>

noir &amp; bruny co<exp>mm</exp>e un mirouer Au surplus ilz reparent
avecq<lb/>

ceste <tl>plane</tl> pour la seconde fois louvrage co<exp>mm</exp>e ilz
ont<lb/>

faict avecq l<tl>esgrusouer</tl> Puys avecq un <tl>costeau</tl> ou<lb/>

aultre <tl><m>fer</m> tranchant</tl> ilz raclent les bords des
plats<lb/>

ou assiettes pour les adoulcir affin quilz ne se trouvent<lb/>

trenchants en les maniant</ab>

<cont/>

</div>
</root>
