<root>
<page>138v</page>

<image>http://gallica.bnf.fr/ark:/12148/btv1b10500001g/f282.item.r=</image>

<div>
<id>p138v_1</id>
<head><m>Talc</m> mesle aulx <tl>moules</tl></head>

<ab>Jay prins de celuy duquel javoys tire l<m>huile</m> Je lay
broye<lb/>

encores fort subtillement <del>s</del> dans un <tl>mortier
d<m>acier</m></tl> avecq<lb/>

un <tl>pilon</tl> fort grumeleux co<exp>mm</exp>e une <tl>lime</tl> Je
lay rendu fort<lb/>

subtil &amp; en pouldre cottonee &amp; dumetteuse Je lay mesle<lb/>

avecq le sable &amp; lay destrempe ensemble &amp; lay gecte en<lb/>

noyau Il ha moule <del>en no</del> tresnet &amp; ne fault point<lb/>

doubter quil ne tienne au foeu</ab>

</div>

<div>
<id>p138v_2</id>
<head><m>Or</m> gecte fort tanvre</head>

<ab>Quand promptement les <pro>orfevres</pro> ont affaire de
<m>souldure</m><lb/>

et nont pas loisir den <tl>forger</tl> ilz en fondent d<m>or</m> Et<lb/>

puys le gectent sur un <tl><m>linge</m></tl> ou aultre <tl>chose qui
soubstiene<lb/></tl>

<tl>le foeu</tl> Et soubdain laplatissent avecq un <tl>marteau</tl> ou
chose<lb/>

semblable Et il se trouve fort tanvre &amp; recoit mesmes<lb/>

limpression du <tl><m>linge</m></tl></ab>

<ab>L’<m><rub>or fin</rub> non alie</m> se peult bien gecter en
medaille<lb/>

mays non pas en herbes &amp; <al>lesards</al> &amp; choses fort<lb/>

subtilles sil nest allie</ab>

<ab>Une <pa>pensee</pa> oincte d<m>huile de <pa>froment</pa></m> se
peult bien gecter en<lb/>

<m>or allie</m></ab>

<ab>Et aultres foeilles deliees mays que la branche ne soit<lb/>

pas grande et les foeilles particulierem<corr><exp>ent</exp></corr>
gectees se peuvent<lb/>

<m>soubder</m>.</ab>

</div>

<div>
<id>p138v_3</id>
<head><m>Diamants contrefaicts</m> mis en<lb/>

oeuvre</head>

<ab>Donne une legere couche au dedans du chatton de <m>cire
noire</m><lb/>

pour esbaucher Puys oings ce dedans ainsy <m>cire</m> d<m>huile de<lb/>

<pa>froment</pa></m> &amp; puys pouldre cela de <m>fumee de lampe</m>
Car il ne<lb/>

fault pas que <del>ceste</del> ce tainct aye lustre pour <m>pierres
faulces</m><lb/>

Cela faict poses y ta <m>pierre</m> <del>&amp; puys</del> avecq un bout
de <m>cire</m><lb/>

puys avecq une <tl>poincte d<m>acier</m></tl> &amp; un <tl>martelet a
tatiner</tl> joincts<lb/>

les bords du chatton a la <m>pierre</m> affin que le <env>jour</env> ny
entre point<lb/>

Mays garde de frapper la <m>pierre</m> qui se romproit</ab>

</div>
</root>
