<root>
<page>160r</page>

<image>http://gallica.bnf.fr/ark:/12148/btv1b10500001g/f325.item.r=</image>

<div>
<id>p160r_1</id>
<head><tl>Presse</tl> pour les grands <tl>moules</tl></head>

<figure>

<id>fig_p160r_1</id>

<link>https://drive.google.com/open?id=0B9-oNrvWdlO5ZDNJT25PWjlUbGM</link>

</figure>

<figure>

<id>fig_p160r_2</id>

<margin>right-middle</margin>

<link>https://drive.google.com/open?id=0B9-oNrvWdlO5MEUzMjhxUVl1ZTA</link>

</figure>

<ab>Ce sont deulx <tl>lamines de <m>fer</m></tl> attachees par quattre
<tl>petits<lb/>

piliers de <m>fer</m></tl> de telle sorte toutes foys que<del>lles</del>
<add>la superieure</add> puysse<del>nt</del> librem<exp>ent</exp><lb/>

jouer &amp; courir le long des <tl>piliers</tl> &amp; que celle de bas
soict<lb/>

arrestee Au bout des <tl>piliers</tl> sarreste une croix de
<pn>S<exp>ainc</exp>t Andre</pn><lb/>

de <m>fer</m> au milieu de laquelle est une <tl>vis</tl> qui sarre les
<tl>lamines</tl><lb/>

contre les <tl>moules</tl> qui sont entre deulx<lb/>

Ou bien pour les petits <tl>moules</tl> on fait un <tl>chassis</tl>
&amp; ayant<lb/>

mis les <tl>moules</tl> entre deulx <tl>lames de <m>fer</m></tl> on
<del>pose</del> le sarre dans<lb/>

le <tl>chassis</tl> avecq des <tl>coings</tl><lb/>

Les <tl>grandes presses de <m>bois</m> faictes a vis</tl> oultre ce
quelles<lb/>

sont lourdes a mectre aupres de la <tl>forge</tl> pour gecter On ne
peult<lb/>

pas cognoistre quand elle sarrent trop &amp; bien souvent elles<lb/>

rompent le <tl>moule</tl></ab>

<ab>
<margin>left-middle</margin>
La <tl>vis</tl> est rivee<lb/>

a cest <tl>estrier</tl> qui<lb/>

est <tl>cloue</tl> sur la<lb/>

<tl>platene</tl> de dessus<lb/>

&amp; par ce moyen<lb/>

la haulsse &amp; la<lb/>

<tl>presse</tl></ab>

</div>

<div>
<id>p160r_2</id>
<head>Sable pour fleurs</head>

<ab>Sil est gecte espes il agrave trop les fleurs &amp; les reserre
&amp; reduit<lb/>

co<exp>mm</exp>e amassees ensemble Advise doncq de le destremper cler
&amp; fort<lb/>

soufler plustost que la fleur ne soict couverte gecte au coste du<lb/>

<tl>moule</tl> Et destrempa<exp>n</exp>t le sable il ne fault
seulem<corr><exp>ent</exp></corr> tourner la<lb/>

<tl>pallette</tl> Mays battre le sable dans l<m>eau</m> co<exp>mm</exp>e
si tu battois<lb/>

de la <m>glaire doeuf</m></ab>

</div>
</root>
