<root>
<page>062v</page>

<image>http://gallica.bnf.fr/ark:/12148/btv1b10500001g/f130.item.</image>

<div>

<id>p062v_1</id>

<head>Portraire</head>

<ab>Il fault pourtraire a l<tl><bp>oeil</bp></tl> sans <tl>compas</tl>
ne <tl>regle</tl> pour se<lb/>

rendre <pro>artiste</pro> les <pro>maistres</pro> ne le permectent pas
aulx<lb/>

<pro>aprentis</pro></ab>

<ab>Quand limpression est de <tmp>long temps</tmp> faicte elle
sengraisse<lb/>

il la fault frotter avecq de la <m>cendre</m> &amp; de l<m>eau</m></ab>

</div>

<div>

<id>p062v_2</id>

<head>Perspective</head>

<ab>Pour cognoistre le poinct il fault coucher une <tl>regle</tl><lb/>

sur les lignes &amp; a la desmenee dicelles le poinct sera<lb/>

Aucuns font un pertuis au bout de leurs <tl>regles</tl> pour
assurer<lb/>

le poinct par ce pertuis &amp; faire jouer la <tl>regle</tl>
Aultres<lb/>

couchent une <tl>regle</tl> au travers du tableau puys sur icelle<lb/>

<tl>regle</tl> couchee posent la <tl>poincte dune aultre regle</tl>
laquelle<lb/>

fichee sur laultre par le moyen dune <tl>vis</tl> joue &amp;
sestend<lb/>

la ou il est besoing sans perdre le point<lb/>

La <tl>regle</tl> et <tl>compas</tl> sans le <tl>jugem<exp>ent</exp> de
l<bp>oeil</bp></tl> font errer<lb/>

perspective est tres difficille

<figure>

<id>fig_p062v_1</id>

<link>https://drive.google.com/open?id=0B9-oNrvWdlO5ZkRNOG9hZmpMT2M</link>

</figure></ab>

<ab>

<margin>left-middle</margin>

Pour paindre perspective<lb/>

a <m>huile</m> il ne fault pas<lb/>

que tu serves de <tl>regle</tl><lb/>

car tu brouilleras<lb/>

tout Mays il fault<lb/>

quen couchant tes<lb/>

couleurs tu gardes<lb/>

<del>les</del> &amp; suives les lignes<lb/>

de ton premier desseing</ab>

<ab>Pour faire aussy les <tl>lignes a <m>plomb</m></tl> qui sont du
hault<lb/>

du tableau <del>pour faire</del> <del>vif</del> venant en bas il te
fault<lb/>

avoyr un <tl><m>fil</m></tl> ou quelque <m>plomb</m> soict attache par
un bout<lb/>

&amp; par laultre un petit <tl>crochet</tl> pour pendre ledict
<tl><m>filet</m></tl><lb/>

au hault du tableau

<figure>

<id>fig_p062v_2</id>

<margin>left-bottom</margin>

<link>https://drive.google.com/open?id=0B9-oNrvWdlO5X0hKa0FueWdjMFk</link>

</figure></ab>

</div>

<div>

<id>p062v_3</id>

<head>Tableau</head>

<ab>Il fault pour pourtraire &amp; coucher les couleurs
mesmem<exp>ent</exp> a<lb/>

<m>huile</m> que tu tiennes ton tableau le plus droict sur le
<tl>chevalet</tl><lb/>

quil te sera possible car sil est panche il y a danger que quelque<lb/>

poulsiere &amp; ordure ne si attache Tiens net &amp; sans poulsiere<lb/>

Le lieu ou tu pains</ab>

</div>
</root>
