<root>
<page>130v</page>

<image>http://gallica.bnf.fr/ark:/12148/btv1b10500001g/f266.item</image>

<div>
<id>p130v_1</id>
<head>Mouler un <al>chancre</al></head>

<ab>Cest un secret et chef doeuvre de le bien mouler
pourceq<exp>ue</exp><lb/>

il y faut proceder aultrement quaulx aultres animaulx<lb/>

A cause que sa coquille est fort difficille a <del>mou</del>brusler,
&amp;<lb/>

pour ceste occasion il <del>le</del> fault quelque fois recuire<lb/>

le <tl>moule</tl> trois ou quattre foys Et avecq tout cela il<lb/>

laisse une crouste dure grise co<exp>mm</exp>e <m>cendre</m> Mays
pourceq<exp>ue</exp><lb/>

il ne se moule pas dune piece &amp; dun gect co<exp>mm</exp>e les
herbes<lb/>

Ains a deulx gects co<exp>mm</exp>e les <al>serpents</al> qui sont bien
en<lb/>

despouille On enleve ceste croste <add>non avecq <m>vif argent</m> qui
ny <man><margin>left-middle</margin>feroit rien</man></add> apres quil
est ouvert<lb/>

avecq une forte subtile poincte de <tl>trancheplume</tl> avecq
dexterite<lb/>

tout ainsy que ces petites croustes du second gect qui<lb/>

entrent dans les retirements qua faict le sable ou<lb/>

lanimal moule Mays <del>la</del>A cause quil ha les pattes<lb/>

courbes Icy est la finesse &amp; secret de le despouiller<lb/>

Doncq co<exp>mm</exp>e tu las moule dun coste qui est par le dos<lb/>

a la facon des aultres Descouvre luy le ventre &amp;<lb/>

toutes ses pates courbes Fais ton second gect a la<lb/>

facon des aultres Mays co<exp>mm</exp>e il aura faict sa prise<lb/>

Garde toy bien douvrir le <tl>moule</tl> Que tu ne layes<lb/>

premierem<exp>ent</exp> fort recuit Aultrement a cause de ses<lb/>

pates courbes tu romprois tout En quoy gist la<lb/>

dexterite Si tu cognois apres lavoir bien recuit &amp;<lb/>

ouvert que la croste ne soict pas asses bruslee recuits<lb/>

tant quelle le fasse</ab>

<ab>
<margin>left-middle</margin>
Il se painct co<exp>mm</exp>e<lb/>

l<al>escrevisse</al></ab>

<ab>
<margin>left-middle</margin>
<del>Scavoyr</del> <add>Pour</add> louverture<lb/>

du <tl>moule</tl> il nest<lb/>

point besoing de le<lb/>

tremper Car estant<lb/>

recuit il souvrira<lb/>

de luy mesme</ab>

</div>
<div>
<id>p130v_2</id>
<head><al>Cerf volant</al></head>

<ab>Il est aussy difficille a brusler comme le <al>chancre</al>
parta<exp>n</exp>t<lb/>

fais pour luy co<exp>mm</exp>e tu as fait du <al>chancre</al></ab>

</div>
<div>
<id>p130v_3</id>
<head>@Pour mouler tanvre</head>

<ab>Apres que tu as moule en noyau l<del>a</del>e premier<del>e
figure</del> <tl>molle</tl><lb/>

laisse le bien seicher plustost que retirer la figure de
<m>cire</m><lb/>

<del>affin</del> affin que le <tl>moule</tl> ne se corrompe Apres fais
une petite<lb/>

lasagne de <m>paste</m> de telle espesseur que tu vouldras et ayant
oingt<lb/>

de <m>beurre</m> <del>ton</del> le cave de ton premier <tl>moule</tl>
cave adaptes y la <m>paste</m><lb/>

Et puys fais dessus le second <tl>moule</tl> Si tu oignois d<m>huile</m>
il<lb/>

semboiroit &amp; ne seroit pas si propre que le <m>beurre</m></ab>

</div>
</root>
