<root>
<page>123v</page>

<image>http://gallica.bnf.fr/ark:/12148/btv1b10500001g/f252.item.r=</image>

<div>

<cont/>

<id>p123r_1</id>

<ab>V<exp>ost</exp>re <m>luth</m> estant sec mectes de <ms><tmp>bon
matin</tmp></ms> v<exp>ost</exp>re <tl>crusol</tl> dans<lb/>

le <tl>four a vent</tl> &amp; au commancem<exp>ent</exp> donnes foeu
lent tant pour<lb/>

recuire v<exp>ost</exp>re <tl>crusol</tl> Que pour laisser
doulcem<exp>ent</exp> passer la<lb/>

furie du <m>salpestre</m> Puys vigores peu a peu &amp; avecq<lb/>

jugement le foeu Et <del>y</del> laisses en la plaine vigueur<lb/>

diceluy vos matieres 12 <ms><tmp>heures</tmp></ms> ou un <ms><tmp>jour
naturel</tmp></ms><lb/>

Faictes a chasque foys bonne quantite de ceste matiere<lb/>

pour ny tourner pas souvent a cause que <md>les fumees<lb/>

qui sont dangereuses te pourroient nuire</md> Et plustost<lb/>

qui travailler prens au <ms><tmp>matin</tmp></ms> une bonne <m>rostie
au<lb/>

beurre</m> Et tiens dudict <m>beurre</m> ou de la
<m><pa>zedoaire</pa></m> ou<lb/>

des <m>pieces dor</m> dans la <bp>bouche</bp> Et <del>ada</del> bande
toy le<lb/>

<bp>visage</bp> dune <tl>serviette</tl> despuys les <bp>yeulx</bp> en
bas De<lb/>

ceste masse la crouste te servira pour <del>faire courre</del>
<add>esclarcir</add><lb/>

<del>les grands ouvrages d</del> l<m>argent</m> <add>de la masse
<m>metallique</m></add> <del>comme <al>serpents</al> &amp;
semblables</del> <add>au commancement quil sera fondu</add><lb/>

<del>Mays</del> <add>Et puys</add> le grain qui sera au fond du
<tl>crusol</tl> se doibt<lb/>

reserver pour <del>les fleurs et les herbes delicates
principallem<exp>ent</exp></del> <add>en mectre un peu dans l<m>argent
fondu</m> quand tu le<lb/>

vouldras gecter</add><lb/>

<del>Toutesfois fault il tousjours mectre un peu de ce grain<lb/>

dans l<m>argent</m> quand <del>tu veulx gecter</del> il est bien fondu
et<lb/>

que tu es prest de gecter</del> Ainsy que tu fais de l<m>estaim<lb/>

fin</m> sur le <m>cuivre</m> &amp; de l<m>estaim de glace</m> sur le
<m>plomb</m> et<lb/>

<m>estaim</m> Et co<exp>mm</exp>e l<m>estaim de glace</m> aigrist trop
le <m>plomb</m> et<lb/>

l<m>estaim</m> si tu le mets en trop grande quantite Aussy ce grain<lb/>

compose des materiaulx susdicts aigriroit trop ton <m>argent</m><lb/>

si<del>l</del> tu en mectois trop <add>et lobscurciroit</add> Ceste
composition susdicte test suffisa<exp>n</exp>te<lb/>

pour long temps Quand elle ha este <ms><tmp>tout un jour</tmp></ms> au
foeu<lb/>

<del>doulx</del> doulx au commancement &amp; vigore de degre en degre
jusques<lb/>

a la fin Lors ayant faict une charge de charbon laisse<lb/>

le consumer de soymesme &amp; refroidir ton <tl>crusol</tl> Apres<lb/>

rompes le Vous trouveres deulx plastes &amp; tourtelles dures<lb/>

dans le <tl>crusol</tl> La superieure est co<exp>mm</exp>e lapidee
<del>Estant</del> composee<lb/>

des <m>sels sublimes</m> &amp; mesles ensemble Celle du fonds est<lb/>

<m>metallique</m> composee de <m>limailles</m> <m><la>aes ustum</la></m>
&amp; <m>antimoyne</m> aya<exp>n</exp>t<lb/>

le grain fort menu Pulverise la tourtelle superieure faicte<lb/>

de <m>sels</m> &amp; en mects pour esclarcir &amp; nettoyer
l<m>argent</m> Et le<lb/>

<m>grain metallic</m> te servira pour mectre dans le <m>metal
fondu</m></ab>

<ab>
<margin>left-top</margin>
foeu de charbon</ab>

<ab>
<margin>left-middle</margin>
Ou bien apres<lb/>

que tu as faict<lb/>

piler tes drogues<lb/>

par quelque <pro>rustique</pro><lb/>

Et les ayant<lb/>

disposees dans ton<lb/>

<tl>crusol</tl> &amp; iceluy<lb/>

luthe &amp; sec co<exp>mm</exp>e dict<lb/>

&amp; dispose dans le<lb/>

<tl>fourneau</tl> fais<lb/>

conduire le foeu<lb/>

par quelque <pro>garson<lb/>

de <env>boutique</env></pro> acoustume<lb/>

au charbon</ab>

<ab>
<margin>left-middle</margin>
On vend bien aulx<lb/>

<pro>orfevres</pro> ceste masse<lb/>

<m>metallique</m> pour<lb/>

attandrir leur<lb/>

<m>souldure</m> a cause<lb/>

quen fondant le<lb/>

<m>letton</m> sexale Et<lb/>

avecq un peu de<lb/>

ceste matiere ilz<lb/>

<m>souldent</m> sur laultre<lb/>

<m>souldure</m></ab>

</div>
</root>
