<root>
<page>053r</page>

<image>http://gallica.bnf.fr/ark:/12148/btv1b10500001g/f111.image</image>

<div>
<id>p053r_1</id>
<head><m>Soulder</m> un <tl>estoc</tl></head>

<ab>Il est bon que les joues de l<tl>estoc</tl> soient haultes pour y
former une<lb/>

longue piece Et que les joues joignent bien affin de serrer une
chose<lb/>

subtile Pour <m>soulder</m> l<tl>ancrou</tl> Apres que tu as forge la
<tl>vis</tl> tu <del>feras</del><lb/>

forgeras une longue <m>liste de fer</m> <del>quar</del> de telle
grosseur quelle puisse entrer dans<lb/>

lencochement de la <tl>vis</tl> estant rougie &amp; luy <del>po</del>
feras plier tout aultour<lb/>

la frapant du <tl>marteau</tl> Y estant bien <del>jo</del> entourne Tu
<del>la</del> feras<lb/>

entrer la <tl>vis</tl> <del>o</del> sur laquelle <del>est</del> elle est
entournee</ab>

</div>

<div>
<id>p053r_2</id>
<head><m>Cuivre</m></head>

<ab>Si au foeu &amp; a la fonte il touche le <m>fer</m> Ce <m>fer</m>
sera apres<lb/>

si aigre quil ne se pourra forger

</ab>

</div>

<div>
<id>p053r_3</id>
<head>Gect de <m>plomb</m></head>

<ab>On le mesle selon aulcuns <ms>moictie</ms> d<m>estain</m> &amp;
<ms>moictie</ms> <m>plomb</m><lb/>

et pour
lesch<del><ill/></del><add>afer</add><comment>c_053r_01</comment> on y
mesle un peu de <m>sublime</m> Il se gecte bien<lb/>

en petit dans l<tl><m>os de <al>seiche</al></m></tl> pourveu quil soict
bon</ab>

</div>

<div>
<id>p053r_4</id>
<head>Mouler de <m>papier</m></head>

<ab>Fais bouillir <add>sur <m>cendres</m>
chauldes</add><comment>c_053r_02</comment> du <m>cotton</m> en <m>eau
fort</m> meslee de <m>sel ammoniac</m><lb/>

co<exp>mm</exp>e <m>eau regale</m> Et le <m>cotton</m> viendra fort
subtil co<exp>mm</exp>e pouldre<lb/>

destrempe le apres avecq <m>eau gommee</m> &amp; mouleras fort
delicat</ab>

</div>

<div>
<id>p053r_5</id>
<head><pa>Amendiers</pa> <pa>abricots</pa></head>

<ab>Ils viennent bien droicts si on les hante Et touts arbres<lb/>

de noyau co<exp>mm</exp>e <pa>pavis</pa> <pa>mericotons</pa>
<pa>alberges</pa> <del>vie</del> <pa>abricots</pa> &amp; viennent<lb/>

mieulx hantes sur l<pa>amendier</pa> en escusson</ab>

</div>

<div>
<id>p053r_6</id>
<head>Gect de <m>plomb</m> et <m>cuivre</m></head>

<ab>Le <m>plomb</m> &amp; <m>estaim</m> vient bien en <m>croye
blanche</m> mays tant<lb/>

plus elle est doulce elle est meilleure Celle de
<pl>champaigne</pl><lb/>

obtient le prix qui se porte a <pl>lyon</pl> Les <m>os de
<al>cheval</al><lb/>

brusles &amp; calcines</m> moulent fort net</ab>

<ab>

<margin>left-bottom</margin>

<render>wide</render>

Je croy que la<lb/>

<m>moele des cornes<lb/>

des <al>boeufs</al></m> ou<lb/>

<m><al>mouton</al></m> cest a dire l<m>os spongieulx</m> de dedans<lb/>

moule fort net et est meilleure que l<m>os</m></ab>

<ab>

<margin>right-bottom</margin>

Note que tout <m>metal aigre vient mieulx que le gras</m> Aussy<lb/>

le <m>sable maigre le recoit mieulx &amp; le suppe que le dense</m></ab>

</div>
</root>
