<root>
<page>075r</page>

<image>http://gallica.bnf.fr/ark:/12148/btv1b10500001g/f155.item</image>

<div>

<id>p075r_1</id>

<head><m>Goume</m> Rouge</head>

<ab>

Prenes <m>sire Rouge</m> du <m>Vernilhon</m> &amp; ung petict de <m>poix
<del>resins</del><comment>c_075r_01</comment> <add>resine</add></m><lb/>

comme dessus</ab>

</div>

<div>

<id>p075r_2</id>

<head><m>Bronze</m> de <m>Cuyvre</m></head>

<ab>Prenes <corr><del>da</del></corr> de <m>verdet</m> &amp; de la
<m>colle claire</m> &amp; le broyes ensemble<lb/>

puys faictes une couche sur v<exp>ost</exp>re <m>boys</m> Et prenes de
la <m>limaille<lb/>

despingle</m> Et le broyes sur ung <tl><m>marbre</m></tl> aveq de
l<m>eau</m> puys le<lb/>

verches sur le <m>boys</m> &amp; le polisses aveq du <m>cuyvre</m></ab>

</div>

<div>

<id>p075r_3</id>

<head><m>Bronze</m> Comme <m>Estaing</m></head>

<ab>Prenes de L<m>estaing de Glasse</m> deux <ms>onces</ms> d<m>argent
vif</m> &amp;<lb/>

faictes fondre L<m>estaing de Glace</m> dedans ung <tl>pot</tl> neuf
et<lb/>

<corr><del>difiant</del></corr> <add>deslors</add> quil soit tout fondu
mectes le <m>vi<del>t</del><add>f</add>
<del>aiant</del><add>argent</add></m> dedans &amp;<lb/>

lostes du foeu &amp; laisses secher lad<exp>icte</exp> <m>colle</m> puys
prenes ung<lb/>

morceau d<m>estaing</m> &amp; le brunises sur ung <tl><m>marbre</m></tl>
aveq de l<m>eaue<lb/>

claire</m> et puys le couches sur le <m>boys</m> Et le polisses aveq
ung<lb/>

morceau d<m>estaing</m></ab>

</div>

<div>

<id>p075r_4</id>

<head>Pour faire <m>Eaue fort</m></head>

<ab>

Prenes ung <ms>demy sestier</ms> de <m>vinaigre</m> avecq une
<ms>once</ms> de <m>verd<lb/>

de gris</m> &amp; une <ms>once</ms> de <m>copperouse</m> &amp; une
<ms>once</ms> de <m>solle</m> puys les<lb/>

mectes ensemble dans une <tl>fiolle de <m>voyrre</m></tl></ab>

</div>

<div>

<id>p075r_5</id>

<head><m>Or Moulu</m></head>

<ab>Prenes <m>fin or</m> &amp; le mectes sur le <del>bu</del>
<tl><m>marbre</m></tl> bien nect &amp; mectes<lb/>

de l<m>eaue fort</m> &amp; commances a broyer puys prenes du
<m>selpestre</m> &amp;<lb/>

du <m>sel armonial</m> Et le mectes en une <tl>coquille</tl>
q<exp>ui</exp> soit Grande &amp; lavee<lb/>

comme assure</ab>

</div>
</root>
