<root>
<page>107v</page>

<image>http://gallica.bnf.fr/ark:/12148/btv1b10500001g/f220.image</image>

<div>

<cont/>

<id>p107v_1</id>

<ab>Les <tl>moules</tl> ne servent quune foys pourceques choses<lb/>

delicates co<exp>mm</exp>e l<pa>absinthe</pa> &amp; aultres ilz les
fault rompre<lb/>

Mays plustost il les fault les<comment>c_107v_01</comment> bien tremper
en <m>eau</m><lb/>

dans laquelle les choses deulx foys recuites se dissolvent<lb/>

aysem<exp>ent</exp> Aultrem<exp>ent</exp> tu ne pourroys <del>f</del>
pas aysem<exp>ent</exp> despouiller<lb/>

ton ouvrage sans danger de le gaster</ab>

<ab>Le <m><df>bon alum de plume</df></m> est blanc et a lustre comme
<add> de</add><comment>c_107v_02</comment> <m>soye <del>c</del><lb/>

blanche</m> il est en longues pieces comme le <ms><bp>doigt</bp></ms>
&amp; fort frangible &amp;<lb/>

lanugineulx comme <m>duvet</m> Celuy qui est en <m>pierre</m> est plus
dur &amp; moings bon<lb/>

<del>Il</del> Le meilleur de la qualite susdicte saporte en
<pl>france</pl> du coste de<lb/>

<pl>rouan</pl> L<m>alum de plume</m> pour n<exp>ost</exp>re sable se
pile dans un<lb/>

<tl>mortier</tl> puys se subtilie dadvantage sur le
<tl><m>mabre</m></tl> Daulta<exp>n</exp>t<lb/>

quil ne fault penser de le subtilier par le <tl>tamis</tl> Car il est
si<lb/>

gras &amp; lanugineulx quil ny passeroit pas Cest luy par ses<lb/>

petits filaments mollets <del>qui</del> &amp; tres subtils qui donne
liaison au<lb/>

sable dune facon bien plus excellente que la <m>tondure</m> parmy<lb/>

la <m>terre bourre des <pro>fondeurs de grands ouvraiges</pro></m> Car
ceste<lb/>

<m>tondure</m> &amp; <m>bourre</m> se brusle et l<m>alum de plume</m>
<del>ne</del> resiste au foeu</ab>

<ab>Pour entourner les <tl>moules</tl> quand tu <del>em</del> jectes
dessus les choses a<lb/>

mouler ton sable liquide fais <del>ton</del> un cercle &amp; entour de
<m>terre<comment>c_107v_03</comment> grasse</m> <lb/>

fort battue</ab>

<ab>@<comment>c_107v_04</comment><la>Archanum omnibus fere reconditum
est in re fusoria<lb/>

v<comment>c_107v_05</comment><exp>idelicet</exp> res exprimenda formis
sive <m>herba</m> sit sive animal<lb/>

ut <al>lucerta</al> <del>in</del><comment>c_107v_06</comment>
<del>af</del> <del>inting</del> inmergatur primum in <m><pa>vini</pa>
spiritum</m><lb/>

aprime rectificatum, deinde pulvere composito aspergatur<lb/>

sive illinatur (<comment>c_107v_07</comment>si pulvis in formam pultis
redactus sit ut<lb/>

assolet</la></ab>

<ab>Quand tu veulx mouler creux il fault que le noyau soict<lb/>

de mesme matiere Et si le <al>serpent</al> ou animal est recourbe<lb/>

ou replie Il fault fayre le noyau de plusieurs pieces</ab>

<ab><rub>Essaye si le <m>vinaigre distille</m></rub> sera propre<lb/>

pour manger &amp; dissouldre ce qui sera dans lanimal<lb/>

moule creux</ab>

<ab>
<margin>left-middle</margin>
Si tu cognois que<lb/>

ton <m>plastre</m> ne<lb/>

soict pas parfaictem<exp>ent</exp><lb/>

fort pour soubstenir<lb/>

le foeu sans se<lb/>

fendre Ne soicts<lb/>

pas si curieulx<lb/>

observateur de la<lb/>

mixtion icy mise<lb/>

que quelque foys<lb/>

vous ny <del>mecties</del><lb/>

diminues la<lb/>

quantite d<m>alum<lb/>

de plume</m> <del>l</del><add>d</add>e quelque<lb/>

peu Car il<lb/>

amollist les<lb/>

<tl>moules</tl> par sa<lb/>
doulceur Est<exp>a</exp>nt<lb/>

recuit ne le pulverise<lb/>

pas en ceste ocasion<lb/>

si subtil co<exp>mm</exp>e dict est<lb/>

Mays laisse le<lb/>

co<exp>mm</exp>e les <pro>apotiquaires</pro><lb/>

lont subtilie Car<lb/>

il nempesche point<lb/>

la nettete du gect<lb/>

&amp; donne plus de<lb/>

liaison Quand<lb/>

le <del>sable</del> <tl>moule</tl> <del>esta<exp>n</exp>t</del><lb/>

ayant faict prise<lb/>

retient la couleur<lb/>

de <m>brique</m> et est<lb/>
rouget il en est plus<lb/>

ferme</ab>

</div>
</root>
