<root>
<page>076v</page>

<image>http://gallica.bnf.fr/ark:/12148/btv1b10500001g/f158.item</image>

<div>

<id>p076v_1</id>

<head>Pour faire couleur dor fort belle<lb/>

&amp; de peu de despance</head>

<ab>Premierement prenes <m>Escorce d<pa>oranges</pa></m> bien Jaulne
&amp;<lb/>

les nettoies bien du blanc qui est dedans &amp; les<lb/>

pulverises tres bien <del>et</del> <add>en</add> ung <tl>mortier</tl>
bien net Et prenes<lb/>

aultant de <m>souffre</m> &amp; broyes tout ensemble Et mectes le<lb/>

tout en une <tl>fiolle de <m>verre</m></tl> &amp; les Gardes <env>en la
cave ou<lb/>

au<exp>ltr</exp>e lieu humide</env> par lespace de huict ou dix
<ms><tmp>jours</tmp></ms> puys<lb/>

quand en vouldres user fault le chauffer et en user ou<lb/>

vous vouldres &amp; vous verres une fort belle coulleur</ab>

</div>

<div>

<id>p076v_2</id>

<head>Pour faire <m>Goumiche noyre</m></head>

<ab>Prenes de la <m>colle</m> &amp; la destrampes aveq du
<m>vinaigre</m><lb/>

&amp; la faictes fondre et quelle soit bien claire et prenes du<lb/>

<m>noir de lampe</m> ou au<exp>ltr</exp>e noir &amp; le destrempes
ensemble<lb/>

puys le poses sur <m>boys</m></ab>

</div>

<div>

<id>p076v_3</id>

<head>Pour La Blanche</head>

<ab>Fault prandre de la <m>Cire blanche</m> aveq de la
<m>Ceruze</m><lb/>

et fondes le tout ensemble &amp; le couches sur
<m>boys</m><comment>c_076v_01</comment> ou<lb/>

au<exp>ltr</exp>e chose</ab>

</div>

<div>

<id>p076v_4</id>

<head>Pour dorer sur <m>fer</m>ou<lb/>

<m>Estaing</m></head>

<ab>Premierement Il fault laver ce q<exp>ue</exp> lon veuld dorer<lb/>

dedans <m>lye de vin</m> Et puis de Rechief le laver aveq du <m>vin<lb/>

blanc</m> Et prandre trois <ms>onces</ms> <m>terra merita</m> &amp;
<ms>choppine</ms> de<lb/>

<m>vin blanc</m> Et faire bouillir les matieres l<ms>espace de
<tmp>demye<lb/>

heure</tmp></ms> &amp; poser vos couleurs sur v<exp>ost</exp>re
<m>fer</m> ou <m>Estaing</m> ou au<exp>ltr</exp>e<lb/>

Et puys le laisses secher sur un <tl><m>pappier</m></tl> &amp; ne
mectre<lb/>

poinct la <bp>main</bp> en vos matieres</ab>

</div>
</root>
