<root>
<page>136r</page>

<image>http://gallica.bnf.fr/ark:/12148/btv1b10500001g/f277.item.r=</image>

<div>

<cont/>

<id>p135v_1</id>

<ab>en mirouer Et co<exp>mm</exp>e tu vouldras <del>gecter</del> gecter
mects encor un peu<lb/>

de la <m>couleur</m> &amp; laisse reposer un petit tousjours
souflant<lb/>

du <tl>petit &amp; grand souflet</tl> En fin adapte ton <tl>moule</tl>
tout<lb/>

rouge entre les <tl>moulets</tl> ou dans un <tl>crusol</tl> plein de
sable bien<lb/>

chault &amp; gete Et co<exp>mm</exp>e il aura faict prise gecte si tu
veulx<lb/>

dans l<m>eau</m> Car l<m>or</m> ne fait point de domaige
co<exp>mm</exp>e l<m>estaim</m><lb/>

qui saulte</ab>

<ab>Pour fondre l<m>or</m> en lingot nimporte poinct de <del>gec</del>
soufler<lb/>

par dessus avecq le <tl>petit souflet</tl></ab>

<ab>En grand ouvraige le <tl>crusol</tl> de sable se doit mectre<lb/>

dans un <tl>fourneau a vent</tl> pour estre tout rouge au bout de<lb/>

la <tl>fournaise</tl></ab>

<ab>L<m>or</m> que le vent touche ou quon forge vient noir Mays<lb/>

un peu d<m>eau fort</m> le descouvre soubdain</ab>

<ab>Si tu as a forger quelque ouvraige de
<del><m>letton</m></del><add><m><la>sol</la></m></add> sur le
<m>laitton</m><lb/>

co<exp>mm</exp>e on faict les petites statues Mects entre l<m>or</m>
&amp; le <m>laicton</m><lb/>

une <m>lame de plomb</m> Et plustost que recuire l<m>or</m> &amp; le
remectre<lb/>

au foeu Trempe dans l<m>eau fort</m> &amp; il sera douls</ab>

<ab>Cest asses que le gect soict de lespesseur <del><ill/></del><lb/>

de la medaille scavoir depuys le milieu du gect jusques<lb/>

a la medaille Mays si la medaille est fort espesse il ne<lb/>

fault pas espessir pour cela le gect Car le gect fort<lb/>

espes ne vient jamays bien <del>Mai</del> Bien se peult il faire<lb/>

large pour embrasser la medaille le plus que faire<lb/>

se pourra</ab>

</div>
<div>
<id>p136r_1</id>
<head><del>D</del><del>Esm</del> <m>Esmailler</m> ouvraiges<lb/>

tanvres</head>

<ab>Les <pro>orfevres</pro> rasclent avecq l<tl>aisle du burin</tl> la
<m>foeille<lb/>

dor</m> &amp; puys y assoient l<m>esmail</m></ab>

</div>
</root>
