<root>
<page>104v</page>

<image>http://gallica.bnf.fr/ark:/12148/btv1b10500001g/f214.image</image>

<div>
<id>p104v_1</id>
<head>Contre la galle des <al>chiens</al></head>

<ab>Une <ms>demy <figure>℥</figure></ms> de <m>staphisagrie</m> pour les
<al>chiens<lb/>

communs</al> &amp; une <ms><figure>℥</figure></ms> pour les grands en
pouldre subtile<lb/>

battu avec deux <m>blanc <del>d<m>huile</m></del> doeufs</m> &amp; un
<ms>quarteron</ms><lb/>

d<m>huile</m> leur faire boire a jeun les ayant tenus<lb/>

la <tmp>nuit</tmp> enfermes sans manger
@Aprouve<comment>c_104v_01</comment></ab>

</div>

<div>
<id>p104v_2</id>
<head>Pour gect</head>

<ab>Si tu as quelque piece qui ne soict point de despouille &amp;<lb/>

grande moule la avec de la <m>cire</m> soict cave ou relief
pourceque<lb/>

elle preste estant molle &amp; obeist et ainsy se separe de la
piece<lb/>

sans y rien laisser mays advise que la <m>cire fondue</m> ne soict<lb/>

ne trop chaulde ne trop froide Aulcuns moulent avec de la<lb/>

<m>cire</m> eschaufee dans de l<m>eau chaulde</m> Mays en pressant
le<lb/>

<tl>moule</tl> se gaulchist &amp; se faict faulx Quand tu as le cave
de<lb/>

<m>cire</m> tu y peulx gecter de l<m>ardille fort doulce</m> &amp; fort
destrempee<lb/>

&amp; claire &amp; laisse secher a laise Puys tu feras un cave<lb/>

la dessus <del>ave</del> de <m>plomb</m> ou <m>estaim</m> dans
<del>tu</del> lequel ce que tu<lb/>

formeras sera de bonne despouille</ab>

</div>

<div>
<id>p104v_3</id>
<head><pro>Orfevre</pro></head>

<ab>Scaiches que cest que travailler le pailleterie cest<lb/>

des <m>escailles dargent pur &amp; dargent dore</m> de quoy on
faict<lb/>

les hoquetons des <pro>archiers</pro></ab>

</div>

<div>
<id>p104v_4</id>
<head><mu>Espinette</mu> jouant toute seule</head>

<figure>

<id>fig_p104v_1</id>

<margin>left-bottom</margin>

<link>https://drive.google.com/open?id=0B9-oNrvWdlO5cWFSaUU5a2R6N2s</link>

</figure>

<ab>Fais un axe tout entourne de roues percees tout aultour<lb/>

en lespesseur et attaches des <m>plumes</m> co<exp>mm</exp>e pour
<mu>cistre</mu> ou<lb/>

<mu>espinette</mu> &amp; les dispose selon la chancon que tu
vouldras<lb/>

faire dire y laissant <del>telle</del> distance convenable Et
tourna<exp>n</exp>t<lb/>

laxe ou par toymesme ou par ressort d<tl>horloge</tl> ton invention<lb/>

seffectuera</ab>

</div>
</root>
