<root>
<page>015v</page>

<image>http://gallica.bnf.fr/ark:/12148/btv1b10500001g/f36.item</image>

<div>

<id>p015v_1</id>

<head>Tablettes</head>

<ab>Il sen faict de <m>buys</m> marquetees d<m>ebene</m> <m>sandal</m>
<m>yvoire</m> ou d<m>or</m><lb/>

et d<m>argent</m> comme <m>damasquine</m> Puys on y escript avecq une
<tl>poincte<lb/>

dargent</tl> Et apres on lefface avecq de l<tl><m>os de
<al>seiche</al></m></tl> les en frottant</ab>

</div>

<div>

<id>p015v_2</id>

<head>L<exp>ett</exp>re plus lisable</head>

<ab>On taille les plus grandes pieces de <m>beril</m> ou <m>cristal</m>
en rond<lb/>

dun coste &amp; de plat par laultre puys on lenchasse avecq un<lb/>

<tl>petit manche</tl> et on assoict le coste plat sur la
l<exp>ett</exp>re</ab>

</div>

<div>

<id>p015v_3</id>

<head>Stamper</head>

<ab>Si tu as quelque medaille de <m>bronze</m> &amp; que tu la
veuilles<lb/>

fayre fort legere fais en un cave de <m>plomb</m> puys estands<lb/>

sur iceluy du <m>clinquant</m> ou des <m>lames de plomb</m> ou
d<m>argent<lb/>

<del>recuit</del><comment>c_015v_04</comment> recuit</m> &amp; pose ta
medaille de <m>bronze</m> dessus &amp; frappe avecq<lb/>

un <tl>mail de <m>bois</m></tl></ab>

</div>

<div>

<id>p015v_4</id>

<head>Ramolir la <m>corne</m></head>

<ab>Ceulx qui <del>acou</del> mectent en œuvre les agnus dei &amp; font
des cercles<lb/>

de <m>corne</m> pour certaines petites boictes Ramolissent
<del>ladicte</del> lesdicts<lb/>

cercles les mectant seulem<exp>ent</exp> tremper dans l<m>eau
chaulde</m> &amp; les faconnent apres<lb/>

sur un <tl>triboulet en rond ou faict en ovale</tl></ab>

</div>

<div>

<id>p015v_5</id>

<head><bp>Oreilles</bp></head>

<ab>Quand quelque defluxion y vient il se fault bien garder dy rien<lb/>

mectre dedans Et selon le proverbe a<comment>c_015v_05</comment>
l<bp>oeil</bp> &amp; a l<bp>oreille</bp> il ny fault<lb/>

toucher que du <bp>coulde</bp> Touteffois a l<bp>oreille</bp> affectee
est bon de mectre<lb/>

du <m>cothon musque</m> cest a dire tenu parmy du <m>musc</m> car il
conforte<lb/>

bien fort</ab>

</div>

<div>

<id>p015v_6</id>

<head>Mal des <bp>dents</bp></head>

<ab>Aulcuns mectent une <m>gousse d<pa>ail</pa></m> dans
l<bp>oreille</bp> qui est<lb/>

du coste que la <bp>dent</bp> faict mal &amp; en deux ou trois
<ms><tmp>heures</tmp></ms><lb/>

il sen trouvent bien Aultres mectent dans la <bp>narine</bp><lb/>

qui est du coste de la <bp>dent</bp> qui deult de la peau verte<lb/>

raclee d<del>e</del>u serment de <df><pa>visaube</pa></df> scavoir celle
qui est soubs<lb/>

la grise qui semble sarment</ab>

</div>
</root>
