<root>
<page>139r</page>

<image>http://gallica.bnf.fr/ark:/12148/btv1b10500001g/f283.image</image>

<div>
<id>p139r_1</id>
<head>Gect de <m>plomb</m> et d<m>estaim</m></head>

<ab>
<add>Quand il est souvent fondu il saigrist &amp; rend
<del>fl</del><lb/>

frangible pourcequil se gecte fort chault &amp; se rend demy<lb/>

calcine<lb/>

use doncq<lb/>

du noeuf</add></ab>

<ab>La ligue que jay pratiquee pour <al>lesards</al> &amp;
<al>serpents</al><lb/>

cest deulx <ms>℥</ms> d<m>estaim fin</m> sur une <ms>lb</ms> de
<m>plomb<comment>c_139r_01</comment> noeuf &amp; non<lb/>

sophistique</m> Le <tl>moule</tl> se faict du sable susdict commun<lb/>

a tous<comment>c_139r_02</comment> <m>metaulx</m> co<exp>mm</exp>e il
est recuit le laisser froidir <sn>jusques<lb/>

a ce que tu puisses tenir le <tl><bp>doigt</bp></tl> sans læsion dans le
trou<lb/>

du gect</sn> Quand au <m>plomb</m> on le fond dans un <tl>crusol</tl>
<del>ju</del><lb/>

a foeu de <tl>souflets</tl> jusques a ce que le <tl>crusol</tl> &amp; le
<m>plomb</m><lb/>

soict rouge Comme il est en cet estat repurge le de <m>charbon</m><lb/>

ou avecq un <tl>raclouer</tl> faict a propos ou avecq le vent du<lb/>

<tl>petit souflet</tl> <del>l</del>Ce faict laisse le poser ainsy rouge
&amp;<lb/>

recuire en soymesme un peu puys gectes y si tu veulx un peu<lb/>

de <m>rousine</m> pour brusler la <m>crasse</m> Touteffoys aulcuns<lb/>

trouvent mieulx de ny en mectre poinct a cause quelle laisse<lb/>

<m>crasse</m> Mays co<exp>mm</exp>e ilz sont prests a gecter il ne fault
pas<lb/>

quilz oublyent de gecter dedans <ms>aussy gros quune
<pa>febve</pa></ms><lb/>

d<m>estain de glace</m> sur chasque <ms>lb</ms> de <m>plomb</m> Et
qu<del>e</del>il soict<lb/>

rouge co<exp>mm</exp>e <m>metal fondu</m> quand il entre dans le
<tl>moule</tl> Et<lb/>

si le <tl>moule</tl> est grand il est mieulx de le mectre en <tl>une
presse</tl><lb/>

affin quil se joigne bien &amp; que le <m>plomb</m> ne sespanche<lb/>

poinct hors du <tl>molle</tl> Touteffois si cela advenoit &amp;<lb/>

que pour la premiere ou deux ou troisiesme fois<lb/>

ton <tl>moule</tl> ne fust pas remply Gecte hardiment car<lb/>

pourveu que ton <m>metal</m> soict rouge il se reprendra &amp;
joindra<lb/>

avecq laultre Et viendra tresnet co<exp>mm</exp>e le principal<lb/>

Le mesme se peult dire de l<m>estaim fin</m> pour les choses<lb/>

tanvres Et la ligue de l<m>estain fin</m> cest dune <ms>℥</ms> de
<m>plomb<lb/>

neuf</m> sur une <ms>lb</ms> diceluy Les grands <tl>moules</tl> se
doibvent<lb/>

mectre en <tl>presses bien serres</tl> entre deulx <tl><m>planches de
cuivre</m></tl><lb/>

<del>pu</del> &amp; puys les ensevelir dans le sable qui est meilleur
que<lb/>

les <m>cendres</m> pourcequ<del>’i</del>e<del>l est</del> par sa
poisanteur il selle mieulx<lb/>

Aultrem<corr><exp>ent</exp></corr> ses <tl>grands moules</tl> sont
subgects a sentrouvrir par<lb/>

la poisanteur du <m>metal</m> Aulcuns font un <tl>pot quarre</tl></ab>

<ab>
<margin>left-middle</margin>
Quand la medaille est espesse<lb/>

on nest pas astraint de gecter<lb/>

si chault que quand elle est<lb/>

tanvre</ab>

<ab>

<margin>left-middle</margin>

<figure>+</figure>
Note que si tu<lb/>

les veulx gecter<lb/>

en <tl><m>os de <al>seiche</al></m></tl><lb/>

il ne fault pas<lb/>

quilz soient gueres<lb/>

chaulx pourcequilz<lb/>

brusleroient l<tl><m>os<lb/>

de <al>seiche</al></m></tl> <ms>Essaye<lb/>

pour cet effect<lb/>

avecq du <tl><m>papier</m></tl><lb/>

sil roussist<lb/>

le <tl><m>papier</m></tl> cest<lb/>

asses il est bon<lb/>

a gecter mays<lb/>

sil noircist le<lb/>

<tl><m>papier</m></tl> il est<lb/>

trop chault</ms></ab>

<ab>
<margin>left-middle</margin>
@Si tu veulx<lb/>

gecter un <m>foeillet<lb/></m>

<m>escript</m> Fais ta<lb/>

ligue de <del>plom</del><lb/>

<ms>moictie</ms> <m>plomb</m> &amp;<lb/>

<ms>moictie</ms> <m>estain</m> &amp;<lb/>

aussy tost quil<lb/>

sera fondu gecte<lb/>

entre deulx <tl><m>carton<add>s</add></m></tl><lb/>

en lieu fort plain<lb/>

<env>&amp; au niveau</env> &amp; avecq<lb/>

une <tl>poincte d<m>or</m><lb/>

ou de <m>boys dur</m></tl><lb/>

grave a gaulche<lb/>

lescripture quil<lb/>

te plaist Et<lb/>

ayant verse<lb/>

le <m>plomb</m> sur<lb/>

un <tl><m>carton</m></tl> presse<lb/>

dessus avecq<lb/>

laultre <tl><m>carton</m><lb/>

adapte</tl></ab>

<cont/>

</div>
</root>
