<root>
<page>158r</page>

<image>http://gallica.bnf.fr/ark:/12148/btv1b10500001g/f321.item</image>

@

<div>
<id>p158r_1</id>
<head><comment>C_158r_01</comment><m>Mercure</m> dans les
<tl>moules</tl> a nettoyer</head>

<ab>Advise bien que le <tl>moule</tl> soict bien froid plustost que
soufler<lb/>

pour faire sortir la <m>cendre</m> Et y mectre apres le
<m><figure>☿</figure></m> pour<lb/>

achever de nettoyer Car si le <tl>moule</tl> est chault le
<m><figure>☿</figure></m> penetre<lb/>

dedans &amp; cherche des conduicts en senvolant &amp; laisse un
<sn>odeur<lb/>

de soy</sn> qui aigrist tellem<exp>ent</exp> l<m>estain</m> ou aultre
<m>metal</m> que tu<lb/>

y gecteras quil se rompra en y touchant le moings du monde<lb/>

La chaleur aussy du <tl>moule</tl> retient de <m>petits grains de
<figure>☿</figure></m><lb/>

qui font grumeleus &amp; se retirant au bord des foeuilles moulees<lb/>

sy joignent &amp; font les foeuilles frangibles Le
<m><figure>☿</figure></m> nettoye bien<lb/>

la <m>cendre</m> Mesmement aulx choses plattes ou il ny ha pas
traicts<lb/>

delicats quil puisse rompre par sa poisanteur Et par<lb/>

ainsy si tu peulx nettement gecter sans y en mectre ne ten<lb/>

sers poinct Mays sil est besoing de lemployer Mesle<lb/>

ton sable de <m><la>crocum</la></m> affin quil soubstienne bien le foeu
<lb/>

Et apres avoir mis le <m><figure>☿</figure></m> evacue le en renversant
la bouche<lb/>

du <tl>moule</tl> en bas Apres recuits legerem<exp>ent</exp> le
<tl>moule</tl> affin<lb/>

que le <m><figure>☿</figure></m> sen aille du tout En ceste sorte jay
gecte une<lb/>

branche de <pa>provenche</pa> foeilles &amp; fleurs fort net Ayant
dans<lb/>

la fleur une branche de <ill/> fondu au dos de la fleur <ill/></ab>

<ab>
<margin>left-middle</margin> @<comment>C_158r_02</comment>

Recuits bien<lb/>

rouge le<lb/>

<tl>moule</tl> plustost<lb/>

<del>q</del> qui gecter<lb/>

affin que le<lb/>

<m><figure>☿</figure></m> sexhale<lb/>

bien</ab>

</div>
</root>
