<root>
<page>144v</page>

<image>http://gallica.bnf.fr/ark:/12148/btv1b10500001g/f294.image</image>

<div>

<cont/>

<id>p144r_1</id>

<ab>estant ainsy disposee &amp; bien nettoyee avecq les
<tl>broisses</tl><lb/>

pose <del>la</del> le <tl>cercle d<m>ardille</m></tl> aultour de la
<tl>platene</tl> Puys avecq<lb/>

une <tl>liste d<m>ardille</m></tl> posee sur le milieu d<del>e</del>u
<del>la</del> dos de la <al>tortue</al> co<exp>mm</exp>e<lb/>

tu vois &amp; a lendroit du plus large divise ton <tl>moule</tl>
Consequem<exp>ent</exp><lb/>

<m>huile</m> avecq ton <tl>pinceau</tl> dedie a cela la moictie de la
coquille<lb/>

que tu veulx mouler Destrempe en <m>eau chaulde</m> <sn>en sorte
que<lb/>

sans te brusler tu y puisses tenir le <tl><bp>doigt</bp></tl> sans te
brusler</sn><lb/>

ton sable un peu <del>p</del> espes Et plustost <del>f</del> que le
gecter frotte la<lb/>

coquille d<m>eau de vye</m> Et apres gecte ton sable &amp; luy
laisse<lb/>

faire prise Et note que toute chose qui ha coquille ou qui<lb/>

est dure et ne preste poinct co<exp>mm</exp>e les <al>serpents</al>
&amp; <al>laisards</al> veult<lb/>

estre <m>huilee</m> pour despouiller Les choses qui prestent nen<lb/>

ont point de besoing L<m>eau chaulde</m> faict que le sable
destrempe<lb/>

<del>en <m>eau</m></del> sassoit mieulx sur l<m>huile</m> qui
aultrem<exp>ent</exp> refuseroit<lb/>

Ta moictie de <al>tortue</al> estant ainsy <del>desp</del> moulee separe
la avecq<lb/>

son <tl>demy mole</tl> de sa <tl>platine d<m>ardille</m></tl> que tu
mectras a part<lb/>

pour luy retourner quand il sera besoing Apres nettoye ton<lb/>

<tl>demy moule</tl> &amp; lunys &amp; aplanis co<exp>mm</exp>e les
aultres Mays pourceq<exp>ue</exp><lb/>

il se trouvera qua cause d<del>u</del>e lentredeux d<m>ardille</m> le
<tl>demy<lb/>

moule</tl> comprendra plus que la moictie de la <al>tortue</al> Couppe
&amp;<lb/>

retranche uniment ce qui excedera &amp; nettoye bien tout avecq<lb/>

les <tl>broisses</tl> puys fais par le dessus du bort du
<tl>moule</tl><lb/>

du coste quil est coupe &amp; my party deulx coches co<exp>mm</exp>e
aulx<lb/>

aultres <tl>molles</tl> Et retourne ta <al>tortue</al> sur sa
<tl>platine</tl> co<exp>mm</exp>e elle<lb/>

estoict &amp; luy asseure les deulx pattes qui ne sont pas moulees<lb/>

avecq des <tl>poinctes de <m>fil de fer</m></tl> Et bouche tout aultour
ce qui<lb/>

est de vuide jusques au bord de la coquille haulte avecq de<lb/>

l<m>ardille</m> Apres pose le <tl>cercle</tl> aultour Et mects un
entredeulx<lb/>

d<m>ardille</m> sur le premier <tl>moule</tl> un peu par dessus les
coches<lb/>

Et ayant <m>huile</m> le <del>d</del>premier <tl>demy molle</tl> &amp;
ses coches et la<lb/>

coquille de la <al>tortue</al> &amp; layant aussy arrosee d<m>eau de
vye</m><lb/>

chaufe ton <m>eau</m> destrempe ton sable avecq un peu d<m>eau de
sel<lb/>

armoniac</m> &amp; ladicte <m>eau chaulde</m> &amp; gecte Ayant faict
prise<lb/>

aproprie les costes de ces deulx <tl>molles</tl> uniment &amp; a
chasque<lb/>

coste asseure leur joincture qui ne se cognoist que bien peu avecq<lb/>

deulx <tl>crampons</tl> affin quen descouvrant apres le dessoubs de<lb/>

la <al>tortue</al> ilz ne se deffacent point Apres descouvre le
coste<lb/>

du ventre &amp; de la gorge en la fasson que tu descouvres une<lb/>

<al>escrevisse</al> qui est la plus difficile a mouler des bestions<lb/>

qui se moulent a deulx moicties

</ab>

<figure>

<margin>left-middle</margin>

<id>fig_p144v_1</id>

<link>https://drive.google.com/open?id=0B9-oNrvWdlO5ZGhySWFITlRSaG8</link>

</figure>

<figure>

<margin>left-middle</margin>

<id>fig_p144v_2</id>

<link>https://drive.google.com/open?id=0B9-oNrvWdlO5SlhGM2FYLUUteXc</link>

</figure>

<ab>

<margin>left-middle</margin>

Tu pourrois bien<lb/>

mouler la <al>tortue</al><lb/>

dune piece de chasque<lb/>

coste mays il la<lb/>

fauldroit brusler<lb/>

Et apres pour<lb/>

faire le creulx<lb/>

le <tl>moule</tl> recuit ne<lb/>

se peult gueres bien<lb/>

<m>huiler</m> a cause quil<lb/>

boit l<m>huile</m></ab>

<ab>

<margin>left-middle</margin>

<figure>+</figure>

Sil y a du <m><la>crocum</la></m><lb/>

dans le sable les<lb/>

joinctures des<lb/>

<tl>molles</tl> ne se<lb/>

cognoissent presque<lb/>

point</ab>

<ab>

<man><margin>bottom</margin>@<comment>c_144v_01</comment>Tourne au
second foeillet</man>

</ab>

<cont/><comment>c_144v_02</comment>

</div>
</root>
