<root>
<page>073v</page>

<image>http://gallica.bnf.fr/ark:/12148/btv1b10500001g/f152.image</image>

<div>

<cont/>

<id>p073r_5</id>

<ab>broyes a part Quand Il sera bien broye prenes le <m>sel armoniac</m>
&amp;<lb/>

le broyes encores ensemble puys prenes une <ms>once</ms> d<m>estaing
doulz</m> &amp;<lb/>

une <ms>once</ms> d<m>argent vif</m> puis faictes fondre
v<exp>ost</exp>re <m>estaing</m> &amp; mectes<lb/>

v<exp>ost</exp>re <m>argent vif</m> goutte a goutte dans
v<exp>ost</exp>re <m>estaing</m> en fondant &amp; le<lb/>

Remues fort Jusques a ce q<exp>ui</exp>l soit en pouldre</ab>

</div>

<div>

<id>p073v_1</id>

<head>Pour le Coucher</head>

<ab>Prenes de la <m>colle de <pl>partenay</pl>
<add>@<comment>c_073v_01</comment>ou parchemin</add></m> Et lapliques
avecq Le <m>blanc<lb/>

dung oeuf</m> puys prenes ung peu de <m>saffran</m> Et du
<m>vinaigre</m><lb/>

Et du <m>laict de <pa>figuier</pa></m> Et faictes encores une couche
puys<lb/>

prenes la <m>bronze</m> Et laplicques dessus</ab>

</div>

<div>

<id>p073v_2</id>

<head><m>Verny</m></head>

<ab>Prenes deux <ms>onces</ms> d<m>uille d<pa>aspic</pa></m> &amp; une
<ms>once</ms> de <m>sandrax</m> prenes<lb/>

ung <tl>pot</tl> net &amp; le faictes chauffer &amp; puis le tires hors
du<lb/>

feu Et appres mectes Les <m>drogues</m> dedans Et appres mectes les<lb/>

dedans une <tl>fiole</tl> &amp; le coucher sur le <m>boys</m></ab>

</div>

<div>

<id>p073v_3</id>

<head>Aultre recepte pour faire <m>verny</m></head>

<ab>Prenes une <ms>once</ms> de <m>tormentine de <del>verinse</del>
<add><pl>venise</pl></add></m> &amp; ung <ms>quart de<lb/>

once</ms> d<m>huille de <del>perolle</del> <add>petrolle</add></m> &amp;
une <ms>once</ms> de <m>sandrax</m> &amp; une d<m>huille<lb/>

d<pa>aspic</pa></m></ab>

</div>

<div>

<id>p073v_4</id>

<head>Couleur de Cuyvre bruny</head>

<ab>Prenes une <ms>once</ms> de <m>sel armoniac</m> avecq une
<ms>once</ms> de<lb/>

<m>broullaminy</m> et demye de <m>limailhe de cuyvre</m> aveq une
<ms>once</ms> de<lb/>

<m>souffre</m> &amp; <ms>demy sestier</ms> de <m>vinaigre</m> bouttes
tout dedans ung<lb/>

<tl>petict fourneau de carreaulx</tl> Et faictes ung petict foeu de<lb/>

<m>charbon</m> au tour Et Mectes v<exp>ost</exp>re <tl>pot</tl> dedans
led<exp>ict</exp> <tl>fourneau</tl><lb/>

toute la <ms><tmp>journee</tmp></ms></ab>

</div>
</root>
