<root>
<page>150r</page>

<image>http://gallica.bnf.fr/ark:/12148/btv1b10500001g/f305.image</image>

<div>

<id>p150r_1</id>

<head><m>Cire fort dure</m></head>

<ab>Mesle avec icelle de la <m>rousine</m> et du <m>bol</m> et ne la
gecte pas<lb/>

gueres chaulde</ab></div>

<div>

<id>p150r_2</id>

<head>Ligues diverses d<m>estain</m> et <m>plomb</m></head>
@<comment>c_150r_01</comment>

<ab>Pour choses creuses co<exp>mm</exp>e <al>tortues</al>
<ms>moictie</ms> <m>plomb fin</m> et <ms>moitie</ms><lb/>

<m>estaim</m></ab>

<ab>

Pour fleurs presque tout <m>estaim</m> scavoir une <ms>lb</ms>
d<m>estain fin</m><lb/>

et deux <ms><figure>℥</figure></ms> de <m>plomb fin</m></ab>

<ab>Pour <al>lesards</al> qui sont espes dun <ms><bp>doigt</bp></ms> ou
deux presque<lb/>

tout <m>plomb</m> scavoir une <ms>lb</ms> de <m>plomb fin</m> et 4
<ms><figure>℥</figure></ms> <del>es</del> d<m>estaim<lb/>

fin</m></ab></div>

<div>

<id>p150r_3</id>

<head><tl>Moules</tl></head>

<ab>Ils sont moings subgects a se fendre en recuisant quand<lb/>

ilz sont fort espes que quand ilz sont de peu despesseur<lb/>

pourveu quelle soict suffisante Car estant tanvres ilz nont<lb/>

pas besoing destre gueres <del>recui</del> au foeu &amp; la longueur
du<lb/>

foeu les fait corrompre Mesmement quand le <m>plastre</m><lb/>

nest pas fort</ab>

<ab>Il est mieulx de recuire un <tl>moule</tl> seul que plusieurs<lb/>

ensemble pourcequil y fault plus grand &amp; violent foeu<lb/>

que pour un Et lentredeulx des <tl>moules</tl> reserrant du<lb/>

<m>charbon allume</m> se reverberent lun lautre de telle sorte<lb/>

que plus souvant tu trouveras tes <tl>moules</tl> creves &amp;
fendus<lb/>

de ce coste que dun aultre</ab>

<ab>Recuits donc tes <tl>moules</tl> seul ny faisant foeu<lb/>

sinon pour le couvrir</ab>

<ab>Et pourceque ton <m>plomb</m> et <m>estain</m> saigrissent en les
fondant<lb/>

souvent rouges pour ladoulcir fonds le sans le rougir<lb/>

et gecte en verge</ab>

<ab>La <m>brique</m> refroidist le <m>metal</m> &amp; si ce nestoit
pour<lb/>

donner liaison elle ne seroit point necessaire</ab>

<ab>

<margin>left-middle</margin>

Les <tl>moules</tl> recuits ne peuvent soubstenir<lb/>

plusieurs gects Mays ceulx dans lesquels<lb/>

on ne veult gecter que <m>plomb</m> ou <m>estain</m>
<corr><del>et</del></corr><lb/>

<add>ou</add> medailles plattes nestant que seches<lb/>

en soubstiennent<lb/>

beaucoup</ab>

<ab>

<margin>left-middle</margin>

L<m>escaille<lb/>

de fer fort<lb/>

subtillem<corr><exp>ent</exp></corr><lb/>

broyee</m><lb/>

les rend<lb/>

bien fermes<lb/>

&amp; forts</ab></div>
</root>
