<root>
<page>149r</page>

<image>http://gallica.bnf.fr/ark:/12148/btv1b10500001g/f303.image</image>

<div>

<id>p149r_1</id>

<head>Ramollir le <m>fer</m><comment>c_149r_01</comment> @ et le rendre
fort<lb/>

doux</head>

<ab>P<exp>rens</exp> <m>sublime</m> <m>chaulx vive</m> <m>savon de
<pl>venise</pl></m> <m>fiente de <al>cheval</al></m><lb/>

un peu moings de <m>sublime</m> que des aultres destrempe tout cela<lb/>

ensemble co<exp>mm</exp>e paste &amp; en empaste le <m>fer</m> &amp;
lenvelope en cella<lb/>

avecq quelque <tl><m>meschant linge</m></tl> puys le fais recuire
jusques<lb/>

a ce quil soict bien rouge Ou bien laisse <ms>le <tmp>soir</tmp> dans
un<lb/>

bon foeu jusques au <tmp>matin</tmp></ms> il sera fort doulx pour y
bien<lb/>

graver ce que tu vouldras</ab>

</div>

<div>

<id>p149r_2</id>

<head><m>Or bas d<pl>allemaigne</pl></m>
<def><m>electre</m></def></head>

<ab>On lappelle <m>or de <pl>rheim</pl></m> quon trouve aulx
<env>rivieres</env> et est<lb/>

<m>or de paillelle</m> Les <pro>orfevres</pro> d<pl>allemaigne</pl> Lont
vouleu<lb/>

affiner pensant le separer davecq ceste blancheur quilz<lb/>

cuident estre <m>argent</m> Mays il demeure tousjours blanchastre<lb/>

Qui demonstre que ceste blancheur est fixe &amp; na faulte<lb/>

que de taincture Cest <def><m>electre</m></def> duquel il se peult
faire<lb/>

des coupes qui demonstreront le <md>poison</md></ab>

</div>

<div>

<id>p149r_3</id>

<head>Divers arts d<pl>allemaigne</pl></head>

<ab>Ils saydent fort des <tl>moulins d<env>eau</env></tl> &amp; la
pluspart des<lb/>

<pro>artisans de <m>metaulx</m> d<m>or</m> &amp; d<m>argent</m> &amp;
aultres</pro> font a ces<lb/>

<tl>martinets</tl> <del>faire</del> battre leurs grands ouvrages Et
pour<lb/>

tirer le <m>fil de fer</m> ilz rougissent de grandes masses de<lb/>

<m>fer</m> &amp; luy ayant faict une poincte ilz le font acrocher<lb/>

ainsy tout rouge &amp; tirent ainsy promptem<exp>ent</exp> le
<m>fil</m></ab>

</div>

<div>

<id>p149r_4</id>

<head>Medaille a reparer</head>

<ab>Si tu veulx mouler quelque medaille pour te servir de
patron<comment>c_149r_02</comment><lb/>

&amp; pour ceste occasion la reparer jecte la la
@<comment>c_149r_02</comment> pluspart d<m>estain</m><lb/>

&amp; y mects abondamment de l<m>estain de glace</m> pour lendurcir</ab>

</div>
</root>
