<root>
<page>068v</page>

<image>http://gallica.bnf.fr/ark:/12148/btv1b10500001g/f142.image</image>

<div>

<cont/>

<id>p068r_3</id>

<ab>et incontinent tu le pourras esmyer entre les
<tl><bp>doigts</bp></tl> et piler aysem<exp>ent</exp><lb/>

dans un <tl>mortier de <m>metal</m> ou de <m>fer</m></tl> pour le mieulx
Apres il<lb/>

sera ayse a broyer non <del>seulem<exp>ent</exp></del> sur le
<m><tl>mabre</tl> commun</m> <add>quil corroderoit</add> Mays<lb/>

sur le <tl><m>porphire</m></tl> Et fault quil soit si
subtillem<exp>ent</exp> broye <add>avecq de l<m>eau</m></add><lb/>

que le mectant sur l<tl><bp>ongle</bp></tl> tu le trouves douls sans
aulcune asperite<lb/>

co<exp>mm</exp>e les <del>p</del>couleurs que les <pro>painctres</pro>
broyent pour <m>huile</m> De cestuy<lb/>

estant sec te peulx tu servir <del>au lie</del> en chassis au lieu de
sable<lb/>

sans lhumecter daulcune chose Ne sans le recuire sil ne te plaist<lb/>

parfumer le cave de fumee de <m>soufre</m> ou <del>de p</del> a la
pointe<lb/>

de la flamme dune <tl><m>chandelle de cire</m></tl> qui ne faict gueres
de<lb/>

fumee Et il te fera en <m>plomb <add>pur</add></m> &amp; en
<m>estaing</m> seul un ouvraige<lb/>

fort net &amp; lustre &amp; poly Aultant diray je du <m>tripoly
subtillem<exp>ent</exp><lb/>

pulverise</m> qui ne veult estre <del>ne</del> recuit ne humecte Le
<m>linge<lb/>

brusle</m> A moings de peyne quaulcun pource quil nha besoing<lb/>

ne destre recuit ne destre humecte &amp; moule <add>et despouille</add>
fort net <del>&amp; fort</del><lb/>

subtillem<exp>ent</exp> &amp; <del>despouille fort</del> net
co<exp>mm</exp>e font bien les præcedents<lb/>

&amp; soubstient plusieurs fusions Il le fault premierem<exp>ent</exp>
brusler<lb/>

a la flamme puys le laisser croupir &amp; consumer avecq son<lb/>

foeu jusques a ce quil le lasse puys subtilie le sur le<lb/>

<tl><m>mabre</m></tl> ou sur un <tl><m>papier</m></tl> <del>Mays
pourceque beaucoup</del> Et si tu<lb/>

le fais recuire dans un <tl>crusol</tl> rougy a force de foeu pour<lb/>

du tout le rendre subtil &amp; impalpable Je croy quil nen sera<lb/>

que meilleur Mays pource que beaucoup de <m>linge</m> revient<lb/>

a fort peu estant brusle Si tu le veulx espargner Tu peulx<lb/>

en saulpouldrer &amp; couvrir seulem<exp>ent</exp> la medaille que tu
veulx<lb/>

mouler Et remplir le <tl>chassis</tl> de <m>ardoise pilee</m> qui
moule<lb/>

aussy fort nettem<exp>ent</exp> Mays note que tousjours le premier
gect<lb/>

est le plus beau &amp; plus nect si tu gectes a propos L<m>estain<lb/>

doulx</m> qui semble estre bruny en ses petites roues que les
<pro>pintiers</pro><lb/>

vendent vient fort net &amp; aprochant a la couleur de
l<m>argent</m><lb/>

sans y mesler aulcune chose Il est vray quil le faut<lb/>

gecter asses chauld &amp; que la chose moulee soict 4
<ms><bp>doigts</bp></ms><lb/>

loing du gect pour cognoistre sa chaleur Fais le
premierem<exp>ent</exp><lb/>

bien fondre <del>avecq tel <ms>degre de chaleur</ms></del> <add>si
chauld</add> quil brusle promptem<exp>ent</exp><lb/>

un <tl><m>papier</m></tl> ou une <tl><m>paille</m></tl> mise dedans en
fremissant puys oste<lb/>

le du foeu &amp; laisse le un peu reposer &amp; gecte L<m>estain</m>
mesle<lb/></ab>

<cont/>

</div>
</root>
