<root>
<page>169r</page>

<image>http://gallica.bnf.fr/ark:/12148/btv1b10500001g/f343.item</image>

<div>
<id>p169r_1</id>

<ab><underline>Mouler <al>tortues</al></underline></ab>

<ab><underline>Animaulx a poil</underline></ab>

<ab><underline><al>Oiseaulx</al></underline></ab>

<ab><underline>Foeille de <pa>vigne</pa> - mis</underline></ab>

<ab>De <pa>fraise</pa></ab>

<ab><underline>Mouler a diverses pieces</underline></ab>

<ab>Mouler un vase en <tl>chassis</tl></ab>

<ab>Mouler du <pa><la>capilli veneris</la></pa><lb/>

&amp; herbes qui ont besoing de<lb/>

<underline><tl>filets</tl> pour les soubstenir</underline></ab>

<ab>Mouler un bouquet</ab>

<ab><underline><pa>Rose</pa> <pa>oeillets</pa></underline></ab>

<ab><underline>Mouler creux</underline></ab>

<ab><m>Argent dore</m> creux</ab>

<ab><underline>Mouler <al>chancre</al> - mis</underline></ab>

<ab><figure>+</figure> <underline><al>Escrevisse</al> mis et
veu</underline></ab>

<ab><al>Sauterelles</al></ab>

<ab><al>Barbots</al></ab>

<ab><al>Papillons</al></ab>

<ab><underline><al>Mousches</al></underline></ab>

<ab><al>Chauvesouris</al></ab>

<ab><m>Esmailler</m> <m>or</m> fort tanvre</ab>

<ab>Mouler en <m>sucre</m></ab>

<ab>Mouler <al>poissons</al></ab>

<ab><underline>Gecter en <m>soufre</m> - mis</underline></ab>

<ab><m>Carton</m></ab>

<ab><underline><figure>+</figure><del>P</del> <m>Cire</m>
mis</underline></ab>

<ab>Esbaucher</ab>

<ab>Medailles stampees pleines de <m>plomb</m></ab>

<ab>Mouler grandes pieces de taille en <m>bois</m></ab>

<ab><underline>Mouler et faire caves danimaulx de
<m>metal</m></underline></ab>

<ab><figure>+</figure> <underline><m>huile de <pa>froment</pa></m> mis
et veu</underline></ab>

<ab><underline><al>Cef volant</al></underline></ab>

<ab>Pied de <al>butor</al> moule</ab>

<ab><underline>Espesseur dune medaille</underline></ab>

<ab><underline><m>Cire fort dure</m></underline></ab>

<ab><underline>Mouler une bague de ce qui est grave</underline></ab>

<ab>Mouler pieces de carquans</ab>

<ab>Choses qui ne sont point de despouille</ab>

<ab>Fontaines</ab>

<ab><env>Grottes</env></ab>

<ab>Diverses <pa>mousses</pa> apliquees</ab>

<ab><underline>Mouler en trois <tl>chassis</tl></underline></ab>

<ab>Adoulcir le <m>fer</m> pour y graver</ab>

<ab>Graver d<m>eau fort</m> sur l<m>argent</m><lb/>

et <m>cuivre</m></ab>

<ab>Stamper</ab>

<ab><m>Esmail blanc</m> lattendrir<lb/>

avecq <m>cailloux de <env>riviere</env> noirs<lb/>
calcines</m></ab>

</div>
</root>
