<root>
<page>111v</page>

<image>http://gallica.bnf.fr/ark:/12148/btv1b10500001g/f228.image</image>

<div>

<id>p111v_1</id>

<head><m>Eeau de sel armoniac</m></head>

<ab>Il suffist la <ms>grosseur de deulx <m><pa>chastaignes</pa></m></ms>
de <m>sel<lb/>

armoniac pulverise</m> dans un <ms><tl>pot</tl></ms> d<m>eau</m> Et
qu<sn>a la <tl><bp>langue</bp></tl><lb/>

tu trouve l<m>eau</m> mediocrement <m>salee</m></sn> Car trop nest pas
bon</ab>

</div>

<div>

<id>p111v_2</id>

<head><m>Sanguine</m></head>

<ab>Pour nettoyer les diverses couleurs du <m>plomb</m> &amp; de
l<m>estaim</m><lb/>

on pulverise de la <m>sanguine</m> &amp; avecq des <tl>sayes</tl> on en
frotte l<del>e</del><add>ouvrage</add><lb/>

moule</ab>

</div>

<div>

<id>p111v_3</id>

<head><al>Chancre</al> et <al>escrevisse</al></head>

<ab>

Ce sont des plus difficilles a mouler &amp; qui les moule bien<lb/>

en moulera bien daultres choses fort subtilles</ab>

</div>

<div>

<id>p111v_4</id>

<head><al>Lesards</al></head>

<ab>Quand on les prend avecq les deulx <tl><bp>doigts</bp></tl> par les
costes de<lb/>

la teste au droict des oreilles on luy faict ouvrir la <del>g</del>
gueule<lb/>

puys on luy prend l<del>a</del>e bout de la mandibulle basse <add>avecq
le bout de l<tl><bp>ongle</bp></tl></add> &amp; apres de celle<lb/>

de dessus il serre l<tl><bp>ongle</bp></tl> mays il ne la peult pas
passer mays<lb/>

il serre bien fort Et sil mordoit la <bp>chair</bp> vive il ne
scauroit<lb/>

<del>au</del> laisser la prise &amp; ny auroit meilleur remede que de
luy<lb/>

couper promptem<exp>ent</exp> la teste <tmp>Au printemps</tmp>
co<exp>mm</exp>e ilz ont change de<lb/>

peau ilz sont plus beaus</ab>

<ab>

<margin>left-middle</margin>

Les petits <al>lesards</al> quon prend l<tmp>este</tmp> de la grandeur
de petites <al>lesardes</al> gris sur le<lb/>

dos &amp; vers par dessoubs sont<lb/>

fort propres pour gecter en <m>argent</m><lb/>

&amp; <m>or</m> ou aultre<lb/>

<m>metal</m> pourcequilz<lb/>

ont lescaille plus rude que les <al>lesardes</al><lb/>

&amp; se monstrent mieulx</ab>

<ab>

<margin>left-middle</margin>

co<exp>mm</exp>e une tenaille

</ab>

</div>

<div>

<id>p111v_5</id>

<head>Composition de sable</head>

<ab>Tout estant recuit co<exp>mm</exp>e il est dit cy dessus Prens<lb/>

quattre 4 pleins <ms><tl>crusols</tl></ms> de <m>plastre</m> deulx 2 de
<m>brique</m><lb/>

&amp; un d<m>alum de plume</m> Ne passe pas par le <tl>tamis</tl>
pour<lb/>

mesler <del>May</del> pourceque l<m>alum</m> ne passeroit pas<lb/>

Mesle avecq les <tl><bp>mains</bp></tl> jusques que lun ne lautre<lb/>

ne blanc ne rouge ne se cognoisse parmy lautre<lb/>

Si ton <m>plastre</m> nestoit fort ny mesle pas du tout tant de
<m>alum<lb/>

de plume</m> Car il attendrist les <tl>moules</tl> Advise bien aussy
que<lb/>

ton sable ne soict pas chault (co<exp>mm</exp>e il est incontinent quil
a este<lb/>

recuit) <del>C</del> quand tu le vouldras destremper d<m>eau</m> Car
cela <del>les</del><lb/>

faict les <tl>moules</tl> trop tendres &amp; rompans

</ab>

<ab>

<margin>left-bottom</margin>

Tu peulx bien<lb/>

quelques fois diminuer<lb/>

la quantite du <m>plastre</m><lb/>

si tu ne le trouves asser<lb/>

fort pour resister au<lb/>

foeu &amp; sil se fend<lb/>

<del>&amp;</del>Affin que la partie<lb/>

des <m>tuiles pilees</m><lb/>

soubstienne avecq l<m>alum<lb/>

de plume</m> que tu<lb/>

pourras augmenter<lb/>

aussy affin quil<lb/>

fasse meilleure<lb/>

liaison<comment>c_111v_01</comment></ab>

</div>
</root>
