<root>
<page>080r</page>

<image>http://gallica.bnf.fr/ark:/12148/btv1b10500001g/f165.item</image>

<div>

<id>p080r_1</id>

<head>Mortier</head>

<ab>Ils en font de fine matiere &amp; de <m>fin cuivre</m> qui soict
capable<lb/>

de cinquante <ms>lb</ms> de <m>pouldre</m> en forme de <tl>barricot
renforce</tl><lb/>

Et ayant faict trou ras <del>de</del> terre <env>au pied dune
muraille</env><lb/>

avecq des <tl>birons</tl> Ils enchassent ledict mortier charge dans<lb/>

ce trou la gueule en hault Qui faict une grande bresche</ab>

</div>

<div>

<id>p080r_2</id>

<head><m>Stuc</m> blanc fort dur</head>

<ab><m>Cire blanche</m> <m>tormentine de <pl>venise</pl></m> <m>coquille
doeuf</m> &amp; <m>ceruse</m></ab>

</div>

<div>

<id>p080r_3</id>

<head>Fontaines</head>

<figure>

<id>fig_p080r_2</id>

<link>https://drive.google.com/open?id=0B9-oNrvWdlO5c3dLNVNsem9nTjQ</link>

</figure>

<ab>Si tu veulx faire monter une <m>eau</m> plus haulte que sa
source<lb/>

fais descendre un <tl>tuyau</tl> co<exp>mm</exp>e despuys a
<del>b</del>Jusques a b. affin de luy<lb/>

donner sault <del>a l<m>eau</m></del> puys de B jusques <add>a C</add>
fait remonter le <tl>tuyau</tl><lb/>

qui nateigne pas du tout a la haulteur de la source qui test
representee<lb/>

par ceste ligne couchee Puys fais encores descendre le
<tl>tuyau</tl><lb/>

de C. jusques a D puys le remonte plus hault que la ligne<lb/>

qui demonstre la haulteur de la source Et fais ainsy
consequem<exp>ment</exp><lb/>

jusques a ce que tu soys parvenu a la haulteur desiree
Observa<exp>n</exp>t<lb/>

neantmoings que la longueur du <tl>tuyau</tl> descendant soit <ms>deulx
fois<lb/>

plus longue que le <tl>tuyau</tl> montant</ms> Ce <tl>cornet</tl> aussy
replye<lb/>

en soy mesme te demonstre une fontaine perpetuelle que tu peulx<lb/>

adapter dans quelque roche attirant leau duquel il est remply<lb/>

par le bout marque en supant &amp; tirant lhaleine a soy Tu peulx<lb/>

aussy faire un tuyau de chantepleure en ceste sorte Affin que<lb/>

la longueur retroussee soict <ms>aussy longue</ms> que son tuyau droit
&amp;<lb/>

neantmoings ne descende pas si bas</ab>

<figure>

<id>fig_p080r_1</id>

<margin>left-middle</margin>

<link>https://drive.google.com/open?id=0B9-oNrvWdlO5N2U2RXB5UFc3TUE</link>

</figure>

<figure>

<id>fig_p080r_3</id>

<margin>left-middle</margin>

<link>https://drive.google.com/open?id=0B9-oNrvWdlO5R2ZBNWRseEpQdnc</link>

</figure>

</div>
</root>
