<root>
<page>010v</page>

<image>http://gallica.bnf.fr/ark:/12148/btv1b10500001g/f26.image</image>

<div>

<id>p010v_1</id>

<head>Pour paindre a <m>huile</m> sur<lb/>

<m>taffetas</m> <add>sans que l<m>huile</m> coure</add></head>

<ab>Il fault faire couche de <m>batture</m> qui se faict <del>de miel
bien<lb/>

cuit &amp; <m>tourmentine</m></del> de <m>colle</m> forte trempee 24
<ms>heures</ms> dans<lb/>

l<m>eau</m> puys legierement mise a bouillir affin quelle ne soict<lb/>

gueres forte Apres mesles y pour ladoulcir un peu<lb/>

de <m>miel</m> &amp; faicts bouillir tout ensemble Et sur<lb/>

ceste couche qui sera bien tost seiche tu pourras paindre a<lb/>

<m>huile</m> qui adoulcira encores davantage la couche qui te<lb/>

peult aussi servir a faire assiete d<m>or</m> L<m>eau dalum</m>
garde<lb/>

aussi l<m>huile</m> de courir</ab>

</div>

<div>

<id>p010v_2</id>

<head>Assiete d<m>or de foeuille</m> sur <m>parchemin</m><lb/>

ou <m>papier</m></head>

<ab>Fais <m>colle damydon</m> fort clere &amp; qui ne demonstre
poinct<lb/>

avoyr de corps Et en fais six ou cinq couches &amp; sur la<lb/>

derniere estant demy seiche aplique ton <m>or</m></ab>

</div>

<div>

<id>p010v_3</id>

<head>Pour nettoyer l<m>or de foeille</m> <lb/>

pose sur le <m>fer</m></head>

<ab>Frotte tes armes ou aultres pieces dorees de <m>fiente<lb/>

de <al>cheval</al> seche</m></ab>

</div>

<div>

<id>p010v_4</id>

<head>Pour blanchir la <m>ceruse</m></head>

<ab>Fais durcir des <m>œufs partis les par moictie &amp; oste le<lb/>

jaulne &amp; entre les deulx moicties du blanc</m> mects un lopin<lb/>

de <m>ceruse</m> &amp; les lie avecq du <tl>filet</tl> puys fais
bouillir da<exp>n</exp>s<lb/>

<m>eau claire</m> &amp; elle deviendra toute noire &amp; ainsy la
<m>ceruse</m><lb/>

demeurra bien purifiee Aulcuns la font recuire au feu<lb/>

&amp; devient fort blanche</ab>

</div>
</root>
