<root>
<page>103r</page>

<image>http://gallica.bnf.fr/ark:/12148/btv1b10500001g/f211.item</image>

<div>

<id>p103r_1</id>

<head>Contre bruslure excellent</head>

<ab>Chaufe de l<m>huile de <pa>lin</pa></m> a foeu doulx sans quil
bouille &amp;<lb/>

fremisse Mays co<exp>mm</exp>e il sera chault mects y le <ms>quart</ms>
dicelle<lb/>

de la <m>plus noeufve cire</m> que tu pourras Estants fondus<lb/>

laisses les refroidir &amp; co<exp>mm</exp>e ilz commanceront a se
cailler remue<lb/>

tousjours avecq une <tl>spatule de <m>bois noeuf</m></tl> <del>t</del>
tant que tu mettras<lb/>

a dire <del>un</del> 9 <ms>pater noster</ms> Et co<exp>mm</exp>e tu les
diras lave ceste composition<lb/>

avecq de l<m>eau beniste</m> tousjours remuant Ayant dict
le<add>s</add><lb/>

premier <add>9</add> <ms>pater noster</ms> verse la <m>premiere eau</m>
&amp; y en remects<lb/>

de nouvelle &amp; lave &amp; remue la composition l<ms>espace que tu
diras<lb/>

8 pater noster</ms> A la 3 lespace de 7 &amp; ainsy
consequem<exp>ment</exp><lb/>

<del>jusques</del> tu adjousteras <m>nouvelle eau</m> faisant
co<exp>mm</exp>e dessus jusques<lb/>

au dernier &amp; seul <ms>pater noster</ms> de noeuf Lors tu auras
un<lb/>

<m>onguent blanc &amp; doulx</m> duquel tu oingdras la brusleure<lb/>

l<ms><tmp>espace de 9 jours</tmp></ms> Mays ny en mects pas
dadvantage<lb/>

Car il te f<del>a</del>eroit surcroistre la <bp>chair</bp> Tu
<del>p</del>te penseras<lb/>

<ms><tmp>deulx foys le jour</tmp></ms> &amp; a chasque foys tu te
laveras le <bp>visaige</bp><lb/>

avecq <m>eau</m> &amp; <m>vin</m> mesles ensemble un peu tiedes Sans
frotter<lb/>

Mays co<exp>mm</exp>e le pressant avecq un <tl>linge mouille</tl> Et tu
lessuyeras<lb/>

de mesme <del>aff</del> avecq un <tl>linge deslie</tl> &amp; apres mects
l<m>unguent</m><lb/>

Sur lequel tu pourras mectre des <m>foeilles de <pa>lierre</pa></m>
Cecy<lb/>

faict renaistre le <bp>poil</bp> &amp; ne laisse poinct cicatrice
Un<lb/>

<pro>pouldrier</pro> qui sestoit presque tout brusle <del>ma</del> &amp;
qui navoict<lb/>

aulcune aparence de brusleure me la enseigne</ab>

</div>

<div>

<id>p103r_2</id>

<head>Contre la galle des <al>chiens</al></head>

<ab>Les <pl>Anglois</pl> qui caressent fort les <al>chiens</al> pour
le<lb/>

soin quils ont de leur bestail ont des <pro>penseurs</pro> diceulx<lb/>

qui <del>non</del> ont particulierem<exp>ent</exp> cet office Et faisant
fondre de<lb/>

la <m>pegue</m> dans de l<m>eau</m> &amp; ly laissant tremper frottent
les<lb/>

<al>chiens</al> de ceste <m>eau</m> ou bien avecq de l<m>eau de
sublime</m></ab>

</div>
</root>
