<root>
<page>105v</page>

<image>http://gallica.bnf.fr/ark:/12148/btv1b10500001g/f216.image</image>

<div>

<cont/>

<id>p105r_4</id>

<ab>Apres quand il sera bien <del>b</del>pris coupe le dessus de
labre<lb/>

qui excede ton abre <del>Ne</del> trois ou 4 <ms><bp>doigts</bp></ms> au
dessus de<lb/>

lescusson pour la premiere foys Et <del>apr</del> puys au plus pres<lb/>

affin quil se ferme Mais advise bien que quand tu feras<lb/>

ton escusson quil ny demeure point un petit trou par derriere<lb/>

le germe car cela te signifieroit que sa racine seroit rompue<lb/>

&amp; jamays ton hante ne prendroit Ains fais que le revers<lb/>

soict comble Ceste sorte dhanter se practique <ms><tmp>despuys la<lb/>

my may</tmp></ms> que les arbres ont desja boute &amp; faict
nouvelle<lb/>

mise <ms><tmp>jusques au commancem<exp>ent</exp> daougst</tmp></ms> Et
que les abres sont<lb/>

en sabe Les <pa>amendiers</pa> qui de leur naturel sont plus<lb/>

secs perdent plustost leur sabe partant qui y veult
ha<exp>n</exp>ter<lb/>

<pa>mericotons</pa> <pa>abricots</pa> &amp; hantes de noyau qui y sont
les<lb/>

meilleurs quils se hastent <ms><tmp>Au moys de Janvier</tmp></ms>
co<exp>mmun</exp>em<exp>ent</exp><lb/>

les abres de noyau co<exp>mm</exp>e <pa>perces mericotons</pa> se
hantent en<lb/>

fente On dict que les abres <del>de</del> hantes en piolet ou<lb/>

escusson sont plus tardifs a porter fruict quen fente</ab>

</div>

<div>

<id>p105v_1</id>

<head>Jardinier</head>

<ab>Il ne doibt pas estre fort curieulx de cultiver en son<lb/>

<env>jardin</env> des <pa><oc>armols</oc></pa> pource
<add>que</add><comment>c_105v_01</comment> quand le potaige &amp;
bouillon sen<lb/>

garde quelque peu froit il sy engendre des <al>vers</al></ab>

</div>

<div>

<id>p105v_2</id>

<head><pro>Fontanier</pro></head>

<ab>Le <m>plastre recuit</m> comme tu verras cy apres au discours<lb/>

du <pro>mouleur</pro> destrempe promptem<exp>ent</exp> en <m>eau</m>
&amp; mis aulx joinctures<lb/>

des conduicts des fontaines <del>s</del> resiste aulta<exp>n</exp>t que
<m>stuc</m> qui <lb/>
soit</ab>

</div>

<div>

<id>p105v_3</id>

<head>Prendre <al>rossignols</al> <add>Voy le 15 foeillet<lb/>

cy apres</add></head>

<ab>Pour les attraper il fault observer leur naturel la viande<lb/>

quilz aiment le plus &amp; le <tmp>temps de leur volupte</tmp> Le
<al>rossignol</al><lb/>

aultant quil chante mainctient un quartier pour luy tout seul<lb/>

Aproche doncq faisant semblant de chercher en terre quelque<lb/>

chose Et ayant des <al>vers</al> qui viennent dans les vielles
farines<lb/>

ou dessoubs les mects a pestrir ou aulx moulins dou il est fort<lb/>

friand Mects en sur ton <tl>chapeau</tl> quelquun attache avecq un
<tl>espingle</tl><lb/>

ou aultrem<exp>ent</exp> affin quil se remue Et a cinq ou six
<ms>pas</ms> de la haye<lb/>

ou il chante fais un trou en terre &amp; y mects des <al>vers</al> Et
ton <tl>engin<lb/>

de petits bastons en croix</tl> Il luy tardera que tu ne sois hors de
la<lb/>

pour aller voir ce que tu auras faict Et voya<exp>n</exp>t des
<al>vers</al> il entrera</ab>

<ab><margin>left-bottom</margin>

Aulcuns les<lb/>

vendent sur<lb/>

labre</ab>

<ab><margin>left-bottom</margin>

<env><tmp><comment>c_105v_01</comment>Le soir et le<lb/>

matin</tmp> a la fraischeur<lb/>

vers les fontaines<lb/>

&amp; lieulx ombrageulx</env><lb/>

est plus propre<lb/>

pour les prendre</ab>

</div>

<div>

<id>p105v_4</id>

<head><al>Rossignol</al></head>

<ab>Il fault que le fil<lb/>

de <m>fer</m> de sa cage<lb/>

soict du plus gros<lb/>

affin que pensant sortir<lb/>

il ne se blesse Couvre<lb/>

au coma<exp>n</exp>cem<corr><exp>ent</exp></corr> quil est<lb/>

pris sa cage de <tl>toile</tl><lb/>

Il le fault paistre le premier <ms><tmp>jour</tmp></ms> par
co<exp>n</exp>traincte l<del>uy</del>e <del>donnant</del> prenant hors
de la cage dans la<lb/>

<bp>main</bp> &amp; luy ouvrir le bec &amp; avecq une <tl>petite poincte
de <m>bois</m></tl> luy mectre dans la gorge &amp; luy faire<lb/>

avaller Et co<exp>n</exp>tinuer ainsy jusques a ce<lb/>

quil ne soit plus opiniastre Cela se faict<lb/>

pour lentre<lb/>

tenir<lb/>

Car<lb/>

sil<lb/>

samai<lb/>

grissoit<lb/>

il mourroit</ab>

</div>

<div>

<id>p105v_5</id>

<head><al>Rossignol</al></head>

<ab>Il luy fault une cage<lb/>

faicte en <env>gra<exp>n</exp>ge</env><lb/>

co<exp>mm</exp>e celle des <al>calandres</al><lb/>

double de <tl>drap vert</tl><lb/>

pourcequil craint le <env>froid</env> et pour lacoustumer<lb/>

a manger au commancem<exp>ent</exp> quil est prins en<lb/>

<tl>cage</tl> Il luy fault donner des <m><al>fourmis</al><lb/>

avecq de la terre</m><lb/>

au fonds de sa<lb/>

<tl>cage</tl> pour lacoustumer<lb/>

de picoter <del>Puys luy</del><lb/>

Et luy donner dun<lb/>

<m>cœur de <al>mouton</al> hache</m><lb/>

&amp; tantost des <m>oeufs</m><lb/>

&amp; des <m><al>vers de farine</al></m></ab>

</div>
</root>
