<root>
<page>104r</page>

<image>http://gallica.bnf.fr/ark:/12148/btv1b10500001g/f213.image</image>

<div>
<id>p104r_1</id>
<head>Pour manger et dissouldre l<m>or</m> tout pur</head>

<ab>R<exp>ecipe</exp> mects du <m>sel commun</m> dans de l<m>eau
fort</m> en un <tl>matras</tl><lb/>

Et le laisse reposer deux <ms><tmp>heures</tmp></ms> sans le mectre sur
le foeu<lb/>

Mectes y l<m>or</m> fort tanvre et le tires co<exp>mm</exp>e sil avoict
este<lb/>

desparty d<m>argent</m></ab>

</div>

<div>
<id>p104r_2</id>
<head>Pour graver sur <m>fer</m></head>

<ab>Une <ms><figure>℥</figure></ms> de <m>verdet</m> ii
<ms><figure>℥</figure></ms> de <m>gros sel</m> &amp; un peu de
<m>sublime</m><lb/>

Ou aultrement broye du <m>massicot</m> avecq <m>huile de
<pa>lin</pa></m> et<lb/>

<del>u</del> en couvre <del>ce</del> la lame ou <m>fer bien net &amp;
poly</m> &amp; laisse seicher<lb/>

<env>au foeu</env> ou <env>au soleil</env> Et tire dessus ce quil te
plaira<lb/>

Puys pour le graver &amp; faire l<m>eau</m> prens pour un
<ms><cn>liard</cn></ms><lb/>

de <m>verdet</m> &amp; mects <ms>deulx fois aultant</ms> de <m>gros
sel</m> &amp;environ<lb/>

quattre <ms>grains</ms> de <m>sel armoniac</m> &amp; six <ms>grains</ms>
de <m>sublime</m><lb/>

&amp; fault que l<m>eau</m> ne soict pas chaulde</ab>

</div>

<div>
<id>p104r_3</id>
<head>Bonne saulce a colorer lor</head>

<ab><m>Soufre</m> &amp; <m>gravelle</m> <ms>aultant dun que daultre</ms>
&amp; la <ms>tierce<lb/>

partie</ms> de <del>soufr</del> <m>sel</m> &amp; aultant de <m>terra
merita</m> que de <lb/>

<m>soufre</m></ab>

</div>

<div>
<id>p104r_4</id>
<head><m>Argenter</m> sur <m>cuivre</m> et <m>letton</m></head>

<ab>Molles l<m>argent</m> co<exp>mm</exp>e l<m>or</m> &amp; le charges
co<exp>mm</exp>e si vous voulies<lb/>

<m>dorer</m> Et ne le laisse chaufe que l<m>argent</m> ne se
ternisse<lb/>

point Et apres quil sera bien charge bouilles le en <m>huile<lb/>

de <pa>noix</pa></m> &amp; apres chaufes le un peu &amp; le bouttes en
<m>boutteure<lb/>

doulce</m></ab>

</div>

<div>
<id>p104r_5</id>
<head><m>Esmailler</m> une <m>cornaline</m></head>

<ab>Destrempe de la <m>fleur de <pa>froment</pa></m> avecq du <m>vin
blanc</m> puys<lb/>

en barboille &amp; couvre toute la <m>cornaline</m> Et recuis la
violette<lb/>

apres mects la tremper dans du <m>vin blanc</m> une
<ms><tmp>heure</tmp></ms> ou deulx<lb/>

puys gratte la &amp; laisse ce que tu vouldras espargne dessus<lb/>

puys la recharge encores un peu dessus</ab>

</div>
</root>
