<root>
<page>095r</page>

<image>http://gallica.bnf.fr/ark:/12148/btv1b10500001g/f195.image</image>

<div>

<cont/>

<id>p094r_1</id>

<ab>Le <pro>fourbisseur</pro> achepte ses lames a <ms>douzaine</ms> qui
ne sont pas<lb/>

achevees destre tirees par la queue pourcequil faict cela luy mesme<lb/>

pour les bien adjouster au <del>l</del> pommeau &amp; gardes</ab>

<ab>Les <pl>espaignolles</pl> sont estimees meilleures pour estre de
<m>meillleur acier<lb/>

&amp; fer</m> Mays elles ne sont pas si bien <tl>forgees</tl> que les
espees de <pl>vienne</pl><lb/>

en <del>pro</del> <pl>daulphine</pl> Les <pl>espaignolles</pl> ne sont
pas aussy bien esmoulues<lb/>

venant de la <tl>forge</tl> pour ce quils les esmoulent avecq le
<tl><bp>pied</bp></tl> &amp; cest<lb/>

ce qui les faict trouver ondees</ab>

<ab>Les lames de <pl>vienne</pl> costent communem<exp>ent</exp> xviii ou
19 <ms><cn>lb</cn> la douzaine</ms></ab>

<ab>La premiere chose que faict le <pro>forbisseur</pro> ayant ses lames
neufves<lb/>

cest de luy estirer la queue ce quil faict ou faict faire aulx<lb/>

<pro>serruriers</pro> ou <pro>mareschaulx</pro> luy donnant quelque
<cn>liart</cn> pour son<lb/>

charbon Apres ilz la passent par la <tl>meule</tl> pour la faire<lb/>

trancher Puys lestendent sur le <tl>chameau</tl> Et <add>avecq</add> de
l<m>esmeril pulverise</m><lb/>

subtil &amp; doulx c<exp>omm</exp>e <m>farine</m> &amp; destrempe
d<m>huile</m> pour le faire tenir<lb/>

ilz fourbissent lespee avecq le <tl>baston</tl> pour oster les traicts
de<lb/>

la <tl>meule</tl> et puys <del>le</del> nettoyent
<del>po</del><add>bien</add> lespee de l<m>esmeril</m> Et luy
donnent<lb/>

une <ms>goute</ms> ou deulx d<m>huile</m> quilz estandent avecq le
<tl><bp>doigt</bp></tl> pour luy<lb/>

donner lustre Et ayant mis l<m>huile</m> Ils fourbissent encores
lespee<lb/>

sur le <tl>chameau</tl> avecq le <tl><m><df>felin</df></m></tl> qui est
une <tl><m>pierre de fouldre</m></tl><lb/>

manchee au milieu dun baston c<exp>omm</exp>e la <tl>fustee</tl> Et ce
baston<lb/>

sappelle le <tl><df>baston a <m>felinder</m></df></tl> Apres layant
passe par le <tl><m>felin</m></tl><lb/>

ilz la fourbissent avecq de la <m>croye</m> &amp; l<m>huile</m> qui est
dessus lespee<lb/>

Apres lessuyent &amp; la repassent &amp; fourbissent avecq de la
<m>croye<lb/>

seiche</m> Et a la fin quand elles sont achevees de monter on leur<lb/>

donne le fil avec le <tl>gratteau</tl> <del>Ai</del></ab>

<ab>Estant fourbye on la monte sur les gardes lesquelles on
presente<lb/>

pour scavoir si elles conviendront bien Et empoignant une lame<lb/>

de sorte que tout le talon soict compris dans la <tl><bp>main</bp></tl>
on conjecture<lb/>

quelle sera aussy poisante estant montee</ab>

<ab>On mect la lame dans un <tl>estoc</tl> entre deulx morceaulx de
<m>boys</m><lb/>

puys avecq une <tl>lime</tl> ilz agrandissent si besoing est lentree de
la<lb/>

garde Puys pour la river on pose sur la ribeure <del>un lopin
de</del><lb/>

&amp; pommeau un lopin de <m>bois</m> &amp; avecq un <tl>marteau</tl> on
frappe dessus<lb/>

pour faire bien aplomber &amp; asseurer le pommeau Puys avecq le<lb/>

<tl>marteau</tl> on acheve la ribeure quand le marteau est bien asseure
&amp;<lb/>

ne bransle point Le <m>bois</m> si mect pour ne gaster point le
pommeau<lb/>

Apres on acommode la ribeure avecq la <tl>lime</tl> ou avec un
<tl>ciseau</tl><lb/>

Et aulcuns font <del>le b</del> la riveure en table de diamant quarre
mays<lb/>

elle nest pas si bonne que la ronde car a la quarre la riveure se<lb/>

couppe</ab>

<cont/>

</div>
</root>
