<root>
<page>156v</page>

<image>http://gallica.bnf.fr/ark:/12148/btv1b10500001g/f318.item.r=</image>

<div>
<id>p156v_1</id>
<head>Mouler une <al>mousche</al></head>

<ab>P<exp>rens</exp> des plus <al>grosses <del>vo</del>mouches</al> qui
vont aulx <env>gardema<exp>n</exp>gers</env><lb/>

qui ne soient poinct pelues sil est possible si elles le sont<lb/>

oints leur lanuge &amp; poil folet d<m>huile d<pa>olif</pa></m>
legerem<exp>ent</exp> pour<lb/>

le faire coucher Prens les aussy et les employe le<lb/>

plus tost que tu pourras apres quelles sont mortes pourceque<lb/>

si tu les laissois beaucoup seicher l<del>e</del>eurs jambes se<lb/>

romproient quand tu les vouldrois estandre Il fault<lb/>

aussy pour les faire mieulx venir les poser sur quelque<lb/>

chose co<exp>mm</exp>e foeuille ou aultre chose semblable pour
ayder<lb/>

le gect de leurs petites jambes qui sont si frangibles<lb/>

que delles mesmes elles ne viendroient pas bien au gect Elles<lb/>

se peuvent planter sur une foeuille de <pa>sauge</pa> ou semblable<lb/>

Elles se gectent bien en <m>argent</m> &amp; en <m>or</m> Mays on
faict<lb/>

communem<exp>ent</exp> les jambes &amp; aisles a part &amp; on les
raporte<lb/>

Jen ay moule une sur un<del>e</del><add>g</add> <del>foeuille de
<pa>saulge</pa></del> bouquet de <pa>sauge</pa><lb/>

qui avoict sept ou huict foeuilles Et pour fayre son<lb/>

plant <del>att</del> jarrestay ses pates <del>au</del> sur la plus
large<lb/>

foeuille avecq un peu de <m>cire fondue</m> &amp; raportee avecq
un<add>e</add><lb/>

<tl>poincte de <m>fil de fer</m> chaulde</tl> Et affin que les
aisles<lb/>

vinssent mieulx joignis le dessoubs dicelles de <m>beurre<lb/>

fondu</m> avecq un <tl>petit pinceau</tl> Et avecq la mesme
<tl>poincte<lb/>

de <m>fil de fer</m> chault</tl> joignis les jambes &amp; pattes
d<m>huile<lb/>

de <pa>froment</pa></m> Et pour abattre &amp; faire coucher le poil
<add>lanugineux</add><lb/>

quelle avoit je loignis aussy <del>u</del><add>d</add>un peu d<m>huile
d<pa>olif</pa></m></ab>

<ab>Je ne laissay pas beaucoup seicher l<m>huile de <pa>froment</pa></m>
pourceq<exp>ue</exp><lb/>

il est espes &amp; ha corps &amp; que l<m>eau de vye</m> ny prent
point</ab>

<ab>Pour lonction l<del>a</del><add>e</add> <m>suif</m> est trop aspre
la <m>gresse de <al>porceau</al></m><lb/>

est trop molle Et le <m>beurre</m> est le plus excellent pource
quil<lb/>

est plustot sec &amp; caille &amp; incontinent fondu &amp; plus
ferme<lb/>

Advise que les jambes &amp; pattes soient bien assises sur la<lb/>

foeuille &amp; nen soient pas hors Car ce qui excederoit<lb/>

ne viendroit pas si bien mesmem<exp>ent</exp> en <m>argent</m>
pourceque<lb/>

cela <del>excederoit le</del> <add>si subtil</add> ne seroit pas ayde du
gect Et de vray<lb/>

les pates qui estoient couchees sur la foeuille sont bien venues
Mays<lb/>

celles qui passoient de foeuille en foeuille &amp; demeuroient au
vague<lb/>

ne sont pas venues en <m>estain</m> Le reste de la <al>mouche</al> est
bien<lb/>

venu Et mesmem<x><exp>ent</exp></x> le bouquet de <pa>sauge</pa> qui est
fort beau moule</ab>

<ab>
<margin>left-top</margin>
On la pourroit bien gecter d<m>or</m> &amp; d<m>argent</m> sans les
pieds &amp; sans lapliquer sur une fleur<lb/>

en faisant le gect soubs le ventre<lb/>

&amp; raportant par <m>souldure</m> les pieds<lb/>

&amp; si besoing est les aisles de mesme <m>metal</m> &amp; se
pourroit<lb/>

<m>esmailler</m> en forti<lb/>

fiant un peu les<lb/>

aisles &amp; pieds co<exp>mm</exp>e<lb/>

dict est</ab>

<ab>
<margin>left-middle</margin>
Si ta <pa>sauge</pa> ou<lb/>

branche a quelque<lb/>

chose a reparer<lb/>

fais co<exp>mm</exp>e cy dessoubs<lb/>

est dict Et puys<lb/>

pains selon le<lb/>

naturel

<figure>

<id>fig_p156v_1</id>

<link>https://drive.google.com/open?id=0B9-oNrvWdlO5VjFPeWlJc05CbDQ</link>

</figure>

</ab>

<ab>
<margin>left-middle</margin>

Estant gectee en <m>or</m><lb/>

on <m>esmaille</m> les aisles<lb/>

avecq du <m>verre de vitre<lb/>

de <pl>lorraine</pl></m> qui est<lb/>

verdesin et transparens<comment>c_156v_01</comment></ab>

<ab>
<margin>left-middle</margin>
Il fault faire<lb/>

le gect de la <al>mouche</al><lb/>

par le cul <del>affin</del><lb/>

avecq <m>cire fondue</m><lb/>

adaptee avecq la<lb/>

<tl>poincte de <m>fer</m></tl> co<exp>mm</exp>e<lb/>

tu scais a laquelle<lb/>

la <al>mouche</al> sattache<lb/>

&amp; puys la <m>cire</m> se<lb/>

fondant sert de<lb/>

gect a la <al>mouche</al>

</ab>

<ab>
<margin>left-middle</margin>

<figure>+</figure>
Sil vient quelque<lb/>

default aulx aisles<lb/>

de ta <al>mouche</al> bas de<lb/>

l<m>estain</m> fort tanvre<lb/>

ou d<del>&amp;</del><m><add>o</add>r</m> ou d<m>argent</m><lb/>

si tu len as gectee<lb/>

&amp; <del>avecq</del> taille avecq<lb/>

des <tl>ciseaulx</tl> ce quil<lb/>

y fault raporter &amp;<lb/>

apres aplique le avecq<lb/>

tes <tl>pincettes</tl> &amp; le <m>colle</m><lb/>

avecq <m>colle de <al>poisson</al></m><lb/>

acoustree co<exp>mm</exp>e cy dessoubs<lb/>

est mis Et plustost<lb/>

chaufe legerem<corr><exp>ent</exp></corr> ton<lb/>

ouvrage affin que sa<lb/>

froideur ne refuse<lb/>

point la <m>colle</m> qui sera<lb/>

bien tost seche la<lb/>

chaufant de loing<lb/>

Apres couvre legerem<x><exp>ent</exp></x><lb/>

les joinctures de la chose raportee avecq de la <df><m>cire a
esbaucher</m></df> qui est <m>cire blanche</m> meslee<lb/>

de beaucoup de <m>ceruse</m> ou <m>blanc de plomb</m> la parfondant
avecq une <tl>poincte de <m>fer</m> chaulde</tl> Tu couperas<lb/>

aussy de petits bouts de <m>corde d<mu>espinette</mu></m> &amp; les
<m>colleras</m> avecq ladicte <m>colle</m> &amp; estants secs Cest a
scavoir<lb/>

les pieds repares de cela tu les engrossiras avecq de ceste mesme
<m>cire fondue</m> pour les rendre esgaulx</ab>

</div>
</root>
