<root>
<page>090r</page>

<image>http://gallica.bnf.fr/ark:/12148/btv1b10500001g/f185.image</image>

<div>
<id>p090r_1</id>
<head><m>Sel armoniac</m> et <m>mache de fer</m></head>

<ab>Jay pulverise le <m>sel armoniac</m> bien seiche au foeu &amp;
dans<lb/>

un <tl>mortier de <m>bronze</m></tl> chault Et lay passe par le
<tl>double<lb/>

tamis</tl> il est venu bien subtil Mays pour le rendre encores<lb/>

plus delicat Je lay broye a sec sur le <tl><m>porphire</m></tl>
Puys<lb/>

je lay mesle avecq de la <m>mache de fer pulverisee &amp;
subtiliee</m><lb/>

de mesme sorte Et tous deulx moulent tresnet les choses de<lb/>

bas relief sans estre humectes <env>au <tmp>serain</tmp></env> ou en la
<env>cave</env> ou<lb/>

aultrem<exp>ent</exp> avecq la <tl>serviete</tl> &amp; il despouille
fort net</ab>

</div>
<div>
<id>p090r_2</id>
<head>Sable</head>

<ab>Les <pro>mouleurs</pro> de <pl>foix</pl> qui gectent les medailles
de<lb/>

travers usent de <m><la>crocum ferri</la></m> et <m>ardoise calcinee</m>
Cest pour<lb/>

chose fort platte</ab>

</div>
<div>
<id>p090r_3</id>
<head>Que tout sable se peult rendre bon</head>

<ab>Les <pro>artisans qui travaillent en grands ouvraiges</pro> &amp;
qui ont besoing<lb/>

pour avancer leur gaing de chercher des choses toutes præparees de
nature<lb/>

a cause quelle ne vent poinct a ses enffans ses denrrees Et pour
gaigner<lb/>

aussy le temps quilz employeroient a subtilier &amp; præparer
artificiellem<exp>ent</exp> des<lb/>

sables Cherchent <m>celuy de<del>s</del> <env>mine</env></m>
<del>s</del> qui nest ne trop gras ce participant<lb/>

de la <m>terre</m> ne trop maigre &amp; par consequent sans liaison Ains
qui se<lb/>

tire <env>au profond de la sablonniere</env> a certains mattons &amp;
glebes qui demonstrent<lb/>

sa naturelle compaction qui est asses difficille a rompre &amp; qui ha
le grain<lb/>

fort menu &amp; subtil &amp; <sn>qui se trouve doulx en le maniant entre
les <tl><bp>doigts</bp></tl></sn><lb/>

Et pourceque tel ne se trouve gueres que <env>pres des rochers aulx
pays<lb/>

montueulx</env> Ou <env>aulx territoires maigres</env> &amp; participans
de l<m>arene</m> Il ne<lb/>

sen trouve pas <del>en</del> <env>aulx environs de toutes les <pl>bonnes
villes</pl></env> ou volontiers<lb/>

les <pro>artisans</pro> se retirent Et par ainsy silz nen ont <env>pres
de leur demeure</env><lb/>

Ils ayment mieulx le faire venir de loing co<exp>mm</exp>e de
<pl>Lyon</pl> de <pl>venise</pl> de<lb/>

<pl>parys pres la S<exp>ainc</exp>te chappelle</pl> &amp; semblable
lieulx Que de le praeparer<lb/>

Toutesfoys tu peulx estre certain quen tout lieu tu peulx rendre le
<m>sable de <env>mine</env></m></ab>

<cont/>

</div>
</root>
