<root>
<page>136v</page>

<image>http://gallica.bnf.fr/ark:/12148/btv1b10500001g/f278.image</image>

<div>

<id>p136v_1</id>

<head>

Pour gecter en <m>letton</m></head>

<ab>

Le <m>letton de poilons ou lon faict la bouillye des <pro>petits<lb/>

enffans</pro></m> qui est doulx est propre pour le gect Aulcuns
disent<lb/>

que les <m>gectons d<pl>allemaigne</pl></m> <del>sont</del> tiennent
beaucoup de <m>calamine</m><lb/>

Touteffois co<exp>mm</exp>e ils sont tenvres la <m>calamine</m>
sex<add>h</add>ale en les<lb/>

fondant co<exp>mm</exp>e elle faict en tout <del>meta</del> <m>letton
refondu</m> qui par<lb/>

reiteration de fonte retourneroit rouge Touteffois la<lb/>

<m>calamine fresche</m> &amp; toute seule mise de nouveau sur le
<m>letton<lb/>

fondu</m> le faict courre &amp; gecter nect pourceque celle qui est<lb/>

dans le <m>letton <del>de</del> refondu</m> est demy corrompue de son
naturel<lb/>

&amp; le faict soufler &amp; tempester pourcequelle est disposee a<lb/>

sexhaler Employe doncq la <m>calamine</m> seule a part<lb/>

soy toute recente sur le <m>letton fondu</m> Advise de gecter<lb/>

fort chault &amp; que ton <tl>moule</tl> soict rouge co<exp>mm</exp>e en
l<m>or</m> <m>argent</m><lb/>

<m>cuivre</m> &amp; <m>metal</m> Si tu gectes de la <m>calamine</m>
recente <md>garde<lb/>

toy de la <m>fumee</m> car elle est pernicieuse</md> Jay vouleu
employer<lb/>

pour gecter medailles des <m>gectons d<pl>allemaigne</pl></m> &amp; en
ay prins<lb/>

trente &amp; xii <m>cloux de rosette</m> co<exp>mm</exp>e pour chaires
qui sont de<lb/>

<m>laitton doulx</m> Ceste matiere tena<exp>n</exp>t fort de la
<m>calamine</m><lb/>

co<exp>mm</exp>e tout <m>laitton fort jaulne</m> a faict force fumee qui
est ce<lb/>

qui empesche le <m>laitton</m> de courir <add>et faict soufler</add>
Fais force souspirails<lb/>

&amp; gecte fort chault que ton <m>letton</m> soict blanc
co<exp>mm</exp>e <m>eau</m> ou<lb/>

<m>argent fondu</m> &amp; de mesme sorte quun mirouer d<m>acier</m> fort
poly<lb/>

La seconde fusion vient mieulx pourcequil y a de la <m>calamine</m><lb/>

exalee et ne faict pas tant de <m>fumee</m> Si cest en
<tl>chassis</tl><lb/>

qui ne se rompe point &amp; soubstiene l<del>a</del>e second gect
viendra<lb/>

net pourcequil est imbu de la <m>fumee calaminayre</m> qui<lb/>

embrasse &amp; recoyt la seconde Le <m>sel armoniac</m> seul mis<lb/>

dans le <m>laitton</m> le rend net &amp; luisant L<m>huile
tingente</m><lb/>

encores plus Il ne luy fault aultre sable que le præcedent<lb/>

en noyau &amp; que le <tl>moule</tl> soict rouge co<exp>mm</exp>e pour
l<m>or</m> Fais<lb/>

force souspirails Et si tu gectois <m>letton jaulny</m> avecq la<lb/>

<m>tuthie præparee</m> tu naurois point de <m>mauvaises fumees</m></ab>

<ab>

<margin>left-middle</margin>

Ce <m>metal</m> est fort<lb/>

fantasque a gecter<lb/>

a cause des <m>fumees<lb/>

de la calamine</m><lb/>

Et ne le fault<lb/>

pas laisser <del>pass</del><lb/>

reposer tant soit<lb/>

peu hors du foeu<lb/>

co<exp>mm</exp>e aucuns font<lb/>

l<m>argent</m> Car il est<lb/>

incontinent froit<lb/>

quand il sent l<env>air</env><lb/>

et le <env>vent</env> Il laisse<lb/>

tousjours quelque<lb/>

queue co<exp>mm</exp>e le <m>verre</m><lb/>

quand tu le gectes<lb/>

Les <pro>gecteurs</pro> ne<lb/>

prenent pas co<exp>mmun</exp>em<corr><exp>ent</exp></corr><lb/>

de ce <m>laicton tant<lb/>

jaulne</m> a cause de<lb/>

la <m>calamine</m> passee<lb/>

par le foeu<lb/>

Mays en voula<exp>n</exp>t<lb/>

gecter le <m>cuivre<lb/>

rouge</m> le jaulnissent<lb/>

ou avecq de la<lb/>

<m>calamine fresche</m><lb/>

ou avecq de la<lb/>

<m>tuthie præparee</m><lb/>

Voulant gecter<lb/>

on le purifie bien<lb/>

des <m>charbons</m><lb/>

avecq une <tl>queue<lb/>

de <m>cuivre</m> ou de<lb/>

<m>fer</m></tl> Et on le<lb/>

couvre dun <tl><m>linge</m><lb/>

trempe dans de<lb/>

la <m>graisse de<lb/>

<al>porc</al></m> mesle<corr>e</corr> de<lb/>

<m>salpestre</m> ou <m>sel armoniac</m></tl><lb/>

pour le garder du <env>vent</env> &amp; de<lb/>

froidir</ab>

</div>
</root>
