<root>
<page>040v</page>

<image>http://gallica.bnf.fr/ark:/12148/btv1b10500001g/f86.image</image>

<div>

<id>p040v_1</id>

<head>Croix des <pro>commandeurs<lb/>

de <pl>malte</pl></pro></head>

<ab>Ce beau <m>rouge clair</m> qui faict le champ de la croix<lb/>

blanche d<m>esmail</m> est <del>sang</del> larme fine de <m>sang de
<al>dragon</al></m><lb/>

destrempe en <m>eau de vye</m> Ou bien <m>laque platte
d<pl>inde</pl></m><lb/>

qui a mon advis se faict en <pl>flandres</pl> Destrempee avecq<lb/>

<m>tormentine claire</m> &amp; <m>larme de mastic</m> &amp; posee sur
une foeille<lb/>

d<m>argent</m> non pas de celle dont usent les <pro>painctres</pro>
Mays<lb/>

de celle plus espesse qui est brunie par <pro>ceulx qui font les<lb/>

foeilles de pierrerie</pro> <del>Av</del> ou par les <pro>orfevres</pro>
&amp; cella luy<lb/>

donne ce bel esclat</ab></div>

<div>

<id>p040v_2</id>

<head><m>Letton</m> et <m>calamine</m></head>

<ab>Les <pro>fondeurs</pro> ne fondent pas le <m>letton</m> en <tl>four
<del>a vent</del><add>de souflets</add></tl><lb/>

Mays dans des <tl>creusets</tl> Car dans le <tl>four a vent
<add>souflets</add></tl> &amp;<lb/>

parmy les <m>charbons</m> la <m>calamine</m> sen yroit
<del>A</del></ab></div>

<div>

<id>p040v_3</id>

<head><m>Metal</m></head>

<ab>L<m>estaim doibt estre pur</m> Car sil y a du <m>plomb</m> il
sen<lb/>

va en fumee en fondant L<m>estain</m> mesle tient long temps<lb/>

au foeu Mays la <m>cendree</m> le separe</ab></div>

<div>

<id>p040v_4</id>

<head><m>Eau fort</m></head>

<ab>Si ta <tl>cornue</tl> est bien lutee il ne la fault poinct
entourner<lb/>

de <tl><m>cendres</m></tl> qui ne feroient quempescher de bien chasser
les<lb/>

<m>espricts</m> Mays quand tu luy donneras sur la fin feu de<lb/>

chasse entourne la de charbons qui plustost soient allumes ailleurs<lb/>

co<exp>mm</exp>e doibvent estre ceulx du <tl>fourneau</tl> affin quilz
ne petillent<lb/>

poinct &amp; ne fassent poinct de fumee Mects lesdicts charbons<lb/>

allumes aultour le corps de la <tl>cornue</tl> &amp; non pas pres du
col<lb/>

qui na poinct besoing destre si vivement chaufe La <tl>grille<lb/>

haulte</tl> ou tu assois ta <tl>cornue</tl> est asses distante dun
<ms>dour</ms> ou<lb/>

<ms>demy <bp>pied</bp></ms> de la <tl>grille basse</tl> ou se mect le
charbon Car en ce<lb/>

faisant il ne sen gaste pas tant</ab>

</div>
</root>
