<root>
<page>163r</page>

<image>http://gallica.bnf.fr/ark:/12148/btv1b10500001g/f331.image</image>

<div>

<id>p163r_1</id>

<head><pro>Parfumeur</pro></head>

<ab>Ils mectent volontiers <ms>moictie</ms> d<m>ambre</m> &amp;
<ms>moictie</ms> <m>musc</m> &amp; fort<lb/>

peu de <m>civette</m> pourceque l<m>ambre</m> emporte tousjours la<lb/>

principalle <sn>senteur</sn> sur le <m>musc</m></ab>

<ab>Pour espargner l<m>ambre</m> ilz mectent volontiers aulx
couches<lb/>

blanches un peu de <m>musc</m> &amp;<comment>c_163r_01</comment>
@<del>pour l</del> qui donne <sn>senteur</sn><lb/>

plus violente Mays pour oster <del>la</del> ou cacher la noirceur<lb/>

du <m>musc</m> Ils y mectent un peu d<m>amydon
d<pl>angleterre</pl></m><lb/>

qui est parfaitem<exp>ent</exp> blanc</ab>

<ab>

<del>Quand l<m>ambre</m></del><lb/>

Pour parfumer d<m>ambre blanc</m> a la facon de<lb/>

<pl>portugal</pl> prens un huchau d<m>ambre</m> bien esmenuisse<lb/>

Et ayant mis dans une <tl>petite escuelle d<m>argent</m></tl> une
<tl><ms>cuillere</ms></tl><lb/>

<del>d<m>argent</m></del>d<m>huile de fleur</m> ou en default d<m>huile
de ben</m><comment>c_163r_02</comment>@<lb/>

Scavoir est une <env><tl>cuillere d<m>argent</m></tl> quon sert a
table</env><lb/>

Mects y ton <m>ambre gris</m> &amp; pose tout sur foeu lent<lb/>

et il se fondra bien tost si l<m>ambre</m> est bon &amp; ny
demeurera<lb/>

rien grumeleux Estant le tout fondu mects y la<lb/>

<ms>grosseur dun pinon</ms> de <m>civette</m> &amp; fais fondre &amp;
mesler<lb/>

bien ensemble Apres prens tes <tl>gands</tl> bien laves<lb/>

&amp; bien essuicts &amp; trempant fort
legerem<corr><exp>ent</exp></corr> le <tl>bout<lb/>

du <bp>doigt</bp></tl> <del>sur</del> dans le bort de l<m>huile</m>
estants sur le<lb/>

<tl>gand</tl> peu a peu &amp; avecq patience &amp; frotte le
<tl>gand</tl><lb/>

entre les <bp>mains</bp> &amp; suis les doigts &amp; les costures
lune<lb/>

apres laultre Et laisse seicher Apres resuicts<lb/>

co<exp>mm</exp>e devant jusques a ce que l<m>ambre</m> soict tout
pose</ab>

</div>

<div>

<id>p163r_2</id>

<head><m>Eau de vye</m></head>

<ab>Elle est excellente a fayre mouler net de sorte quau lieu<lb/>

ou tu nen mectras point le sable communem<exp>ent</exp> sattaquera
a<lb/>

la figure Mays elle veult estre de trois passes Et pourceque<lb/>

elle ne prend pas aysem<exp>ent</exp> sur les choses <m>huilees</m> je
croy<lb/>

quil seroit bon den mectre parmy l<m>eau</m> dans laquelle tu<lb/>

destrempes ton sable</ab>

</div>
</root>
