<root>
<page>159v</page>

<image>http://gallica.bnf.fr/ark:/12148/btv1b10500001g/f324.item.r=</image>

<div>
<id>p159v_1</id>
<head>Nettoyer limes</head>

<ab>Quelques fois elles sengraissent &amp; par le moyen de la<lb/>

<m>graisse</m> le <m>plomb</m> qui est gras de soymesme ou aultre<lb/>

<m>limaille</m> si attaque Et tu les pourras nettoyer ou avecq<lb/>

un <m>charbon chault</m> ou avecq une <tl>grattebroisse de <m>fil<lb/>

de laitton</m></tl></ab>

</div>

<div>
<id>p159v_2</id>
<head><pa>Oeillet</pa></head>

<ab>Il se moule co<exp>mm</exp>e la <pa>rose</pa> <pa>soulcy</pa> &amp;
toutes aultres<lb/>

fleurs ainsy que dict est scavoir les fleurs a<lb/>

moule entier &amp; toutes les foeilles si tu veulx<lb/>

a deulx moicties pour les raporter par <m>souldure</m><lb/>

pour la voye plus asseuree Combien que tu les<lb/>

pourroys mouler ensemble en <tl>moule</tl> clos Jen ay<lb/>

gecte un qui est fort bien venu Mays il fault le sable fort<lb/>

cler &amp; soufler fort</ab>

<figure>

<id>fig_p159v_1</id>

<margin>left-middle</margin>

<link>https://drive.google.com/open?id=0B9-oNrvWdlO5LXNkdWdBLXZ1RVk</link>

</figure>

</div>

<div>
<id>p159v_3</id>
<head><tl>Moules</tl></head>

<ab>Fais que des deulx endroicts ilz soient <del>es</del> sil est
possible<lb/>

aultant espes<del>seur</del> lun que laultre affin que bien
esgallem<exp>ent</exp><lb/>

ilz se puissent recuire Quand tu moules quelque animal<lb/>

qui se doibt brusler <del>tu</del> co<exp>mm</exp>e <al>escrevisses</al>
tu ne le peulx ouvrir<lb/>

pour le nettoyer &amp; fayre le gect quil ne soict recuit<lb/>

Et quand ilz sont une foys recuits ne les garde gueres<lb/>

sans gecter Car ilz se rendent relants &amp; humides &amp; le<lb/>

<tl>moule</tl> se deffaict &amp; perd sa force</ab>

<ab>
<margin>left-middle</margin>

La partye ou est<lb/>

le dos de lanimal<lb/>

est co<exp>mm</exp>unem<exp>ent</exp> plus espes</ab>

</div>

<div>
<id>p159v_4</id>
<head><m>Plastre</m> seul</head>

<ab>

Le <m>plastre</m> recuit en <m>pierre</m> <del>craint</del> se deffaict
en l<m>eau</m> Mays<lb/>

celuy qui est <del>recuit &amp;</del> pulverise premierem<exp>ent</exp>
et puys recuit ne la<lb/>

craint point Ains sy endurcist sil est bon co<exp>mm</exp>e <m>celuy de
<pl>parys</pl> &amp;<lb/>

d<pl>espaigne</pl></m> qui est dur en <m>pierre</m> co<exp>mm</exp>e est
celuy qui croist <env>en terre<lb/>

maigre &amp; seche</env> et qui semble au <m>sel blanc</m> Les
<pl>allemands</pl> en font<lb/>

des statues aulx <env>fontaines</env> qui ne se gastent point
mesmem<exp>ent</exp> esta<exp>n</exp>t<lb/>

vernissees Ains il sendurcist en l<env>eau</env> Quand il est seul &amp;
point<lb/>

mesle il ha bien plustost faict prise quaultrem<exp>ent</exp> Il fault
<m>huiler</m><lb/>

fort legerem<exp>ent</exp> tes formes soient de <m>metal</m> ou
<m>pierre</m> aultrem<exp>ent</exp> il ne<lb/>

despouilleroit point Et touteffois que tu <m>huiles</m> il fault le
destremper<lb/>

avecq <m>eau chaulde</m> Et quand il aura faict prise &amp; sera
bien<lb/>

refroidy Il le fault tremper dans l<m>eau quelque fois froide</m>
Mays<lb/>

sil refuse de souvrir en <m>eau chaulde</m> &amp; quelque fois en <m>eau
bouilla<exp>n</exp>te</m></ab>

<ab>
<margin>left-middle</margin>

Quelque fois il<lb/>

fault mesme faire<lb/>

bouillir le <tl>moule</tl><lb/>

dans l<m>eau chaulde</m><lb/>

co<exp>mm</exp>e quand tu as<lb/>

moule quelque <m>cire</m><lb/>

que tu craignes nestre<lb/>

pas bien en despouille</ab>

<ab>
<margin>left-middle</margin>

L<m>eau froide</m> faict<lb/>

retirer l<m>huile</m> a la<lb/>

superficie du <m>plastre</m><lb/>

qui lha succee &amp; ainsy<lb/>

il se despouille</ab>

</div>
</root>
