<root>
<page>167v</page>

<image>http://gallica.bnf.fr/ark:/12148/btv1b10500001g/f340.image</image>

<div>

<cont/>

<id>p167r_1</id>

<ab>Ceulx de 27 <ms>lb</ms> ou environ ont ix <ms>pousses</ms> de
long<lb/>

&amp; six de gueule en diametre A la culasse ilz ont vi
<ms>lignes</ms><lb/>

despes &amp; 3 a la gueule Ceux de 17 <ms>lb</ms> ont en longueur<lb/>

8 <ms>poulsses</ms> &amp; cinq de gueule On les couvre touls
ensemble<lb/>

toutes les <tl>fourchettes</tl> &amp; <tl>chevilles</tl> &amp;
<tl>houtils</tl> de quoy on se<lb/>

sert avecq de grosse <tl>toile</tl> ou gros <tl>drap</tl> affin quil
ne<lb/>

fassent point de bruict Il<del>s</del> est bon quilz demeurent<lb/>

quelque temps charges Apres quon y a mis la <m>pouldre</m><lb/>

on la pille bien fort et puys on y mect du <m>papier acache</m><lb/>

puys une tourtelle de <m>cire</m> bien apillee &amp; sur la <m>cire</m>
une<lb/>

aultre platene de <m>liege</m> qui entre bien justement &amp; avecq<lb/>

force En ceste sorte la <m>pouldre</m> demeure bien sellee &amp;<lb/>

donne de plus grande impetuosite &amp; si tu veulx tu peulx<lb/>

mectre sur la platene de <m>liege</m> une de <m>bois</m> percee au<lb/>

milieu si le mortier est perce par la culasse quon tient<lb/>

estre le plus aise &amp; qui faict plus de faulcee pourcequil<lb/>

ne peult reculer Et pour ceulx cy qui ont la culasse<lb/>

percee il fault avoir un bon <tl>guimbelet</tl> pour faire<lb/>

premierem<corr><exp>ent</exp></corr> le trou affin que la
<tl>cheville</tl> qui est faicte<lb/>

<del>en</del> par la pointe en <tl>guimbelet</tl> aye plustost &amp;
sans bruit<lb/>

attache le mortier Et <del>a</del> pour ceulx cy il fault garnir<lb/>

le bouton qui soict bien uniment lime <del>p</del> de <tl>toile
ciree</tl><lb/>

ou y adjouster de la <m>cire</m> affin quil estouppe
justem<exp>ent</exp><lb/>

le trou de la culasse Mays pourceque quelques foys<lb/>

les portes sont ferrees &amp; que la <tl>cheville de <m>fer</m></tl> ne
se<lb/>

peult percer On use dune <tl>fourchette de <m>fer</m> faicte<lb/>

en tenaille</tl> &amp; dune aultre <tl>verge <del>q</del> de <m>fer</m>
faicte par le<lb/>

bout a trois griffes</tl> co<exp>mm</exp>e tu voys depainct Et en
ceste<lb/>

sorte le mortier se tient bien &amp; est incontinent pose<lb/>

Les <tl>chevilles de <m>fer</m></tl> doivent exceder le mortier de
toute<lb/>

la poincte qui est faicte en <tl>guimbelet</tl> scavoir de trois<lb/>

ou 4 <bp><ms>doitgs</ms></bp> qui entre tout <del>l</del>dans la porte
Quand les<lb/>

mortiers sont poses on remplist la lumiere de bon <m>pulverin</m><lb/>

Et <del>s</del> on y mect un <m>tuyau de plume</m> remply de
<m>pouldre</m><lb/>

acachee &amp; mouillee avecq <m>vinaigre</m> ou pour un besoing<lb/>

on acache dans le creux de la main de la <m>pouldre</m> &amp;
laya<exp>n</exp>t<lb/>

destrempee avecq de la <bp><m>salive</m></bp> on en faict
co<exp>mm</exp>e un cocon ou</ab>

<cont/>

</div>
</root>
