<root>
<page>092v</page>

<image>http://gallica.bnf.fr/ark:/12148/btv1b10500001g/f190.image</image>

<div>
<id>p092v_1</id>
<head><m>Sable des <al>telines</al> et <al>moules</al> de
<env>riviere</env></m></head>

<ab>Les <al><m>coquilles</m></al> longues qui se trouvent aulx
<env>rivieres deau<lb/>

doulce</env> estant calcinees font un sable blanc impalpable qui<lb/>

moule fort net</ab>

</div>
<div>
<id>p092v_2</id>
<head>Congellation de <m>mercure</m></head>

<ab>Il se congelle co<exp>mm</exp>e jay essaye le faisant bouillir
une<lb/>

<ms><tmp>heure</tmp></ms> ou deulx dans une asses grande <tl>cassolle de
<m>fer</m></tl> y mecta<exp>n</exp>t<lb/>

pour <ms><figure>℥</figure></ms> de <m><figure>☿</figure></m> ii
<ms><figure>℥</figure></ms> de <m>verdet</m> <del>de</del> Et de
<m>vitriol de salpestre</m><lb/>

<ms><gk>ana</gk></ms> Avecq suffisante quantite d<m>eau vielle des
<pro>mareschaulx</pro></m></ab>

<ab>Ou bien fondre 4 <ms><figure>℥</figure></ms> d<m>estaim</m> &amp;
co<exp>mm</exp>e il se froidist le<lb/>

purifier de sa <m>crasse</m> qui est dessus puys y faire un trou<lb/>

&amp; la dedans mectre i <ms><figure>℥</figure></ms> de
<m><figure>☿</figure></m> &amp; il viendra co<exp>mm</exp>e
<m>estaim</m> si tu<lb/>

le refonds Mays il sera frangible Et si tu veulx esprouver<lb/>

si cest <m>estaim</m> ou <m><figure>☿</figure></m> fais rougir une
<tl>palle</tl> &amp; mects un petit<lb/>

lopin de ton lingot dessus Si cest <m>estaim</m> il se fondra &amp;
demeurera<lb/>

Mays si cest <m><figure>☿</figure></m> il sera incontinent fondu puys en
petillant bien<lb/>

fort senvolera Il le fault congeller dans une <tl>cuellere</tl><lb/>

ou <tl>creuset creux</tl> &amp; faire le trou mediocre</ab>

<ab>Il se congelle aussy co<exp>mm</exp>e jay esprouve dans de l<m>eau
fort</m><lb/>

qui aura mange un peu d<m>argent</m> plustost<lb/>

Cestuy cy mesle faict courre l<m>estain</m> &amp; <m>plomb</m>.</ab>

</div>
<div>
<id>p092v_3</id>
<head>Mixture</head>

<ab><m>Estaim fin</m> <m>mercure congelle</m> a lodeur de l<m>estaim</m>
<m>estaim de glace</m><lb/>

<m>plomb fin</m> <ms>aultant dun que daultre</ms> faict une matiere
fort<lb/>

promptem<exp>ent</exp> fondue Mays frangible &amp; blanche Je pense
quelle<lb/>

seroit bonne pour <m>souldeure</m> Longue a se froidir</ab>

</div>
</root>
