<root>
<page>043r</page>

<image>http://gallica.bnf.fr/ark:/12148/btv1b10500001g/f91.image</image>

<div>
<id>p043r_1</id>
<head><pa>Mericotons</pa> et <pa>pavis</pa></head>

<ab>Il les fault enter <del>en</del> aulx <tmp>advents de noël</tmp>
pourveu quil<lb/>

ne gele pas trop</ab>

</div>

<div>
<id>p043r_2</id>
<head>Bronzure blanche sur <m>plastre</m></head>

<ab>Il fault donner quattre couches de <m>colle</m> a destrempe des<lb/>

<pro>painctres</pro> sur le portraict de <m>plastre</m> laissant
tousjours<lb/>

seicher chasque couche Apres avecq de la <m>mine
d<pl>angleterre</pl></m><lb/>

broyee sur le mabre ou <m>plomb brusle</m> broye <del>av</del> &amp;
destrempe<lb/>

avecq un peu de <m>gomme</m> ou de <del>go</del> <m>colle</m>
<del>&amp;</del> couche legerement estant<lb/>

sec frotte legerem<exp>ent</exp> avecq un peu de <m>cotton</m> et le
portraict de <m>plastre</m><lb/>

semblera estre de <m>plomb</m>. Aultres broyent du <m>minium</m> avecq
de<lb/>

l<m>argent vif</m></ab>

</div>

<div>
<id>p043r_3</id>
<head><m>Purpurine</m></head>

<ab><it>R<exp>ecipe</exp> <m>stagno</m> dolce <ms>meza onca</ms> farlo
fondere in un <tl>cochiaro</tl><lb/>

depoi fonduto gectarly dentro una <ms>℥</ms> de <m>☿</m> mesedar
insieme<lb/>

essendo freddo macinar supra il <m>porfidio</m> dapoi piglia<lb/>

una <ms>℥</ms> de <m>sal armoniaco</m> una <ms>℥</ms> de <m>solfo</m>
del piu giallo<lb/>

que se possa troval macinar tutti duoi Et poi mesedar<lb/>

molto bene tutti gli matteriali sopradetti dapoi metter tutto<lb/>

insieme dentro un <del>a pignatta</del> <tl>sublimatorio di
<m>vetro</m></tl> tenerlo<lb/>

sopra picciol fuoco una <ms><tmp>hora</tmp></ms> &amp; una
<ms><tmp>hora</tmp></ms> un poco piu forte<lb/>

&amp; una <ms><tmp>hora</tmp></ms> bonissimo fuoco Et sara fatto dapoi
per<lb/>

adoper<exp>ar</exp>la datte il <m>negro di resina</m> con <m>colla</m>
di <pro>pintori</pro> da<lb/>

pintar <del>&amp;</del> per doi o tre volte fin a tanto che sia ben
negro<lb/>

dapoi datte un poco di <m>vernice</m> Essendo secco datte a secco
con<lb/>

<tl><bp>ditto</bp></tl> la <m>purpurina</m> dove vorrette tanto piu ne
darette sara<lb/>

piu bello dapoi si volete datte <m>vernice</m> sopra</it></ab>

</div>

<div>
<id>p043r_4</id>
<head>Bronzure blanche</head>

<ab>Donne noir a <m>colle</m> co<exp>mm</exp>e est dict sur la medaille
puys <m>vernis</m><lb/>

estant sec racle de la <m>mine d<pl>angleterre</pl></m> dessus avecq
un<lb/>

<tl>pinceau</tl> ou avecq le <tl><bp>doigt</bp></tl> Ladicte <m>mine</m>
raclee embellit<lb/>

les medailles de <m>plomb</m></ab>

</div>
</root>
