<root>
<page>142r</page>

<image>http://gallica.bnf.fr/ark:/12148/btv1b10500001g/f289.image</image>

<div>

<cont/>

<id>p141r_1</id>

<ab>

ne se descouvrent pas tant Mays pourceque l<al>escrevisse</al><lb/>

est malaisee a brusler &amp; nettoyer Il y fault descouvrir<lb/>

le plus quon peult mesmement les petites jambes jusques au<lb/>

bout car celles sont malaysees &amp; si pour nestre descouvertes<lb/>

il te les falloit tirer tu pourrois rompre quelque chose<lb/>

du <tl>moule</tl> En descouvrant avecq la <tl>poincte dun
costeau</tl><lb/>

tantost dun <tl>burin</tl> ou aultre chose propre nettoye bien<lb/>

curieusement le sable qui sera aulx joinctures &amp; ailleurs<lb/>

avecq tes <tl>petites broisses</tl> Et sil se desprend quelque<lb/>

chose attache le avecq <m>cire</m> co<exp>mm</exp>e dict est Et attache
aussy<lb/>

de mesme les cornes Et fais aussy le gect le long du<lb/>

bout des petites jambes avecq de la <m>cire</m> Et remplys<lb/>

dicelle les trous quauront faict les <tl>poinctes de <m>fil de
fer</m></tl><lb/>

Et tout estant bien net &amp; plus que la moictie descouvert<lb/>

<m>huile</m> to<del>ut</del>n <tl>moule</tl> <del>&amp; noubli</del>
apres avoyr trempe le revers<lb/>

dans l<m>eau</m> &amp; noublie pas d<m>huiler</m> toutes les partyes
subtilles<lb/>

qui sont entre les jambes et les petits becs puys frotte<lb/>

l<al>escrevisse</al> d<m>eau de vye</m> Et fais ton second gect
aya<exp>n</exp>t<lb/>

aplany le premier <tl>moule</tl> affin que les <tl>crampons</tl> se<lb/>

joignent mieulx Ton <tl>moule</tl> doibt estre plus large du<lb/>

coste quil est emprainct que du dos Nouvre pas ton<lb/>

<tl>moule</tl> apres le second gect quil naye este <m>lute</m> &amp;
recuit<lb/>

&amp; que ce qui est dedans ne soict brusle Noublie pas de<lb/>

mectre du <m><la>crocum</la></m> parmy ton sable quand tu moules<lb/>

l<al>escrevisse</al> Car il fault fort recuire &amp; le
<m><la>crocum</la></m> soubstient<lb/>

merveilleusem<exp>ent</exp> Mouler un <al>chancre</al> &amp; une
<al>escrevisse</al> ces<add>t</add><lb/>

tout un Quand tu as descouvert ton <al>escrevisse</al> dun<lb/>

coste Ne differe que le moings que tu pourras pour<lb/>

fayre le second gect Car <del>el</del> les <al>escrevisses</al> se
<del>se</del> desseichent<lb/>

Ce nest pas tout de bien descouvrir l<al>escrevisse</al> de sorte<lb/>

que tu voyes toute une moictie Mays advise bien que ton<lb/>

<tl>moule</tl> mesmes dans lequel tu descouvres soict bien en<lb/>

despouille Car encores que l<al>escrevisse</al> fust bien<lb/>

bruslee tu ne <del>despoui</del> pourrois pas ouvrir ton
<tl>moule</tl><lb/>

sans rompre</ab>

<ab>

<margin>top</margin>

<render>wide</render>

Repare avecq <tl>trancheplumes</tl> <tl>l<del><ill/></del>imes</tl>
<tl>petites chaples</tl> <tl>burins</tl> &amp;

</ab>

<ab>

<margin>left-middle</margin>

Fais leur tout<lb/>

aultour co<exp>mm</exp>e tu<lb/>

vois un gect de<lb/>

<m>cire</m> &amp; au bout<lb/>

de la queue<lb/>

aussy deulx ou<lb/>

trois dou tu feras<lb/>

le principal gect

</ab>

<figure>

<id>fig_p142r_1</id>

<margin>left-middle</margin>

<link>https://drive.google.com/open?id=0B9-oNrvWdlO5Qkh2MDhvUkFnUW8</link>

</figure>

<ab>

<margin>left-middle</margin>

Fais gect de <m>cire</m><lb/>

alongee en fil co<exp>mm</exp>e <lb/>

<m>grosse fisselle</m> tout <lb/>

le long du bout des<lb/>

pates &amp; a<del>u</del> lextremite<lb/>

de la queue Sil<lb/>

y a aussy quelque<lb/>

bout de patte ou<lb/>

aultre partie qui<lb/>

soyt esloignee du<lb/>

rang des aultres <lb/>

ou eslevee en hault<lb/>

ou plyee toute<lb/>

seule donne luy un<lb/>

gect de <m>cire</m> qui<lb/>

de son extremite<lb/>

saille joindre ou au<lb/>

corps ou a lune des<lb/>

grosses pates ou a<lb/>

quelque aultre endroit qui recoive force <m>metal</m></ab>

<ab>

<margin>left-middle</margin>

Ayant descouvert<lb/>

attache &amp; asseure<lb/>

avecq de la <m>cire</m><lb/>

les deulx petites<lb/>

cornes barbues<lb/>

de l<al>escrevisse</al><lb/>

&amp; toute aultre<lb/>

chose qui ne<lb/>

sera poinct <corr><del>en</del></corr><lb/>

<del>despoui</del> asseure</ab>

</div>
</root>
