<root>
<page>144r</page>

<image>http://gallica.bnf.fr/ark:/12148/btv1b10500001g/f293.image</image>

<div>

<id>p144r_1</id>

<head><al>Tortues</al></head>

<ab><al>Celles d<env>eau</env></al> sont plus belles &amp; aisees a
mouler <del>que celles</del><lb/>

estant plus plattes &amp; ayant la teste &amp; queue plus longues<lb/>

<del>q</del> et les pattes plus droictes &amp; mieulx en despouille que
<al>celles<lb/>

de <env>garrigue</env></al> qui sont maigres ridees &amp; fort
enfoncees<lb/>

dans leurs coquille Qui ont aussy le dessus de la<lb/>

coquille plus rond &amp; touteffois plus estroit <del>v</del> par les
bords<lb/>

que vers le milieu Qui est cause que<del>l</del> leur coquille de
dessus<lb/>

ne se peult pas bonnem<exp>ent</exp> mouler en une piece
co<exp>mm</exp>e <al>celles d<env>eau</env></al><lb/>

<del>Doncq</del> Par ainsy tu mouleras leur coquille de dessus<lb/>

de deulx pieces Celles de bas de deulx ou trois ou quattre<lb/>

selon lexigence Mays note que si tu veulx despouiller ta<lb/>

<al>tortue</al> du <tl>moule</tl> sans la brusler quil la fault
ainsy<lb/>

mouler de plusieurs pieces Mays si tu la veulx faire <del>p</del><lb/>

brusler dedans Tu pourras mouler la coquille de dessus<lb/>

dune seule piece Doncques pour mectre la main a loeuvre<lb/>

apres que tu lauras faicte entierem<exp>ent</exp> mourir dans le
<m>vinaigre</m><lb/>

&amp; <m>urine</m> co<exp>mm</exp>e dict est Laisse la bien seicher Et
la nettoye<lb/>

bien avecq tes <tl>sayes</tl> Apres <del>pas</del> ayes ta <tl>platine
d<m>ardille</m></tl><lb/>

et la pose dessus et acache la un peu affin que la coquille<lb/>

de dessoubs si encoche Luy ayant neantmoins faict plustost le<lb/>

plant de la teste avec une <tl>poincte fortete</tl> co<exp>mm</exp>e des
aultres animaulx<lb/>

la luy faisant tenir haulte par le moyen de <del>un</del> quelque
peu<lb/>

d<tl><m>ardille fresche</m></tl> que tu adapteras par dessoubs Estire
ladicte<lb/>

teste &amp; pattes avecq tes <tl>petites pinsettes</tl> La teste
disposee pose<lb/>

dextrement <del>d</del> un <m>grain de <pa>mil jaulne</pa></m> dans
chascun oeil avecq les<lb/>

<tl>pinsettes</tl> pourceque aussy tost quelles sont mortes les yeulx
sont<lb/>

creves et purulents Aultant en peulx tu faire a tous aultres<lb/>

animalets avecq de la <m>graine de <pa>grand passevelours</pa></m> du
<m><pa>petit</pa></m> et la<lb/>

<m>graine de <pa>chou navette</pa></m> &amp; Ce faict tu disposeras les
pates les<lb/>

asseurant avecq des <tl>poinctes de <m>fer</m></tl> Et puys avecq de
l<m>ardille</m><lb/>

bouche tout le vuyde daultour la <al>tortue</al> cest a scavoir ce qui
est<lb/>

entre les deulx coquilles Affin que le sable y entrant nempesche<lb/>

de despouiller Et pourceque les pattes doibvent estre plus<lb/>

basses que la coquille <del>s</del> d<del>e</del>u <del>de</del> ventre
fais une petite fossette<lb/>

dans la <tl>platine d<m>ardille</m></tl> pour les y adapter Ta
<al>tortue</al>

</ab>

<ab><margin>left-middle</margin>

<render>tall</render>

Quand elles<lb/>

sont mieulx<lb/>

mortifiees &amp;<lb/>

reposees deulx<lb/>

ou trois <ms><tmp>jours</tmp></ms><lb/>

elles se plient<lb/>

et manient<lb/>

mieulx</ab>

<figure>

<margin>left-middle</margin>

<id>fig_p144r_1</id>

<link>https://drive.google.com/open?id=0B9-oNrvWdlO5emg1MXZLREtSRk0</link>

</figure>

<ab>

<man><margin>left-middle</margin>

yeulx<lb/>

danimaulx<lb/>

de mon<lb/>

invention</man>

</ab>

<figure>

<margin>left-middle</margin>

<id>fig_p144r_2</id>

<link>https://drive.google.com/open?id=0B9-oNrvWdlO5ZkN6Y3ZTM1pKRG8</link>

</figure>

<cont/>

</div>
</root>
