<root>
<page>030r</page>

<image>http://gallica.bnf.fr/ark:/12148/btv1b10500001g/f65.image</image>

<div>
<id>p030r_1</id>
<head><m>Plomb</m></head>

<ab>

Le meilleur plus gras &amp; plus douls saporte d<pl>allemaigne</pl><lb/>

qui nest pas en <ms>saulmon</ms> mays en <ms>lattes</ms> de la
longueur<lb/>

du <ms><bp>bras</bp></ms> ou environ &amp; de largeur de trois
<ms><bp>doigts</bp></ms> Il sen porte<lb/>

a <pl>lyon</pl> Et de cestuy cy on faict a <pl>Noremberg</pl> la
foeille<lb/>

des petits mirouers </ab>

</div>

<div>
<id>p030r_2</id>
<head><pro>Pintier</pro></head>

<ab>Ils font leurs <tl>moules</tl> aussy de <m>metal</m> qui sont de
plus grand<lb/>

duree &amp; moulent plus net que le <m>grais</m> pourceque la
vaisselle<lb/>

y vient sans baves &amp; bien unye Mays cest pour les
<pro>riches</pro><lb/>

car un <tl>moule</tl> coste quinze ou seize <cn>frans</cn> On en
faict<lb/>

principallem<exp>ent</exp> de <m>metal</m> pour bassins &amp; esguieres
&amp; salieres<lb/>

&amp; semblabes choses qui sont figurees</ab>

<ab>Pour les pintes les <tl>moules</tl> se font de <m>terre ardille
blanche</m><lb/>

meslee de <m>fiente de <al>cheval</al></m> &amp; <m>bourre</m> &amp;
fort battue pourceque<lb/>

les pintes estant a demy rond enfoncees elles ne se pourroient<lb/>

pas bien despouiller dans le <tl>moule de <m>grais</m></tl>
co<exp>mm</exp>e dans la <m>terre</m><lb/>

qui est doulce On faict bien le noyau du <tl>moule</tl> desdictes<lb/>

pinctes de <m>grais</m></ab>

<ab>Aulx <tl>moules de <m>metal</m></tl> on faict des souspirails et on
gecte<lb/>

a un coup qui est cause quau milieu du plat il ne se faict<lb/>

poinct une ligne noire enfumee qui vient de la vapeur<lb/>

&amp; fumee du <m>metal</m> qui se gecte Qui est cause quen cet
endroict<lb/>

louvraige est grumeleux &amp; bien souvent perce Toutesfois<lb/>

ilz le reparent par la <m>souldure</m> <del>du n</del> co<exp>mm</exp>e
dict est Ceste<lb/>

fumee se faict sur le milieu au droit du gect &amp; aulx <tl>moules<lb/>

de <m>grais</m></tl></ab>

<ab>La vaisselle se peult <tl>marteler</tl> <del>mar</del> pour estre
plus<lb/>

vendable Mays elle nen dure pas tant</ab>

<ab>Aulx branches de leur <tl>roue de <m>fer</m></tl> ilz ont des coches
selon la<lb/>

grandeur des plats &amp; des assiettes Et quand ilz veulent
apliquer</ab>

<cont/>

</div>
</root>
