<root>
<page>087v</page>

<image>http://gallica.bnf.fr/ark:/12148/btv1b10500001g/f180.image</image>

<div>
<id>p087v_1</id>
<head>Sable <m>ardoise</m> et <m>terre bruslee</m></head>

<ab>Le sable fort brusle perd sa liaison l<m>ardoise</m> se recuit<lb/>

&amp; moule net apres il est vray que souvent elle soufle
co<exp>mm</exp>e faict<lb/>

aussy la <m>terre bruslee</m> co<exp>mm</exp>e faict aussy tout <m>sable
gras</m></ab>

<ab>
<margin>left-middle</margin>
Je trouve quil ne fault<lb/>

poinct frapper sur les sables fort subtilies<lb/>

car cela les estonne &amp; <del>faict</del> empesche de<lb/>

despouiller net<lb/>

Mays il fault<lb/>

presser fort<lb/>

et les humecter<lb/>

asses</ab>

</div>
<div>
<id>p087v_2</id>
<head><m>Magistra</m></head>

<ab>Les <pro>fondeurs</pro> prenent de la <m>racine de jeune
<pa>orme</pa></m> quand il<lb/>

est en save &amp; le font bouillir en <m>vin</m> ou pour mieulx
<m>vinaigre</m><lb/>

Et en font provision pour <tmp>tout lan</tmp> dans un
<tl>barriquet</tl></ab>

</div>
<div>
<id>p087v_3</id>
<head><m>Sable de <env>mine</env> de
<pl>Th<exp>ou</exp>l<exp>ous</exp>e</pl></m></head>

<ab>Le sable de gect venant de <env>mine</env> estant passe par un
<tl>double<lb/>

tamis</tl> apres mis dans de la <m>gemme fondue</m> se brusle &amp;
senflamme<lb/>

&amp; vient tout rouge &amp; enflamme co<exp>mm</exp>e du <m>fer</m>
Estant froit il est<lb/>

tout noir Et se subtilie fort bien sur le <tl><m>porphire</m></tl>
layant<lb/>

ainsy præpare &amp; rendu sans asperite sur l<tl><bp>ongle</bp></tl> je
lhumectay avecq<lb/>

<m>glaire doeuf battue</m> &amp; le battis fort jusques a ce quil
nestoit point<lb/>

pasteux ains en pouldre Je le trouvay de fort bonne despouille<lb/>

&amp; en moulay en <m>plomb</m> &amp; <m>estaim</m> fort net Mays il
veult estre<lb/>

bien recuit &amp; a laise</ab>

<ab>Aultres le battent fort dans un <tl>mortier</tl> en petite quantite
a<lb/>

chasque fois &amp; ainsy il sacache et rend fort subtil puys le
recuisent<lb/>

mediocrement seulement pour le seicher apres ilz le broyent a sec<lb/>

sur le <tl><m>porphire</m></tl> Et ainsy il se rend co<exp>mm</exp>e
impalpable Et nest pas trop<lb/>

deseiche <del>Il</del> et retient corps &amp; liaison de la <m>terre</m>
dont il participe<lb/>

Et est mieulx que quand il est tant brusle Estant humecte avecq<lb/>

<m>glaire doeuf passe par l<tl>esponge</tl></m> il despouille <del>fort
net M</del> fort<lb/>

net en bas relief Mays non pas figures fort relevees
Parta<exp>n</exp>t<lb/>

despuys jexperimentay de <del>lexper</del> lhumecter
seulem<exp>ent</exp> avecq du<lb/>

<m>vinaigre</m> bien fort Il despoilla dune figure quauparavant<lb/>

je navoys peu faire despoiller Et croy que moillant le plus<lb/>

subtil dune fasson co<exp>mm</exp>e de <m>glaire</m> &amp; le grossier
pour remplir de<lb/>

chasses d<m>eau sel</m> ou <m>vin</m> quilz ne sallient pas si bien
Mays<lb/>

co<exp>mm</exp>e ilz sont dune nature &amp; humectes de mesme Ils
sembrassent<lb/>

&amp; tient lun avecq laultre</ab>

<ab><rub>Pour bien mouler</rub> apres avoyr tes sables præpares<lb/>

moule en un <tmp>jour</tmp> recuits lentem<exp>ent</exp> le
<tmp>lendemain</tmp> puys jectes laultre</ab>

<ab>
<margin>left-middle</margin>
Il le fault choisir<lb/>

qui soict <del>co<exp>mm</exp>e</del> en<lb/>

glebes &amp; mottes bien<lb/>

<env>bas en terre</env> car<lb/>

co<exp>mmun</exp>ement celuy qui se<lb/>

trouve <env>en hault</env> participe trop de<lb/>

la <m>terre</m> Et le bas<lb/>

tient du <m>rocher</m></ab>

<ab>
<margin>left-middle</margin>
Jen ay moule de<lb/>

<m>plomb pur</m> gecte fort<lb/>

<del>net</del> chault &amp; en ay<lb/>

eu lexemple co<exp>mm</exp>e le<lb/>

principal tresnet<lb/>

mays le <m>vinaigre</m><lb/>

ne luy donne gueres<lb/>

de liaison &amp; ainsy<lb/>

il nha soubstenu<lb/>

quun gect</ab>

</div>
</root>
