<root>
<page>120v</page>

<image>http://gallica.bnf.fr/ark:/12148/btv1b10500001g/f246.image</image>

<div>

<cont/>

<id>p120r_3</id>

<ab>mange de luy mesme Et pour luy<comment>c_120v_01</comment> convier
mieulx tu peulx bien<lb/>

mectre parmy la <m>chair &amp; loeuf</m> quelque <m><al>ver de
farine</al> vif</m><lb/>

car il en est fort friand</ab>

</div>

<div>
<id>p120v_1</id>
<head><m><la>Crocum ferri</la></m></head>

<ab>Il est excellent <md>sinapise</md> sur les playes pour arrester
le<lb/>

<bp>sang</bp> Le meilleur est de <m>limaille daiguilles</m></ab>

<ab>
<margin>left-top</margin>
Le <m><la>crocum ferri</la></m><lb/>

endurcist les<lb/>

<tl>moules</tl> estants<lb/>

recuits &amp; l<m>alum<lb/>

de plume</m> tant plus<lb/>

il en y a les rend plus mols &amp; doulx</ab>

</div>

<div>
<id>p120v_2</id>
<head>Anatomie</head>

<ab>Il fault escorcher lanimal &amp; le faire bouillir Ou bien<lb/>

lescorcher &amp; le mectre dans <m>bonne chaulx vive</m></ab>

</div>

<div>
<id>p120v_3</id>
<head>Fayre courre l<m>argent</m></head>

<ab><del>Si cest pour grand ouvrage L<m>arsenic</m> &amp; le <m>tartre
pulverises</m><lb/>

&amp; gectes sur l<m>argent fondu</m> le font courre <del>Si cest
pou</del> et<lb/>

suffist Mays pour ouvrage subtil Il y fault de l<m><la>aes<lb/>

ustum</la></m> de la <m>limaille <del>de letton</del> <add>cuivre
menue</add> d<del>u</del>e lantimoyne du sublime
Subtilem<exp>ent</exp><lb/>

pulverises</m> <del>Cela</del> De cela se faict une masse qui naigrist
point<lb/>

Si le <del>s</del> <m>plastre</m> est bon il ny fault point de
<m><la>crocum</la></m> pour<lb/>

l<m>argent</m> Mays on mect plus d<m>alum de plume</m><lb/>

<add>@<comment>c_120v_02</comment>Il y fault aussy du <m>sel commun
fondu</m> &amp; du <m>salpestre</m> avecq les<lb/>

drogues susdictes <m>arsenic</m> <m>tartre</m> <m><la>aes ustum</la></m>
<m>limaille de cuivre</m><lb/>

<m>antimoyne</m> &amp;</add></del></ab>

<comment>c_120v_03</comment><rub><comment>c_120v_04</comment>Voy</rub>
le second foeillet suivant

<ab>
<man><margin>left-middle</margin>
<del><la>Siscitatio<lb/>

dubia</la></del></man>

</ab>

<ab>
<margin>left-middle</margin>
Un peu d<m>axunge</m><lb/>

Et de l<m>arsenic</m>

</ab>

<ab>

<margin>left-middle</margin>

<figure>+</figure>

</ab>

</div>

<div>

<id>p120v_6</id>

<head>Garder fleurs seiches en mesme<lb/>

<figure/> estat <tmp>toute lannee</tmp></head>

<ab>

<margin>left-middle</margin>

Les fleurs se gardent aussy en leur mesme beaulte dans le <m>vinaigre
distille</m> <del>v</del>dans un <tl>vase<lb/>

bien selle</tl> qui ne prene aulcun vent qui soit bien selle de
<m>cire</m> &amp; <m>mastic</m> Les <pa>œillets</pa> &amp;
<pa>roses</pa><lb/>

la <m>resideure du vinaigre commu<exp>n</exp></m> les faict pourrir
<lb/>

Si le <m>sable</m> faict <m>poulssiere</m> &amp; tient<lb/>

sur les fleurs &amp; quaisem<exp>ent</exp> avecq un<lb/>

<tl>pinceau</tl> il ne soste il nest pas bon<lb/>

Le plus maigre est le meilleur</ab>

<ab>
<margin>right-middle</margin>
Le <m>sable de <env>riviere</env></m> lave<lb/>

par le <env>coura<exp>n</exp>t des eaulx</env> est<lb/>

bon estant passe par un <tl><m>linge</m></tl><lb/>

pour<lb/>

secouer<lb/>

la pou<lb/>

dre</ab>

<ab>

Cest un rare secret &amp; qui donne du plaisir pour orner<lb/>

les tables <env>chambres</env> &amp; <env>cabinets</env> <tmp>hors de
saison quand lhiver<lb/>

desnie des fleurs</tmp> Advise doncq de les <del>ce</del> cueillir lors
quelles<lb/>

sont en leur parfaicte vigueur &amp; quelles croissent Car si tu
les<lb/>

prenois <ms>quand leur <tmp>saison</tmp> passe</ms> ou quelles
commancent a fanir<lb/>

elles ne se garderoient point Les ayant doncq ainsy choisies<lb/>

Ayes du <m>sable</m> le plus maigre &amp; aride que tu pourras
trouver<lb/>

qui soict fort subtil co<exp>mm</exp>e celuy duquel les
<pro>orfevres</pro> <del>usent</del> <add>se servent</add> pour<lb/>

user l<m>esmail</m> ou co<exp>mm</exp>e celuy destampes Mays il ne fault
pas sur<lb/>

tout quil fasse <m>poulsiere</m> Ne quil demeure sur la <bp>main</bp> ou
y<lb/>

laisse marque quand tu luy<comment>c_120v_05</comment> as pulverise
&amp; puys verse Car cest</ab>

<ab>
<margin>left-bottom</margin>
<figure>+</figure><lb/>

Fais que ta<lb/>

<tl>boicte</tl> soict bien<lb/>

joincte affin que<lb/>

le <m>sable</m> ne sescoule<lb/>

point Tiens la<lb/>

descouverte <env>au<lb/>

soleil</env> Et oste la<lb/>

du <env>serain &amp; humeur<lb/>

de la nuit</env> &amp; la<lb/>

couvre &amp; garde<lb/>

en <env>lieu sec</env></ab>

<ab>
<margin>left-bottom</margin>
<del>Que</del> Il ne fault pas mectre<lb/>

lesdictes fleurs en <tl>grands vases</tl><lb/>

car quand on tire un il fault<lb/>

tirer tout</ab>

<ab>
<margin>bottom</margin>
Advise bien de ne coeuillir pas tes fleurs<lb/>

<del>q</del> en <env>temps de pluye et humide</env> Mays lors<lb/>

que le <env>soleil</env> aura passe dessus</ab>

<cont/>

</div>
</root>
