<root>
<page>055v</page>

<image>http://gallica.bnf.fr/ark:/12148/btv1b10500001g/f116.image</image>

<div>

<cont/>

<id>p055r_4</id>

<ab><ms><tmp><sup>espace</sup> de quinze jours</tmp></ms> Apres tu la
romperas de bien loings<lb/>

&amp; avecq un <tl>long baston</tl> sans le regarder &amp; estant
bien<lb/>

bouche en poseras ou tu vouldras Ou en frotteras un<lb/>

pau dans une <env>riviere</env> courante ou un <env>abre ou herbe<lb/>

qui soict au bort</env></ab>

</div>

<div>

<id>p055v_1</id>

<head>Aultre pour les <m>eaulx</m></head>

<ab><al>Tuaparc</al><comment>c_055v_02</comment> nad nu <tl>top</tl>
avecq <m>chaulx vive</m> qui consumera<lb/>

tout ceste pouldre apres &amp;</ab>

</div>

<div>

<id>p055v_2</id>

<head><m>Acier de damas</m></head>

<ab>Distille des <m><al>lumbris</al></m> a part &amp; de la <m>foeille
de<lb/>

<pa>reforts</pa></m> a part &amp; mesle ces deulx <m>eaulx</m>
<ms>aultant<lb/>

dune que daultre</ms> &amp; la dedans trempe</ab>

</div>

<div>

<id>p055v_3</id>

<head>Pour cognoistre le chemin quon<lb/>

faict <env>en plaine mer</env></head>

<ab>Trempes un <m>ferlin</m> dans de l<m>huile</m> puys lattaches a
la<lb/>

pouppe du navire de sorte quil trempe dans l<m><env>eau</env></m> &amp;
il fera<lb/>

une voye qui se monstrera de dix <ms>lieux</ms> pourceque
l<m><env>eau</env></m><lb/>

se depart par ou l<m>huile</m> a passe</ab>

</div>

<div>

<id>p055v_4</id>

<head>Pour gect</head>

<ab>La <m>croye</m> la plus recentem<exp>ent</exp> tiree de sa
<env>pierrerer</env> est bonne pour<lb/>

le <m>plomb</m> Mays il ne la fault point mouiller ne broyer Ains
subtilier<lb/>

en pilant ou raclant &amp; passer par un <tl>tamis</tl> Ainsy de la
<m>ponce</m> quil<lb/>

ne fault point broyer avecq <m>eau</m> ne corrompre de son naturel Le
<m>plomb</m><lb/>

doibt estre peu mesle d<m>estain</m> pour seulement luy donner force Et
deulx<lb/>

<ms>pars</ms> <del>d<m>estain</m> sur de</del> <m>plomb</m> sur
<del>de</del> une d<m>estain</m> ou plus</ab>

</div>
</root>
