<root>
<page>141v</page>

<image>http://gallica.bnf.fr/ark:/12148/btv1b10500001g/f288.image</image>

<div>

<cont/>

<id>p141r_1</id>

<ab>

Ayant doncq laisse un peu seicher ton <al>escrevisse</al> <env>au
soleil</env> ou<lb/>

de soymesme Si elle ha des oeufs ilz sapetisseront en se
secha<exp>n</exp>t<lb/>

et nen seront que plus beaulx Fays doncq ta <tl>plaste de <m>terre<lb/>

Jaulne de <pro>potier</pro></m></tl> co<exp>mm</exp>e pour les aultres
figures Couche dessus<lb/>

ton <al>escrevisse</al> le<del>s</del> dos <del>dessus</del> <add>en
bas</add> &amp; les pattes le ventre &amp; les<lb/>

œufs qui sont toutes parties plus fantasques a mouler<lb/>

en contremont et en sus Enfonce le dos dans la <tl>plaste<lb/>

d<m>ardile</m></tl> jusques pres des pates qui est environ la
moictie<lb/>

Et arreste le corps avecq une <tl>poincte de <m>fil de fer</m></tl>
au<lb/>

milieu &amp; sil te semble besoing une aultre au bout de la<lb/>

queue Et affin que les <add>grosses</add> pattes se monstrent plus
basses<lb/>

que la teste qui est <del>enf</del> a demy enfoncee Estants les<lb/>

&amp; par dessoubs adjoustes y un peu d<m>ardille</m> pour les<lb/>

relever Cache aussy les cornes dans l<m>ardille</m> dessoubs<lb/>

les grosses pates pour apres les disposer co<exp>mm</exp>e il te<lb/>

playra Quand aulx petites pattes estends les sur<lb/>

l<m>ardille</m> jusques a la joincture Et laultre moictie des<lb/>

jambes demeure en hault recourbe pour le premier<lb/>

gect Touteffois affin quelles ne bougent &amp; senlevent<lb/>

poinct asseures les bien non seulement sur l<m>ardille</m> Mays<lb/>

<del>att</del> arreste les avecq de la <m>cire</m> &amp; un <tl>petit
<m>fer</m> chault</tl><lb/>

au droict des joinctures Et si tu veulx faire trouver<lb/>

le gect plus fantasque tu peulx attacher le bout<lb/>

de lune des pattes avecq la mesme <m>cire</m> sur le corps<lb/>

ou sur lune des grosses pattes Et fayre aussy si<lb/>

elle ha des œufs que la queue soict a demy replyee<lb/>

sur les œufs &amp; larrester en ceste forme avecq une<lb/>

<tl>poincte de <m>fil de fer</m></tl> Sur tout advise comme la
chose<lb/>

<del>s</del> ainsy disposee se puisse bien nettoyer Enfin ayant<lb/>

frotte d<m>eau de vye</m> l<al>escrevisse</al> gecte ton sable
Ayant<lb/>

faict prise descouvre le dos de l<m>escrevisse</m> la teste &amp;
les<lb/>

yeulx &amp; ses petits becs les grosses pattes et les petites
jambes<lb/>

tout du long Car il fault descouvrir le plus quon peult<lb/>

Et les longues cornes &amp; la queue sinon que tu layes<lb/>

pliee &amp; recourvee pour tenir ses œufs Les aultres animaulx

</ab>

<ab>

<margin>left-middle</margin>

Asseure ce qui se<lb/>

relevera co<corr><exp>mm</exp></corr>e les<lb/>

deulx corniches<lb/>

bourrues pres de<lb/>

la gueule avecq de<lb/>

la <m>cire fondue</m> par<lb/>

dessoubs

</ab>

<figure>

<id>fig_p141v_1</id>

<margin>left-middle</margin>

<link>https://drive.google.com/open?id=0B9-oNrvWdlO5R0NIbHoyNTNQRlk</link>

</figure>

<ab>

<margin>left-middle</margin>

Descouvre le plus<lb/>

que tu peulx Mays<lb/>

advise que lencochement<lb/>

que tu fais dans<lb/>

le <tl>moule</tl> soict bien<lb/>

en despouille

</ab>

<ab>

<margin>left-middle</margin>

Fais pancher le<lb/>

<tl>moule</tl> du coste que<lb/>

sera le plus espes<lb/>

de lanimal

</ab>

<ab>

<margin>left-middle</margin>

Pour la paindre<lb/>

on faict le milieu du<lb/>

dos <del>mesle</del> de <m>vermeillon</m><lb/>

mesle dun peu de <m>laque</m><lb/>

Et les costes &amp; le<lb/>

ventre &amp; dessoubs des<lb/>

pattes est dune<lb/>

carnation faicte de<lb/>

<m>vermeillon</m> de <m>blanc<lb/>

de ceruse</m> dun peu d<m>ocre<lb/>

jaulne</m> Et en cecy &amp;<lb/>

toutes aultres choses<lb/>

ayes tousjours le<lb/>

naturel devant toy<lb/>

pour limiter

</ab>

<ab>

<margin>left-middle</margin>

Couche les cornes sur les grosses<lb/>

pates <del>&amp;</del>ou fais de <m>fil de letton<lb/>

blanchi</m> &amp; les <m>soulde</m>

</ab>

<ab>

<margin>bottom</margin>

Advise bien <del>d</del>en moulant de disposer tellement les jambes<lb/>

quelles ne passent point le ventre de l<al>escrevisse</al>
<del>Aultr</del> et que<lb/>

les posant elles sassoyent bien sur le ventre Aultrement les<lb/>

<ill/> remuroient</ab>

<cont/>

</div>
</root>
