<root>
<page>034r</page>

<image>http://gallica.bnf.fr/ark:/12148/btv1b10500001g/f73.image</image>

<div>

<id>p034r_1</id>

<head>Pour dire a quelquun que <del>mettant</del> <add>tenant</add> le
<bp>doit</bp> tousjours<lb/>

au <bp>front</bp> tu lempescheras de sortir dune
<env>chambre</env></head>

<ab><figure>X</figure>Fais luy <bp>embrasser</bp> la <tl>quenoille du
lict</tl> ou chose semblable<lb/>

&amp; que du mesme <bp>bras</bp> il tienne le <bp>doigt</bp> au
<bp>front</bp></ab>

</div>

<div>

<id>p034r_2</id>

<head><figure>X</figure>Gaiger a quelqu<del>e</del>un que se
promenant<lb/>

jusques a tel lieu et en revenir il ne<lb/>

dira point quattre fois de suite botte sa<exp>n</exp>s
espero<exp>n</exp></head>

<ab><figure>X</figure>Sil sessaye de le dir<del>a</del>e <add>mays il
fault quil parle <sn>hault</sn></add> quand il sera alle &amp; revenu tu
luy<lb/>

diras quil ha perdu pourcequil falloit quil dict quattre foys<lb/>

botte sans dire esperon car ta gageure est telle</ab>

</div>

<div>

<id>p034r_3</id>

<head>Faire tenir un <tl>chandellier</tl> co<exp>n</exp>tre la
<env>muraille</env><lb/>

sans y fayre trou</head>

<figure>X</figure>

<ab>Fais le tenir par un <pro>vallet</pro> contre la
<env>muraille</env></ab>

</div>

<div>

<id>p034r_4</id>

<head><figure>X</figure>Ne casser point un <tl><m>verre</m></tl>
dune<lb/>

<tl>busche</tl> ou dun <tl>gros baston</tl></head>

<ab><figure>X</figure>Tu en coupperas un petit loppin gros <ms>comme un
<tl>curedent</tl></ms><lb/>

&amp; ainsy luy donneras dune <tl>busche</tl> ou dun <tl>gros
baston</tl> avecq<lb/>

quoy il ne cassera point le <tl><m>verre</m></tl></ab>

</div>

<div>

<id>p034r_5</id>

<head>Escripre subtillement</head>

<ab>Couppe de longs listeaulx de <m>parchemin subtil</m> &amp; les
marque<lb/>

selon lordre de leur suicte de A B C &amp; cætera puys les fais<lb/>

couldre dans la lisiere dune <tl>chemisse de <m>grosse toile</m></tl>
co<exp>mm</exp>e<lb/>

pour un <pro>messager</pro> lequel si tu veulx distraire sa chemise
nen<lb/>

scaura rien</ab>

</div>
</root>
