<root>
<page>112v</page>

<image>http://gallica.bnf.fr/ark:/12148/btv1b10500001g/f230.image</image>

<div>

<cont/>

<id>p112r_4</id>

<ab>de mouler fais luy prendre par la gueule de bonne <m>eau<lb/>

de vye</m> ou bien mesle en un peu parmy le <m>vinaigre</m> Et<lb/>

bien tost il sera mort sans lesion qui le difforme Aulx<lb/>

grands animaulx ausquels il fauldroit beaucoup d<m>eau<lb/>

de vye</m> on employe le <m>vinaigre</m> et <del>er</del> <m>urine</m>
Mays aulx<lb/>

petits la seule d<m>eau de vye</m> qui est plus tost faict<lb/>

Quand ton animal sera mort retire le &amp; le nettoye bien<lb/>

curieusem<exp>ent</exp> de ses vielles peaulx sil mue ou de crasse ou
de<lb/>

<al>pouls</al> co<exp>mm</exp>e ont les <al>lesards</al> puys laplique
ainsy</ab>

<ab><margin>left-top</margin>

Or mects en suffisamment<lb/>

dans un <tl>verre</tl> &amp; y<lb/>

trempe &amp; tiens continuellem<exp>ent</exp><lb/>

la teste de lanimal<lb/>

Ou tout entier sil nest<lb/>

gueres grand</ab>

<ab><margin>left-top</margin>

Advise plustost<lb/>

quil ne meure de luy<lb/>

faire tenir les<lb/>

yeulx ouvers l<del>es</del>uy<lb/>

arrestant les paulpieres<lb/>

avecq un peu de <m>cire</m><lb/>

ou aultre chose</ab>

</div>

<div>

<id>p112v_1</id>

<head><del>Mouler</del>Fayre le plant et disposition <lb/>

de lanimal</head>

<ab>Ayant faict provision de <m><df>terre grasse</df></m> appellee
<m>ardille</m><lb/>

qui soict grise pourceque communem<corr><exp>ent</exp></corr> cest la
meilleure ou<lb/>

aultre qui aye bonne liaison &amp; qui soict fort corroye &amp;
battue<lb/>

de telle sorte quelle soict maniable sans sattaquer aulx<lb/>

<tl><bp>mains</bp></tl> ne a louvrage Fais une lazagne ou comme un
torteau<lb/>

de ceste <m>terre</m> esgallem<exp>ent</exp> aplaty avecq un <tl>baston
rond duquel<lb/>

les <pro>pastissiers</pro> se servent</tl> qui soict un peu plus espes
que dun <ms><bp>poulce</bp></ms><lb/>

Et sur ceste tourtelle plante ton animal <del>aya</del> imitant en<lb/>

cela son naturel &amp; <del>fa</del> la facon de laquelle
co<exp>mmun</exp>ement il se<lb/>

contourne Et premierement avecq une bonne <tl>aiguille</tl> pique
le<lb/>

au milieu du dessoubs de la gorge &amp; jusques au <del><ill/></del> los
superieur<lb/>

de la teste retire l<tl>eguille</tl> &amp; en sa place &amp; son trou
mays<lb/>

une <tl>poincte de <m>fil de fer</m></tl> de telle longueur quelle
suffise a tenir<lb/>

la teste de lanimal aussy <del>q</del>haulte quil apartient &amp; si la
peau<lb/>

rentre au dedans <del>&amp;</del> quand tu y mects la
<tl>poincte</tl><comment>c_112v_01</comment> retire la avecq<lb/>

l<del>a</del>e <del><tl>poincte</tl></del> bout de tes petites
<tl>molletes</tl> &amp; la disposes co<exp>mm</exp>e elle estoit
Pousse<lb/>

laultre bout de la <tl>poincte</tl> dans la tourtelle d<m>ardille</m>
Ainsy<lb/>

la teste se tiendra haulte qui aura meilleur grace &amp; estant<lb/>

asseuree Dispose apres le geste du corps &amp; des pates &amp;<lb/>

lentortillem<exp>ent</exp> co<exp>mm</exp>e tu verras estre plus seant
Et affin quil soit<lb/>

asseure &amp; ne varie poinct quand tu y gecteras le sable
<del>Mects</del><lb/>

Arreste les pates <del>&amp; le corp</del> avecq de petites <tl>poinctes
de <m>fil de fer</m></tl><lb/>

ayant premierem<exp>ent</exp> faict le premier trou avecq ton
<tl>aiguille</tl> bien<lb/>

poinctue Fais le semblable en telles parties du corps quil te<lb/>

semblera necessaire <del>plantant</del> faisant que les
<tl>poinctes</tl> passa<exp>n</exp>t<lb/>

par lanimal se plantent dans la tourtelle de terre non pas<lb/>

si avant quelles nexcedent un peu le corps de lanimal par un</ab>

<ab><margin>left-top</margin>

Aye une <tl>aiguille<lb/>

d<m>acier</m> fine</tl> &amp; qui soit<lb/>

la plus poinctue<lb/>

quil te sera possible<lb/>

affin que dicelle<lb/>

faisant le premier<lb/>

trou pour poser<lb/>

les <tl>poinctes de <m>fer</m></tl><lb/>

elle passe sans<lb/>

rien efforcer &amp; par<lb/>

sa rudesse nenfonce<lb/>

poinct ou retire la<lb/>

peau Apres mects<lb/>

y la <tl>poincte de <m>fer</m></tl><lb/>

grossette au lieulx<lb/>

espais &amp; deliee aulx<lb/>

lieulx delies Mays<lb/>

advise pour secret<lb/>

de ne planter pas<lb/>

du premier coup ta<lb/>

<tl>poincte</tl> passee dans<lb/>

lanimal sur la plastre<lb/>

de <m>terre</m> <del>pour</del> mays<lb/>

layant plantee retire<lb/>

la de la <m>terre</m> &amp; non<lb/>

de lanimal &amp; <del>fais<lb/>

ains</del> apres fiche la<lb/>

Cela se faict pourceque<lb/>

en fichant la premiere<lb/>

foys la <tl>poincte</tl> elle<lb/>

enfonce la peau du<lb/>

<al>serpent</al> Et en la retirant elle<lb/>

remect la peau en son premier<lb/>

estat</ab>

<ab><margin>left-bottom</margin>

<comment>c_112v_02</comment>Quand tu remects les <tl>pointes</tl><lb/>

qui ont servi nettoye les bien de la <m>rouille</m><lb/>

affin quelles ne retirent la peau</ab>

<ab><margin>bottom</margin>

La principalle disposition du plant est de <del>di</del> bien<lb/>

poser la teste levee &amp; regardant de coste Et pour<lb/>

cet effect perce sur quelque <tl>planche ou table solide</tl><lb/>

la teste <del>&amp; <ill/></del> faisant passer la <tl>poincte</tl> par
dessoubs<lb/>

de la gorge <del>sarrestan</del> entrant dans le test superieur

<figure>

<id>fig_p112v_1</id>

<link>https://drive.google.com/open?id=0B9-oNrvWdlO5c3dzVlNzcUd6MnM</link>

</figure>

</ab>

<cont/>

</div>
</root>
