<root>
<page>084v</page>

<image>http://gallica.bnf.fr/ark:/12148/btv1b10500001g/f174.image</image>

<div>
<id>p084v_1</id>
<head>Sable</head>

<ab>Jay essaye l<m>os de <add>pieds de</add> <al>bœuf</al> fort brusle
&amp; pulverise</m> &amp; broye<lb/>

bien fort sur le <tl><m>porphire</m></tl> jusques a ce quil <sn>ne se
sente<lb/>

point entre les <tl><bp>doigts</bp></tl></sn> Il moule tout seul fort
net Mays<lb/>

pourceque de soy mesme il est aride &amp; maigre il veult estre<lb/>

fort mouille &amp; humecte avecq <m>vin bouilly avecq racine
d<pa>orme</pa></m></ab>

<ab>La <m>mache de fer</m> l<m>os de pieds de <al>bœuf</al> fort
brusle</m> le <m>feultre<lb/>

aussy fort brusle</m> a foeu clos Et tout trois fort subtilles<lb/>

sur le <tl><m>porphire</m></tl> moulent fort nect en <m>plomb</m> sans
quil soit<lb/>

besoing de les recuire beaucoup &amp; gectant <del>le</del>
<add>au</add><comment>c_084v_01</comment> <tl>chassis</tl> chault<lb/>

ou froit</ab>

<ab>Le <m>feultre</m> seul moule fort net estant mouille &amp;
despouille<lb/>

bien Et faict aussy despouiller les aultres deulx</ab>

<ab>
<margin>left-middle</margin>
Ces sables ne<lb/>

soubstiennent<lb/>

quun gect</ab>

<ab>
<margin>left-middle</margin>
Un <m>sable<lb/>

gras</m> qui se rend<lb/>

si uny faict<lb/>

soufler</ab>

<ab>

<margin>left-middle</margin>

Un <m>metal gras</m><lb/>

demande <m>sable<lb/>

maigre</m></ab>

</div>
<div>
<id>p084v_2</id>
<head><m>Eau magistra</m></head>

<ab>Aulcuns trouvent que l<m>eau sel</m> nest pas bonne pourceque<lb/>

le <m>sel</m> pette au foeu &amp; par consequent doibt faire
soufler<lb/>

Il ny a que le <m>vin bouilly avecq racine d<pa>orme</pa></m></ab>

<ab>Le <m>charbon pour poncer</m> faict bien despouiller mays<lb/>

on trouve que <m>celuy de <pa>saule</pa></m> faict soufler <m>celuy de
<pa>chaisne</pa><lb/>

ou <pa>fayan</pa></m> faict <del>soufler</del> bien sans soufler</ab>

<ab>
<margin>left-middle</margin>
Essaye <m><al>huitres</al> bruslees</m></ab>

</div>
<div>
<id>p084v_3</id>
<head><m>Plomb</m></head>

<ab>Pour gect il ny a que le <m>plomb doux</m> qui veult estre
gecte<lb/>

fort <del>g</del> chault Et l<m>estaing douls</m></ab>

</div>
<div>
<id>p084v_4</id>
<head>Sable pour le <m>plomb</m> le plus<lb/>

excellent de tous pour grand relief<lb/>

et petit</head>

<ab>Jay prins de la <m>ceruse</m> et lay broyee a sec sur le
<tl><m>porphire</m></tl><lb/>

pour la faire bien subtile puys je lay tellem<exp>ent</exp> humectee
avecq<lb/>

de la <m>glaire doeuf fort battue</m> quelle estoit co<exp>mm</exp>e
paste sunissant<lb/>

avecq le plat dun <tl>costeau</tl> en perfection Je lay un peu
laisser</ab>

<ab>

<margin>left-bottom</margin>

<figure>X

</figure>

</ab>

<ab>
<margin>left-bottom</margin>
il la fault bien<lb/>

mesler avecq le<lb/>

<tl>costeau</tl></ab>

<cont/>

</div>
</root>
