<root>
<page>108r</page>

<image>http://gallica.bnf.fr/ark:/12148/btv1b10500001g/f221.image</image>

<div>

<id>p108r_1</id>

<ab>Pour tenir les noyaulx aulcuns employent du <tl><m>fil du
propre<lb/>

metal</m> dont ils gectent</tl> pource quil se reduict <del>avec</del>
&amp; fond avecq<lb/>

son semblable Mays pource que en fondant ou plyant le<lb/>

noyau varie Les aultres trouvent mieulx de se<del>r</del> servir de<lb/>

<tl><m>fil de fer</m></tl> esguise par les bouts pourcequil tient plus
ferme<lb/>

&amp; ayant les bouts subtils ne paroist non plus quune pointe<lb/>

daiguille Et on le peult <m>dorer</m> ou <m>argenter</m> plustost que
le<lb/>

mectre en oeuvre Sil faict trou on le recouvre avecq un petit
<tl>ciseau</tl></ab>

<ab>L<m>eau de vye</m> empesche que le sable ne soufle point &amp; ne
faict<lb/>

point aulx borts du <tl>moule</tl> de petits trous si la chose a
mouler<lb/>

en est bien mouillee les trous &amp; vesies &amp; souflements ne se
font<lb/>

poinct a lendroict du <tl>moule</tl> qui est espes Mays aulx borts
qui<lb/>

sont plus delies</ab>

<ab>On gecte d<m>argent commun</m> de quoy les <pro>orfevres</pro>
vulgairem<exp>ent</exp><lb/>

travaillent qui est allie <del>Et que</del> mediocrem<exp>ent</exp> Et
quand<lb/>

on gecteroit de <m>souldure</m> il courroit encores mieulx</ab>

<ab><rub>Le <m>spat</m></rub> est une <m>pierre blanchastre</m> qui se
trouve en<lb/>

<pl>allemaigne</pl> &amp; principallem<exp>ent</exp> a <pl>Auguste</pl>
de quoy on se sert pour<lb/>

le plus excellent sable qui se puisse trouver pour <m>plomb</m><lb/>

<m>estain</m> <m>cuivre</m> <m>argent</m> &amp; <m>or</m> Et tant plus
il sert tant plus<lb/>

il est meilleur Il est propre pour gecter en chassis choses<lb/>

plattes pour choses rondes il nest pas si duisant ne<lb/>

si tenant au feu que le susdict compose de <m>plastre</m></ab>

<ab>Les retailleures de <del>cui</del> gros <m>cuir gras</m> sont
<del>p</del>bons<comment>c_108r_01</comment> a gecter<lb/>

dans le <m>cuivre et latton fondu</m> car il le nettoye &amp; luy
oste<lb/>

toute sa <m>crasse</m></ab>

</div>

<div>
<id>p108r_2</id>
<head><m>Spalt</m></head>

<ab>Le <m>spalt</m> est blanc comme <m>plastre cuict</m> Et se trouve en
monceaulx<lb/>

&amp; <m>pierres</m> faictes a longues escailles &amp; longs filets il
est fort tendre<lb/>

de sorte quavecq l<tl><bp>ongle</bp></tl> on le peult racler &amp; en
faire pouldre c<exp>omm</exp>e<lb/>

de n<exp>ost</exp>re <m>croye de <pl>champaigne</pl></m> Et pourceque
toute chose qui provient<lb/>

des la <env>terre</env> est mellee de quelque aultre substance pour
le<lb/>

purifier on le broye venant de la <env>pierrerie</env> asses
grossierem<corr><exp>ent</exp></corr> puys<lb/>

on le destrempe avecq de l<m>eau de sel armoniac</m> <del>M</del>En
mecta<exp>n</exp>t la<lb/>

<ms>grosseur dune <pa>noix</pa></ms> diceluy dans une grande
<tl>bouteille</tl> d<m>eau</m> Et</ab>

<cont/>

</div>
</root>
