<root>
<page>108v</page>

<image>http://gallica.bnf.fr/ark:/12148/btv1b10500001g/f222.image</image>

<div>

<cont/>

<id>p108r_2</id>

<ab>ainsy on le destrempe &amp; on le reduict en
<del>p</del><m>balottes</m><comment>c_108v_01</comment> le
repurgeant<lb/>

des immundicites Puys on le mect cuire nettem<exp>ent</exp> dans un
<del><tl>pot</tl></del> <add><tl>vaisseau de
terre</tl></add><comment>c_108v_02</comment><lb/>

dans la <tl>fornaise de <pro>ceulx qui font des <tl>pots</tl></pro></tl>
et on ly laisse<lb/>

jusques a ce que les <tl>pots</tl> soie<exp>n</exp>t cuits Apres on le
destrempe<lb/>

encores avecq l<m>eau de sel armoniac</m> &amp; on le broye bien
fort<lb/>

et on vuide l<m>eau trouble &amp; nette</m> dans un <tl>vaisseau</tl> a
part<lb/>

Derechef on remect de la mesme <m>eau</m> dessus &amp; on broye<lb/>

&amp; remet on l<m>eau trouble</m> avecq laultre Et on fait ainsy<lb/>

jusques a ce quil aye tout passe En ceste sorte on le<lb/>

purge &amp; mundifie &amp; le rend on fort subtil &amp; maniable<lb/>

Ayant retire l<m>eau</m> par inclination ou avecq une
<tl>esponge</tl><lb/>

on prend la residence et on la faict seicher puys<lb/>

lhumectant de la susdicte <m>eau</m> co<exp>mm</exp>e on faict laultre
<del><m>eau</m></del><lb/>

sable on lemploye en <tl>chassis</tl> Ou sil se retire cest signe<lb/>

quil nest pas asses recuit &amp; quil le fault recuire<lb/>

dadvantaige Cestuy cy est propre pour mouler tous<lb/>

<m>metaulx</m> Et speciallem<exp>ent</exp> l<m>or</m> &amp;
l<m>argent</m> et tant plus<lb/>

il est employe il est meilleur Il fault mectre a part<lb/>

celuy auquel tu gectes du <m>plomb</m> ou <m>estaim</m> car il<lb/>

aigriroit l<m>or</m> que tu y gecterois</ab>

<ab><rub><m>Alum de plume</m></rub> se doibt recuire dans un
<del><tl>chaulderon</tl></del> <add><tl>creusol</tl> couvert dune
<tl><m>tuile</m></tl></add><lb/>

a bon feu de <del>flamme</del> <add><tl>charbons</tl></add> affin que
limmundice qui pourroit<lb/>

y estre se brusle avecq luy qui ne se brusle point Cela<lb/>

ce<comment>c_108v_03</comment> fait ou dans la <tl>forge des
<pro>orfevres</pro></tl> dans un <tl>countour de<lb/>

<m>briques</m></tl> ou dans un <tl>fourneau a vent</tl> a foeu de fusion
de sorte<lb/>

que le <del>sable demeure <tmp>asses long temps</tmp></del>
<add><tl>creusel</tl><comment>c_108v_04</comment> demeure un
<ms><tmp>quart dheure</tmp></ms></add> rouge cela se faict<lb/>

plus pour le mundifier que pour aultre chose il vient par dessus<lb/>

roussastre &amp; par dedans il demeure blanc &amp; est mieulx deseiche
<figure>#</figure></ab>

<ab>
<margin>left-middle</margin>
<figure>#</figure><lb/>

Apres que ton <m>alum de<lb/>

plume</m> est refroidy pile<lb/>

le dans un <tl>mortier</tl> puys<lb/>

le subtilie sur le <tl><m>mabre</m></tl><lb/>

Et il se rendra en fort<lb/>

subtils filaments<lb/>

lanugineulx qui donnent<lb/>

liaison au sable sans se<lb/>

brusler comme font<lb/>

toutes aultres choses<lb/>

qui est une belle<lb/>

invention Pile le da<exp>n</exp>s<lb/>

le <tl>mortier</tl> en traina<exp>n</exp>t<lb/>

le <tl>pilon</tl> Car la poul<lb/>

siere volante te pourroit<lb/>

entrer au <bp>colet</bp> ou<lb/>

se poser sur ton <bp>visage</bp><lb/>

qui te donneroit<lb/>

occasion de <sn>te bien<lb/>

grater</sn> Mects en<lb/>

peu a chasque foys<lb/>

dans le <tl>mortier</tl> pour<lb/>

eviter la poulsiere<lb/>

volante Il est mieulx<lb/>

de le broyer ainsy au <tl>mortier</tl> en trainant le <tl>pilon</tl> que
sur le <tl><m>mabre</m></tl> <del>car</del> la <del>c</del> ou il
sespand &amp; au<lb/>

<tl>mortier</tl> il se ramasse de tous costes Rends le fort subtil &amp;
<sn>douls au toucher</sn></ab>

<ab><rub>L<m>ardille</m></rub> pour fayre les cercles aultour des
<tl>moules</tl><lb/>

doibt estre fort grasse &amp; maniable Et ne sert qua fayre<lb/>

le contour des <tl>moules</tl> Ainsy il la fault
seulem<corr><exp>ent</exp></corr> choisir<lb/>

bien grasse Et la battre bien fort &amp; la destremper
mediocrem<exp>ent</exp><lb/>

avecq de l<m>eau</m> &amp; la tenir dans une <tl>fosse</tl> ou
<tl>terrine</tl> Et<lb/>

y faire force trous avecq un <tl>baston</tl> lesquels semplissent<lb/>

d<m>eau</m> pour la tenir tousjours fresche &amp; molle Affin
quelle<lb/>

soict tousjours preste a employer a ton besoing</ab>

<cont/>

</div>
</root>
