<root>
<page>134v</page>

<image>http://gallica.bnf.fr/ark:/12148/btv1b10500001g/f274.image</image>

<div>

<id>p134v_1</id>

<head>Faire courre le <m><figure>☀</figure></m></head>

<ab>

<m>Verdegris</m> &amp; <m>sel armoniac</m> <ms>aultant dun que
daultre</ms><lb/>

<m>Borras</m> &amp; <m>salpestre</m> <ms>aultant dun que dautre</ms>
Mays<lb/>

le<del>s</del> <m>borras</m> &amp; <del>sel armo</del> <m>salpestre</m>
ensemble ne doibvent<lb/>

poiser <ms>que la moitie des aultres</ms> scavoir aultant<lb/>

tous deulx que le <m>verdegris</m> Broye les subtillem<exp>ent</exp>
sur<lb/>

le <tl><m>mabre</m></tl> en pouldre puys broye les de nouveau<lb/>

avec de <m>fort bon vinaigre</m> jusques a ce quil soict<lb/>

subtil comme une <m>couleur</m> et <m>verdet</m> broye a
<m>huile</m><lb/>

Apres laisse le seicher de soy mesme si tu as loisir<lb/>

ou au foeu <del>lent</del> de la <tl>forge</tl> &amp; fais quil soict
bien<lb/>

sec</ab>

<man>

<margin>left-middle</margin>

Broye</man>

<man>

<margin>left-middle</margin>

<del><al>iraigne</al></del>

</man>

<ab>

<margin>left-middle</margin>

Un<add>e</add> des principalles<lb/>

choses pour le gect<lb/>

est de gecter fort <del>gec</del><lb/>

chault <del>s</del> principallem<corr><exp>ent</exp></corr><lb/>

les grands <m>metaulx</m></ab>

</div>

<div>

<id>p134v_2</id>

<head>

Pour gect d<m>or</m> en grand<lb/>

ouvraige</head>

<ab>

Il fault non seulement bien <tl>cramponer</tl> les <tl>moules</tl><lb/>

Mays les fortifier de bons liens de <tl><m>fil de fer</m></tl> ou<lb/>

<tl>petites bandes</tl> faictes a propos</ab>

<ab>

<margin>left-middle</margin>

Plustost que<lb/>

gecter en <m>or</m><lb/>

nettoye bien ta<lb/>

<tl>forge</tl> de <m>plomb</m><lb/>

&amp; <m>estaim</m></ab>

</div>

<div>

<id>p134v_3</id>

<head>

Secret pour <m>soulder</m> l<m>or</m> et<lb/>

<m>argent</m> en petit ouvrage</head>

<ab>

Si quelque bout de petite pate ne vient pas bien<lb/>

en <m>or</m> ou <m>argent</m> par faulte de navoir pas faict par<lb/>

dessoubs un gect de <m>cire</m> Bas de l<m>or de souldure</m> fort<lb/>

tanvre puys couppe le en si menues paillettes que tu as besoing<lb/>

Prens de ceste <m><bp>pituite</bp></m> ou <m><bp>salive espesse
<del>qui</del>et blanche<lb/>

qui se tient aulx <bp>dents</bp></bp></m> &amp; avec la poincte du
<tl>burin</tl> aplique<lb/>

la au lieu que tu veulx <m>soulder</m> &amp; y pose une <m>petite
paillete dor</m><lb/>

&amp; apres avecq un peu de <m>terre grasse</m> destrempee avecq la<lb/>

<m><bp>salive</bp></m> fais une petite couche a loposite pour mieulx
tenir<lb/>

la <m>souldure</m> Apres pulverise dessus un peu de <m>borras</m>
&amp;<lb/>

mects au foeu L<m>eau de graine de <pa>coings</pa> bouillie</m> &amp;
les<lb/>

aultres aussy</ab>

</div>
</root>
