<root>
<page>040r</page>

<image>http://gallica.bnf.fr/ark:/12148/btv1b10500001g/f85.image</image>

<div>

<cont/>

<id>p039v_3</id>

<ab>gueres expert en la paincture Si ta planche de <m>verre</m><lb/>

est emboutie comme prinse du ventre de quelque bocal elle<lb/>

sen monstrera mieulx @<comment>c_040r_01</comment> Quand tu couches tes
couleurs a <m>tourmentine</m><lb/>

sur tes planches de <m>verre</m> pose les premierem<exp>ent</exp> sur un
quarreau chault<lb/>

&amp; comme elles seront eschaufees estans tes couleurs &amp; le laisse
un peu sur<lb/>

le quarreau puys pose ta foeille d<m>estain</m></ab>

</div>

<div>

<id>p040r_1</id>

<head><m>Taincture</m></head>

<ab>Aulcuns prenent la <m>racine de <pa><la>lapathium acutum
majus</la></pa></m> qui semble<lb/>

la <m><pa>rheubarbe des <pro>moynes</pro></pa></m> ou
<m><pa>vinette</pa></m> &amp; de la racine qui est jaune<lb/>

l<tmp>este</tmp> ilz en <m>taignent</m> du <m>filet</m> &amp; choses
semblables</ab>

</div>

<div>

<id>p040r_2</id>

<head><m>Eau fort</m></head>

<ab>Aulcuns mectent <del>sur</del> <add>pour</add> quatre <ms>lb</ms> de
matieres d<m>eau fort</m> <del>quattre</del><lb/>

qui sont dans la <tl>cornue</tl> quattre <ms>onces</ms> d<m>eau
commune</m> dans le<lb/>

<tl>recipient</tl> qui est mieulx que le mectre dans la <tl>cornue</tl>
On faict<lb/>

deflegmer &amp; calciner l<m>alum</m> affin que l<m>eau</m> naye pas
tant de<lb/>

feces plusieurs la font sans deflegmer l<m>alum</m></ab>

</div>

<div>

<id>p040r_3</id>

<head><m>Vinaigre</m></head>

<ab>On tient pour asseure que <del>jec</del> faisant rougir du <m>sel
mineral</m> qui<lb/>

retire au <m>mabre</m> &amp; quon appelle en <pl>Cataloigne</pl> &amp; a
la frontiere d<pl>espaigne</pl><lb/>

<m>sel de <pl>Cardonne</pl></m> &amp; le jectant <del>dans du</del> tout
rouge ou bien chault dans<lb/>

du <m>vin</m> quil le rend <m>fort bon vinaigre</m> Aulcuns en font
avecq de<lb/>

l<m>eau</m> mise sur la <m>rappe aigrie</m> apres avoyr este pressee
des<lb/>

<pro>vendangeurs</pro> Mays il nest pas de duree &amp; se gaste aulx
chaleurs<lb/>

&amp; <env>tonnerres</env></ab>

</div>

<div>

<id>p040r_4</id>

<head>Boutons de <m>vermeilles</m></head>

<ab>Pourceque les <m>vermeilles</m> ne craignent point le foeu on<lb/>

les taille a losange pla<del><ill/></del>te dun coste puys on les joinct
en<lb/>

estoille dans <m>paste desmail broye</m> apres on le parfond<lb/>

&amp; on <m>dore</m> l<m>esmail</m> d<m>or de foeille</m> quon
recuist</ab>

</div>

<div>

<id>p040r_5</id>

<head><env>Grottes</env></head>

<ab>Pour remplir quelque lieu vuide qui ne peult pas estre<lb/>

charge de quelque roches pendant on mect pres du<lb/>

foeu un lopin de <m>parchemin espes</m> qui se retire &amp;
samo<exp>n</exp>cele<lb/>

puys on le painct a <m>destrempe</m> puys a <m>huile</m> apres on<lb/>

laplique</ab>

</div>
</root>
