<root>
<page>148v</page>

<image>http://gallica.bnf.fr/ark:/12148/btv1b10500001g/f302.image</image>

<div>

<id>p148v_1</id>

<head>Mouler <al>tortues</al></head>

<ab>Apres rassemble les parties de ton <tl>moule</tl> et<lb/>

<tl>cramponne</tl> curieusement toutes les joinctures tant<lb/>

de dessus &amp; dessoubs que par les costes Naya<exp>n</exp>t<lb/>

pas oublye dencocher les joinctures des <tl>moules</tl>
co<exp>mm</exp>e<lb/>

aulx aultres Ayant <tl>crampone</tl> le tout Deffais<lb/>

les <tl>crampons</tl> des costes &amp; non les aultres Et ainsy<lb/>

ton <tl>moule</tl> de plusieurs pieces <del>sem</del> souvrira
co<exp>mm</exp>e<lb/>

sil estoit seulement de deulx moities Si tu veulx<lb/>

mouler creux fais au milieu <del>de la partie</del> du
<tl>moule</tl><lb/>

du ventre un trou de part en part qui au dedans<lb/>

soict <ms>de telle capacite que le bout du <bp>petit doigt</bp> y<lb/>

puisse presque entrer</ms> Eslargissant co<exp>mm</exp>e en clervoise
le<lb/>

dehors du trou Cest pour jecter le noyau Or<lb/>

note que toutes ses difficultes ne seroient poinct si tu<lb/>

ne voulois mouler creux pourceque tu pourrois<lb/>

mouler la <al>tortue</al> de deulx pieces <del><ill/></del> et la
brusler<lb/>

dedans co<exp>mm</exp>e les aultres animaux Et seroit bien plus<lb/>

tost fait Mays co<exp>mm</exp>e la <al>tortue</al> est massive &amp;
quelle<lb/>

se trouveroit pesante sans estre creuse On lestime<lb/>

mieulx moulee de ceste sorte <add>creuse</add> Et en <del>cha</del>
ceste facon<lb/>

pour faire bien un <tl>moule</tl> il fault bien <tmp>trois<lb/>

<ms>jours</ms></tmp> Advise en <tl>moules</tl> creux &amp; fantasques
davoir<lb/>

du <m>plastre fort</m> qui endure le foeu sans se crever sil est<lb/>

possible Mays si tu nen peulx avoir de tel Mesle un<lb/>

peu plus d<m>alum de plume</m> &amp; adjouste y aussy du
<m><la>crocu<exp>m</exp></la></m><lb/>

qui le fortifie &amp; faict que les baves sil en y a viennent<lb/>

si subtiles quelles sont aysees a deffaire Noublie pas<lb/>

aussy de bien serrer avecq une <tl>presse</tl> tes <tl>moules</tl>
pour<lb/>

obvier aulx baves qui se font ou quand le <tl>moule</tl> nest<lb/>

pas bien joinct ou quand il est creve Pour reparer<lb/>

si les traicts ne sont asses aparents ressuicts les
legerem<exp>ent</exp><lb/>

avecq un <tl>burin</tl> puys les adoulcis avecq le <tl>ciselet</tl>
Les<lb/>

baves sostent avecq le <def><tl>chaple</tl></def> forme de
<tl>burin</tl> Pour les<lb/>

grumeleures &amp; escailles elles se font ou avecq une <tl>petite<lb/>

gouge</tl> ou <tl>petites portes pieces rondes</tl> Ou avecq la
<tl>poincte dun<lb/>

ciselet</tl> non trampe &amp; frappe sur une <tl>petite lime</tl></ab>

<ab>

<margin>left-middle</margin>

Fais ce trou<lb/>

plustost que<lb/>

<del>mouler</del> rejoindre<lb/>

tes <tl>moules</tl></ab>

</div>
</root>
