<root>
<page>031r</page>

<image>http://gallica.bnf.fr/ark:/12148/btv1b10500001g/f67.item</image>

<div>

<cont/>

<id>p030r_2</id>

<ab>Leurs <tl>marteaulx</tl> doibvent estre bien unis &amp; polis, et si
par<lb/>

cas fortuit la rouille <del>les</del> ou aultre usage les ha
endomagés,<lb/>

ilz les polissent premierem<exp>ent</exp> avecq <m>pouldre d'esmery</m>
puys<lb/>

les achevent de brunir &amp; adoulcir avecq de la <m>potée</m>.<lb/>

Aultrem<exp>ent</exp> ilz ne battroient pas net. Il fault aussy que<lb/>

le plan des <tl>enclumes</tl> soict de mesme.</ab>

</div>

<div>

<id>p031r_1</id>

<head>Nouvelle <pa>vigne</pa></head>

<ab>Estant bien prise, si tu veulx qu'elle gecte force<lb/>

branches, l'ayant labourée, mects a chasque pied<lb/>

deulx <ms>poignées</ms> de <m>fiente de <al>pigeon</al></m>.</ab>

</div>

<div>

<id>p031r_2</id>

<head>Eaulx coulourees</head>

<ab>L'<m>urine distillée</m>, le <m>vinaigre distillé</m> et l'<m>eau
de<lb/>

vye</m> prenent taincture caerulée &amp; verte de l'<m><la>aes
ustum</la><lb/>

pulverisé et subtilem<exp>ent</exp> broyé</m>. Et ceste taincture
est<lb/>

<m>cuivre rouge</m> en sa resideue, si tu distilles les susdictes<lb/>

choses par <tl>filtre</tl>.</ab>

</div>

<div>

<id>p031r_3</id>

<head><m>Vernis</m> durant à l'<m>eau</m></head>

<ab>Le <m>vernis de <pl>Flandres</pl></m>, faict de <m>tourmentine</m>
&amp; <m>huile</m> d'icelle<lb/>

ou de <m>mastic</m>, se peult oster et ne soubstient poinct <env>à la
pluye</env>.<lb/>

Mays celuy qui est faict d'<m>huile de noix blanche</m>,
co<exp>mm</exp>e tu la<lb/>

fais, tient <env>à la pluye</env> <corr>e</corr><add>t</add> est fort
cler &amp; beau &amp; bien tost sec.<lb/>

C'est pourquoy on use d'iceluy aulx banieres &amp; enseignes<lb/>

painctes qu'on porte <m>à la pluye</m>.</ab>

</div>

<div>

<id>p031r_4</id>

<head>Fruict de <m>sucre</m></head>

<ab>On ne les paint pas au <tl>pinceau</tl> co<exp>mm</exp>e les aultres
<del>s</del> choses<lb/>

de couleur destrempée, pource que le <m>sucre</m> se fondroit.<lb/>

Mays on les frotte de couleur avecq le <tl><bp>doigt</bp></tl>.</ab>

</div>
</root>
