<root>
<page>023v</page>

<image>http://gallica.bnf.fr/ark:/12148/btv1b10500001g/f52.image</image>

<div>

<cont/>

<id>p023r_1</id>

<figure>

<id>fig_p023v_1</id>

<margin>left-middle</margin>

<link>https://drive.google.com/open?id=0B9-oNrvWdlO5Tm4ySC1wcUx6Yzg</link>

</figure>

<ab><m>pouldre</m>. Estant pleine la saulssisse, trempe la <del>bien
dans</del><lb/>

legierem<exp>ent</exp> pour mouller la <m>toile</m>, &amp; non la
<m>pouldre</m>, dans deulx<lb/>

<ms>parties</ms> de <m>vinaigre</m> &amp; <del>de</del> une d’<m>eau de
vye</m>. Aprés laisse bien<lb/>

seicher ladicte <m>toile</m>, et puys il fault joindre à ladicte<lb/>

saulcisse une longue <tl>fisselle</tl> ou <tl>cordette</tl> qui soict
plus<lb/>

longue <ms>deux fois que la saulcice</ms>, &amp; ne la fault pas<lb/>

serrer contre la saulcice mays seulem<exp>ent</exp> la lier à
icelle<lb/>

par les deulx bouts &amp; la couldre à la saulcice en<lb/>

quelques endroicts sur le milieu. Aprés il fault oindre<lb/>

toute la saulcice avecq de la <m>tourmentine bien bonne</m>,<lb/>

et au bout d’icelle que tu vouldras joindre à la lumiere<lb/>

du mortier pour donner foeu, tu pourras couldre <del>une</del><lb/>

ou attacher bien serré une <m>liste de toile large</m> d’un<lb/>

<ms>empan</ms> qui soict aussy bien trempée dans la
<m>tourmentine</m>;<lb/>

&amp; ceste liste doibt estre fendue par le milieu affin de<lb/>

l’entourner &amp; lier aultour du mortier, et fault l’atacher<lb/>

en sorte que <del>la lumiere soict pres d<del>u m</del>e la</del> le
bout de<lb/>

la saulcice qui soict ouvert soict joinct à la lumiere du<lb/>

mortier. Puys il fault mectre force <m>pouldre</m> accachée<lb/>

sur la lumiere du mortier. Et aprés, que celuy qui est<lb/>

hors du fossé tire la <tl>lignette</tl> &amp; <tl>cordelle</tl> qui est
joincte<lb/>

à la saulcice tant qu’elle soict moyennem<exp>ent</exp> estendue,
mays<lb/>

non pas tant tirée qu’elle se destachas<del>sen</del>t. Et s’il y<lb/>

avoict de l’<m>eau</m> dans le fossé, il fauldra soubstenir<lb/>

avecq des <tl>forchettes</tl> la saulcice. Puys celuy qui<lb/>

tient le bout de la saulcice pourra donner foeu, s’estant<lb/>

mis en seuretté &amp; les aultres aussy.</ab>

</div>

<div>

<id>p023v_1</id>

<ab>Les mortiers qu’on veult poser aulx portes ou grilles de<lb/>

<m>fer</m> sont suffisants s’ilz poisent 40 ou 50 <ms>lb</ms>. Au
reste,<lb/>

quand à la charge, balle, &amp; façon de proceder, il fault faire<lb/>

tout co<exp>mm</exp>e il est desja dict cy devant de celuy de 3
<ms>quintals</ms>.<lb/>

Un homme le peult porter.</ab>

<ab>Il fault que la balle soict ronde d’un costé &amp; platte de<lb/>

l’aultre co<exp>mm</exp>e <del>une demy balle</del> la <ms>moictié</ms>
d’une balle couppée.<lb/>

Il fault aussy que la croix se tienne à la balle et qu’elle,<lb/>

la balle se fondant si tu la fais de <m>metal</m>, s’enveloppe<lb/>

avecq le milieu de la croix.</ab>

</div>
</root>
