<root>
<page>079r</page>

<image>http://gallica.bnf.fr/ark:/12148/btv1b10500001g/f163.item</image>

<div>

<cont/>

<id>p078v_4</id>

<ab>quand tu en vouldras user, destrampe le aveq de la<lb/>

<m>colle bien clere</m>, &amp; puys tu le coucheras sur ce
q<exp>ue</exp> tu<lb/>

vouldras par deux ou trois foys, &amp; puys le laisse<lb/>

seicher. Mais avant q<exp>ue</exp> le coucher, couche y une couche<lb/>

de <m>colle bien claire</m>, &amp; le laisse seicher, &amp; frotte
lad<exp>icte</exp><lb/>

<m>bronze</m> aveq ung <tl>dan de <al>loup</al> ou de
<al>chien</al></tl>.</ab>

</div>

<div>

<id>p079r_1</id>

<head>Pour faire <m>boys</m> gris</head>

<ab>

Prendz de la <m>moullée du grais</m>, _ _ _<comment>c_079r_01</comment>
de<lb/>

la <m>limaille de fer</m>, de la <m>feraille</m>, de l’<m>alung</m>, du
<m>noyr<lb/>

de <pro>courroieur</pro></m>, de la <m>coperose</m> &amp; de l’<m>alung
de glace</m>.</ab>

</div>

<div>

<id>p079r_2</id>

<head>Pour faire <m>eau</m> pour le mal des<lb/>

<bp>yeux</bp></head>

<ab>

Prenés de la <m>coupperose blanche</m> &amp; la faictes chauffer<lb/>

un petict sur le foeu, puys le mectés en pouldre dedans<lb/>

un <tl>drappeau blanc</tl> bien estendu sur un <tl><m>verre</m> bien
nect</tl><lb/>

&amp; la pouldre dess<exp>us</exp>, puys prenés de l’<m>eau de
<env>fontayne</env></m>, &amp;<lb/>

la faictes passer sur led<exp>ict</exp> <tl>drappeau</tl> en remuant du
<tl><bp>doigt</bp></tl><lb/>

lad<exp>icte</exp> pouldre, tant qu’elle soit toute passée. Puys en
lavez<lb/>

vos <del>v</del> <bp>yeux</bp> <tmp>à toute <ms>heure</ms></tmp>
q<exp>ue</exp> vous vouldrés, &amp; aveq l’ayde<lb/>

de <pn>Dieu</pn> vous vous en trouverés fort bien.</ab>

</div>

<div>

<id>p079r_3</id>

<head>Pour faire <m>bronze</m> en coulleur d’or</head>

<ab>

Prenés six <ms>onces</ms> d’<m>estaing
ca<corr>l</corr>ci<corr>n</corr>és</m> &amp; aultant de <m>souffre<lb/>

vif</m> &amp; six <ms>onces</ms> de <m>sel armoniac</m>, et mectés
l’<m>estaing</m><lb/>

fondre dedans une <tl>cuilliere</tl>. Quand il sera fondu, mectés<lb/>

l’<m>argent vif</m> dedans, puys le gectés en ligne, puys<lb/>

pillés toutes ses <m>drogues</m> ensemble dedans ung <tl>mortier</tl>,
<corr><del>&amp;</del></corr></ab>

<cont/>

</div>
</root>
