<root>
<page>035v</page>

<image>http://gallica.bnf.fr/ark:/12148/btv1b10500001g/f76.image</image>

<div>

<id>p035v_1</id>

<head>Pour garder quelqu’un de ne<lb/>

manger d’une <m>viande</m></head>

<ab>Faictes seicher de la <m>racine de <pa>pied de veau</pa></m>,
aultrem<exp>ent</exp><lb/>

<m><pa>jarus</pa></m>, &amp; en saulpouldrés la
<m>viande</m><del>s</del>. À quoy il n’y a<lb/>

poinct de dangier. @Voy <pn>Mathiol</pn>.</ab>

</div>

<div>

<id>p035v_2</id>

<head>Pour fayre transmuer du <m><pa>bled</pa></m><lb/>

d’un <tl>vaisseau</tl> à aultre</head>

<figure>

<id>fig_p035v_1</id>

<margin>left-middle</margin>

<link>https://drive.google.com/open?id=0B9-oNrvWdlO5WEY2UUhMRTg4Y00</link>

</figure>

<ab>Ayes deulx <tl>petits boisseaulx de <m>boys</m></tl> <ms>de pareille
grandeur</ms><lb/>

qui soyent par le dehors du fonds caves <ms>de l’espesseur<lb/>

d’un dos de <tl>cousteau</tl> ou plus</ms>. L’un d’iceulx demeurera
vuide<lb/>

&amp; au fonds de l’aultre tu colleras des <m>grains de
<pa>bled</pa></m> avecq<lb/>

de l’<m>amydon</m> de sorte qu’il soict tout couvert de
<m><pa>grain</pa></m> &amp; il<lb/>

semblera en estre plein. Ayes aussy une <tl>cloche de
<m>boys</m></tl>,<lb/>

dans laquelle tu mectras aultant de <m><pa>grain</pa></m> qu’il en
pourra<lb/>

demeurer <ms>en la capacité d’un des boisseaulx</ms>, et par dessus
mects<lb/>

une <tl>piece de <m>cuir</m></tl> simple qui entre justem<exp>ent</exp>
dans la <tl>cloche</tl>. Mects<lb/>

tout dans un <tl>sac</tl> ou <tl>serviette</tl> ou <tl>mouchouer
plié</tl>, si tu ne veulx<lb/>

employer la <tl>gibessiere de <pro>m<exp>aistr</exp>e gonin</pro></tl>.
Montre premierem<exp>ent</exp> le<lb/>

<tl>boisseau</tl> vuyde, puys en presence emplis le de
<m><pa>grain</pa></m>, puys<lb/>

remects le dans la <tl>serviette</tl>. Aprés laisse y cestuy là
&amp;<lb/>

prends celuy où est collé <del>le</del> <m><pa>bled</pa></m> avecq
<m>amydon</m>, &amp; il semblera<lb/>

que ce soict le premier, remply de <m><pa>bled</pa></m>. Mects le soubs
un<lb/>

<tl>chapeau</tl> &amp; pose doulcem<exp>ent</exp> la <tl>cloche</tl> sur
la <tl>table</tl> pour la<lb/>

premiere foys. Et si tu veulx, monstre promptem<exp>ent</exp> &amp;
sans<lb/>

arrester le fonds qui sera couvert de <tl><m>cuir blanc</m> de la
couleur<lb/>

du <m>boys</m></tl>. Puys faisant semblant de monstrer le<lb/>

<tl>boisseau</tl> qui est soubs le <tl>chapeau</tl>, tu le
tourneras<lb/>

dextrem<exp>ent</exp> du costé qu’il est vuyde &amp; le laisseras
couvert.<lb/>

Puys commanderas que par <la>invisibilium</la> le <m><pa>bled</pa></m>
passe<lb/>

dans la <tl>cloche</tl>, de laquelle tu fraperas un peu
auparava<exp>n</exp>t<lb/>

sur la <tl>table</tl> un peu fort, &amp; le <m><pa>bled</pa></m> tumbera
au fonds &amp;<lb/>

couvrira la <tl>piece de <m>cuir</m></tl>. Puys leve le
<tl>chapeau</tl>;<lb/>

le <tl>boisseau</tl> <del>semb</del> se trouvera vuide et la
<tl>cloche</tl> plene<lb/>

de <m><pa>bled</pa></m>, que tu racleras dextrem<exp>ent</exp> avecq la
<tl>piece de <m>cuir</m></tl>

</ab>

<cont/>

</div>
</root>
