<root>
<page>053v</page>

<image>http://gallica.bnf.fr/ark:/12148/btv1b10500001g/f112.image</image>

<div>

<id>p053v_1</id>

<head><al>Vers de soye</al></head>

<ab>Ils se produisent de grene, c’est à dire d’oeufs, laquelle se
vent<lb/>

a l’<ms>once</ms>, qui communem<exp>ent</exp> se vent en
<pl>Languedoc</pl> iii <ms>lb</ms> v <cn>s</cn>. Celle
d’<pl>Espaigne</pl><lb/>

que les <pro>marchans</pro> y aportent est estimée la meilleure pource
que les<lb/>

<al>vers</al> qui en proviennent ne sont pas si subgects à
malladies<lb/>

&amp; font plus de <m>soye</m>. En <pl>Espaigne</pl>, d’une
<ms>once</ms> de <del><m>soye</m></del> grene,<lb/>

ilz s’en produict des <al>vers</al> qui raportent <del>ord</del>
co<exp>mmun</exp>em<corr><exp>ent</exp></corr> xv <ms>lb</ms> de
<m>soye</m>.<lb/>

Mays <del>l’<ms>once</ms></del> d’une <ms>once</ms> de grene produicte
en <pl>France</pl>, il n’en revient que<lb/>

x ou xii. Troys <ms>onces</ms> de grene sont pour produire telle
qua<exp>n</exp>tité<lb/>

de <al>vers</al>, que tu en pourras fournir une <env>chambre acommodée
de trois<lb/>

ou 4 estages de tables larges</env>. Volontiers, ilz comancent à<lb/>

s’espelir <tmp>vers la Sepmaine saincte</tmp>. Et pour ce faire, on les
mect<lb/>

dans une <tl>boite de <pa>sapin</pa></tl>, co<exp>mm</exp>e celles où
l’on mect la dragée, entre<lb/>

des <tl>coissins de plume</tl> chauldem<exp>ent</exp>. Et au
commancem<exp>ent</exp>, ilz s’espellissent<lb/>

co<exp>mm</exp>e <del>f</del> petites <al>formis noires</al>, &amp;
aussy tost qu’il y en ha deulx ou<lb/>

trois espelis, il leur fault donner des <m>foeilles de <pa>moeurier
blanc</pa></m>,<lb/>

et puys les ranger sur les <tl>tables</tl>. Et trois <ms>fois le
<tmp>jour</tmp></ms>, il<lb/>

leur fault changer des <m>foeilles fresches</m>. Et s’il faict <tmp>sur
jour</tmp><lb/>

quelque <env>tonnerre <add>ou temps pluvieulx, couvert &amp;
frais</add></env>, il fault tenir dans la <env>chambre</env> trois ou
4<lb/>

<tl>rechauls <del>&amp;</del> avecq charbon allumé</tl>, &amp; y mectre
de l’<m>encens</m> jusques<lb/>

à ce que toute la <env>chambre</env> soict remplye de <m>fumée</m>. Et
quand le<lb/>

<env>temps se porte chault &amp; serain</env>, la <m>soye</m> abonde
plus &amp; en est meilleure.<lb/>

Aulcuns <al>vers</al> la font plus blanche, aultres plus jaunastre.
Et<lb/>

encores qu’elle soict blanche, elle se jaulnist quand on la tire
avecq<lb/>

l’<tl><m>eau chaulde</m></tl>. <del>Despuys</del> Les <al>vers</al>,
<tmp>despuys leur naissance jusques<lb/>

a<add>u</add> <del>leur</del> temps qu’ilz font leur coquons &amp; leur
prison</tmp>, dorment &amp;<lb/>

s’assopissent 4 fois, &amp; à chasque fois demeurent 4 ou cinq
<ms><tmp>jours</tmp></ms><lb/>

assopis sans manger, co<exp>mm</exp>e s’ilz mouroient pour renaistre une
aultre<lb/>

fois, car à chascune ilz changent de peau &amp; commancent à
despoiller<lb/>

la teste puys consequem<exp>ent</exp>, à divers <tmp>jours</tmp>,
le<del>s</del> reste du corps, &amp; de<lb/>

blanc viennent grisastres, &amp; de grisastres blans. <del>En fin</del>
Et<lb/>

s’il en y a quelque malade qui n’aye force de se despoiller, il luy<lb/>

fault ayder &amp; se garder de la crever, car lors rendant une<lb/>

liqueur jaulne, elle ne vauldroit plus rien. Et mesmes ne
proffictent<lb/>

elles guere despuys qu’on l’a maniée de la <tl><bp>main</bp></tl>.
<tmp>Vers la<lb/>

Pentecoste</tmp>, elles comancent à vouloir monster à des branches<lb/>

seiches de <pa>brande</pa> ou <pa>bruyere</pa> qu’on leur præpare
<del>en</del> &amp; attache</ab>

<ab>

<margin>left-middle</margin>

Voy <la><pn>Hieronymus<lb/>

Vida <pl>Albensis</pl>, <add>ep<exp>iscop</exp>us</add><lb/>

<del>de b</del> <pl>Cremonensis</pl></pn>,<lb/>

scripsit carmine<lb/>

de <al>bombicum</al> natura.</la>

</ab>

<ab>

<margin>left-middle</margin>

Coment on les <lb/>
remue.

</ab>
<cont/>

</div>
</root>
