<root>
<page>008r</page>

<image>http://gallica.bnf.fr/ark:/12148/btv1b10500001g/f21.image</image>

<div>

<id>p008r_1</id>

<head>L<exp>ett</exp>re d'<m>or</m> sur <m>papier</m></head>

<ab>Escripts avecq du <m>laict de <pa>figuier</pa></m> puys laisse un
peu<lb/>

seicher, aprés pose l'<m>or en feuille</m>, &amp; estant bien sec,
frotte<lb/>

avecq un <tl><m>linge</m></tl>, et la seule l<exp>ett</exp>re
demeurera.</ab>

</div>

<div>

<id>p008r_2</id>

<head>Pour rompre grenades et donner<lb/>

violence aux artifices de foeu</head>

<ab>Mects parmy la <m>pouldre</m> <del><ms>six fois autant</ms> de
<m>vif argent</m></del><lb/>

<del>et</del> <ms>la sixiesme partye</ms> d'icelle de <m>vif
argent</m>.</ab>

</div>

<div>

<id>p008r_3</id>

<head>Trempe de balle pour fausser<lb/>

armes a preuve</head>

<ab>Chaufe la balle de <m>plomb</m> le plus que tu pourras sans<lb/>

fondre, et comme elle sera bien chaulde, trempe la dans le<lb/>

<m>plus fort vinaigre</m> que tu pourras. Et fais cela quattre<lb/>

ou cinq fois. Aprés, hache du <m>lard</m> bien menu &amp; du
<m>linge</m><lb/>

aussi bien subtilement, mesle tout ensemble &amp; t'en sers comme<lb/>

de bourre, et le fais entrer un peu à force &amp; fort justement<lb/>

dans l'harquebuse ou pistole. Et plustost que tirer <del>cha</del>,
fais<lb/>

s'il est possible que la balle soict chaulde.</ab>

</div>

<div>

<id>p008r_4</id>

<head>Pour <tmp>de nuict</tmp> fayre bresche<lb/>

en une <env>muraille</env></head>

<ab>Ayant faict trou dans la <env>muraille</env> comme tu sçais,
mects<lb/>

un mortier dedans, chargé de <m>pouldre</m>, qui soict quasi comme<lb/>

couché &amp; l'aultre droict, puys bouche le trou &amp; donne foeu.</ab>

</div>
</root>
