<root>
<page>034v</page>

<image>http://gallica.bnf.fr/ark:/12148/btv1b10500001g/f74.image</image>

<div>

<id>p034v_1</id>

<head>Pour fayre fondre ou transmuer<lb/>

une <tl>bague</tl> mise dans une <tl>boitte</tl></head>

<figure>

<id>fig_p034v_1</id>

<link>https://drive.google.com/open?id=0B9-oNrvWdlO5VTA5cWtrWktEajQ</link>

</figure>

<ab>Ayes une <tl>boitte de <m>buys</m> rayée à cercles</tl> comme tu
voys, dans laquelle<lb/>

entre<add>ra</add> une aultre <tl>petite boicte</tl> fort à l’ayse,
co<exp>mm</exp>e celle que tu voys marquée<lb/>

B, et fais qu'elle ne touche pas le fonds de la grande marquée A,
mays<lb/>

qu'il y aye quelque distance. Il fault aussy que ce qui entre
da<exp>n</exp>s<lb/>

la <tl>grande boicte</tl> soict bien uny, mays que le bort soict faict à
cercles<lb/>

affin qu'estants joinctes il semble que ce soict une mesme
<tl>boicte</tl>.<lb/>

Il te fault aussy avoir un <tl>couvercle de <m>cuir</m> rond de la
longueur<lb/>

de la <tl>boicte</tl></tl>, comme tu voys marqué C, qui entre bien à
l’ai<del>ss</del><add>s</add>e &amp;<lb/>

entourne bien lesdictes <tl>boictes</tl> ainsy mises l'une dans
l'aultre.<lb/>

Et plustost que faire ton jeu de passe passe, il fault que tu<lb/>

mectes au fonds de la <tl>grande boicte</tl> de la <m>pouldre d'or
ou<lb/>

d'argent</m> ou du <m>mercure</m> amalgamé avecq <m>argent</m>, et puys
poses<lb/>

la <tl>petite boicte</tl> marquée B dessus. Aprés, tenant la
<tl>boicte</tl> avecq<lb/>

le <bp>doigt indice</bp> dessus, tu <add>la</add> presente, et ne voyant
que le fonds de<lb/>

la <tl>petite <add>boicte</add></tl> marquée B, on y mect une
<tl>bague</tl> ou chose semblable.<lb/>

Ce faict, posant ta <tl>boicte</tl> sur <tl>table</tl>, tu la couvre de
la <tl>boicte<lb/>

de <m>cuir</m></tl>, et faisant les mines requises tu osteras la
<tl>boicte<lb/>

de <m>cuir</m></tl>, &amp; sans monstrer le dedans la poseras sur la
<tl>table</tl><lb/>

&amp; feras recognoistre la <tl>bague</tl> <del>au</del> mise au fonds
de la <tl>petite<lb/>

boicte</tl> marquée B. Puys tu remettras doulcement la <tl>boicte de
<m>cuir</m></tl>,<lb/>

&amp; aprés avoyr dict
<la>inhonorificabilitidinita<del>d</del>tudinibus</la>, tu prendras<lb/>

avecq les deulx <bp>doigts</bp> l'extremité de la <tl>boicte de
<m>cuir</m></tl> <del>avecq la</del> et,<lb/>

la serrant plus que de coustume, tu <del>d</del> enleveras <del>pe</del>
quand &amp; quand<lb/>

la <tl>petite boicte</tl> qui est dedans &amp; qui contient la
<tl>bague</tl>, &amp; mettras<lb/>

doulcem<exp>ent</exp> le tout sur la <tl>table</tl>, puys verseras la
pouldre ou<lb/>

<m>amalgame</m> qui est au fonds de la <tl>grand boite</tl>, puys
remettras<lb/>

la <tl>boicte de <m>cuir</m></tl> avecq celle qui est dedans
co<exp>mm</exp>e elle estoit au<lb/>

commancem<exp>ent</exp>. Puys, ostant la <tl>boicte de <m>cuir</m></tl>
sans oster la petite,<lb/>

tu monstreras la <tl>bague</tl> qui est au fonds, revenue en son
premier<lb/>

estat, tenant le <bp>doigt indice</bp> sur le bord de la <tl>boicte</tl>
affin qu’elle<lb/>

ne coulle.</ab>

</div>
</root>
