<root>
<page>052r</page>

<image>http://gallica.bnf.fr/ark:/12148/btv1b10500001g/f109.item</image>

<div>

<id>p052r_1</id>

<head>Oeuvre faicte en <pl>Argel</pl></head>

<ab>Ayes un <al>poulain</al> de trois ou 4 ans &amp; le nourrys de
<del><m>segle</m></del> <add><m>orge</m></add> &amp; <m>paille</m><lb/>

<del>pig</del> couppé à la facon qu’on nourrist les <al>chevaulx</al> en
<pl>Espaigne</pl>,<lb/>

et l’abreuve d’<m>eau bonne de fontaine ou de riviere</m>. Je ne
sçay<lb/>

s’il seroit bon de l’abreuver parfoys d’<m>eau des baings
sulphurés</m>,<lb/>

&amp; luy donner parfois du <m><pa>senegre</pa></m> ou aultres aliments
chaults,<lb/>

car l’intention de l’<pro>ouvrier</pro> est <del>d’en</del> de se servir
de la chaleur<lb/>

de son <m>fient</m>, &amp; le climat de deça est plus froid que celuy
d’<pl>Argel</pl>.<lb/>

Tiens le en <env>lieu chault &amp; serré</env> &amp; qu’il ne se perde
rien de son<lb/>

<m>fient</m> &amp; <m>urine</m>, de quoy tu feras un amas ou deulx affin
que,<lb/>

pendant que l’un se refroidist, l’aultre soict en chaleur propre<lb/>

pour continuer. Ayes aussy un <tl>grand mattelas de <m>verre</m></tl>,
le<lb/>

plus espés qu’il te sera possible &amp; d’un <ms><bp>doigt</bp></ms>
s’il se peult faire,<lb/>

&amp; de la <ms>capacité d’une <tl>buye ou broc de
<m>terre</m></tl></ms>. Mects dedans <tmp>vers<lb/>

la <pn>S<exp>ainc</exp>t Jehan</pn></tmp> une douzaine &amp; demye
d’<m>oeufs de poule</m>, sçavoir<lb/>

le <m>jaulne</m> sans la <m>glaire</m> &amp; le <m>germe</m> (voy).
Aultres disent lx<lb/>

<m>jaulnes</m>. Et <del>sera</del> avecq ceste douzaine &amp; demye de
<m>jaulnes d’oeufs</m>,<lb/>

mects y <ms>demy once</ms> (aultres disent en lx <m>oeufs</m> <ms>demy
lb</ms>) de <m>graine<lb/>

de <al>vers de soye <add>femelle</add></al></m>. Et aprés avoyr bien
<m>lutté</m> le <tl>matteras</tl> (je ne sçay<lb/>

s’il seroit point besoing que pour la generation il y eust air),<lb/>

mects le &amp; l’ensevelis dans la chaleur du <m>fiens</m> jusques au
col,<lb/>

et l<corr>’</corr>y laisse jusques à ce que plusieurs <del>f<ill/></del>
<al>vers</al> se soient engendrés.<lb/>

Et lors retire le <tl>mattelas</tl> &amp; ne l’ensevelis plus dans le
<m>fiens</m>,<lb/>

mays tiens le seulement posé sur la couche du <m>fiens</m>
chaul<del>x</del><add>t</add><lb/>

jusques à ce que tous les <al>vers</al> se seront mangés &amp; consumés
les<lb/>

ungs <del>d</del>les aultres en se froissant &amp; remua<exp>n</exp>t,
et qu’il n’en demeure qu’un.<lb/>

Quand ainsy est, il te le fauldra apaster <tmp>ordinairem<exp>ent</exp>
par intervalle<lb/>

de jour &amp; de nuit</tmp> par le secours de deulx hommes qui par
intervalle<lb/>

en auront le soing, et tu l’apasteras d’un <m>jaulne d’oeuf</m> couvert
d’une<lb/>

<m>foeille d’or</m>, ou qu’avecq le <m>jaulne d’oeuf</m> liquide la
<m>foeille d’or</m> soit<lb/>

incorporée; &amp; garde bien que telle pasture ne luy manque pas
(aulcuns<lb/>

dissent un <m>jaulne d’oeuf</m> pour <tmp>heure</tmp>, aultres trois,
mays la chose<lb/>

mesmes demonstrera la practique). En ceste sorte nourry, il fera<lb/>

son croist en deulx <tmp>moys</tmp> ou sept <tmp>sepmaines</tmp> &amp;
viendra comme un<lb/>

<al>serpent</al> long d’un <ms>empan</ms> &amp; 4
<ms><bp>doigts</bp></ms> &amp; du pois d’une <ms>lb</ms>, et
co<exp>mm</exp>e les<lb/>

aisles luy comanceront à naistre, il le fauldra faire mourir,<lb/>

faisant avecq du <m>charbon</m> foeu de roue aultour de la
<tl>bouteille</tl> un<lb/>

<ms>empan</ms> loing, et lors bouche &amp; <m>lutte</m> bien la
<tl>bouteille</tl> affin qu’elle n’exale.<lb/>

</ab>

<cont/>
</div>
</root>
