<root>
<page>013v</page>

<image>http://gallica.bnf.fr/ark:/12148/btv1b10500001g/f32.image</image>

<div>

<cont/>

<id>p013r_4</id>

<ab>passeroit pas si bien. Mays choisis pour cet effect la <m>soye
crue<lb/>

jaulne &amp; naturelle</m> pource qu'elle est plus forte &amp; rejecte
la<lb/>

<m>farine</m> comme le <m>poil de <al>cheval</al></m>.</ab></div>

<div>

<id>p013v_1</id>

<head>Pour cognoistre la bonne<lb/>

<m>cendrée d'azur</m> à <m>huile</m></head>

<ab>Celle qui s'amoncelle en pettites m<corr>o</corr>ttes et est
grumeleuse<lb/>

est la meilleure car elle est plus subtille. Celle qui est aussy
fort<lb/>

palle de couleur pour ce que l'<m>huile</m> l'obscurcist. Quelques<lb/>

<pro>sophistiqueurs</pro> les meslent, mays tu cognoistras cela si<lb/>

tu en verses sur un <m>papier</m> &amp; l’acaches &amp; l'estens avecq
le<lb/>

<tl><bp>doigt</bp></tl> pource que si elle est meslée elle se trouvera
diverse &amp;<lb/>

comme rayée d'une palle &amp; d'une plus obscure, mays si elle<lb/>

est entiere elle sera unie &amp; d'une couleur.

</ab>

</div>

<div>

<id>p013v_2</id>

<head>Blanchiment de <m>perles</m></head>

<ab>Quand elles ont esté apliquées en broderie sur quelque<lb/>

acoustrement, elles sont grasses &amp; se nettoyent en <m>eau de
savon</m>.

</ab>

</div>

<div>

<id>p013v_3</id>

<head><m>Crapaudine</m></head>

<ab>Celle qui est de la teste du <al>crapault</al> &amp; qui ha la
figure<lb/>

du <al>crapault</al> naturellement paincte, co<exp>mm</exp>e tu as veu,
est la plus<lb/>

excellente. On tient que si on mect de la pouldre d'icelle sur<lb/>

un <tl>brasier</tl> en la chambre de quelques uns de <tmp>nuict</tmp>,
qu'ilz<lb/>

ne pourront se mouvoir ne parler ne donner empeschement<lb/>

aulx <pro>larrons</pro>.</ab>

</div>

<div>

<id>p013v_4</id>

<head><al>Serpens</al></head>

<ab>On dict que si on nomme en grec un <al>serpent</al> disant
<gk>ΟΦΗ<lb/>

ΟΦΗ</gk>, qu'il s'enfuyra. Comme si en grec on <del>nom</del> appelle
un<lb/>

<al>pourceau</al> <del>y</del> <gk>ïon</gk>, qu'il viendra.

</ab>

</div>

<div>

<id>p013v_5</id>

<head><tl>Chandelles</tl></head>

<ab>Jamays les <pro>chandeliers</pro> ne font bonne <tl>chandelle</tl>
lorsque<lb/>

le <env>vent d'<oc>haultan</oc></env> soufle pource qu'elle est
tousjours fondante,<lb/>

quelque bon <m>suif</m> qu'ilz y employent.

</ab>

</div>
</root>
