<root>
<page>043v</page>

<image>http://gallica.bnf.fr/ark:/12148/btv1b10500001g/f92.image</image>

<div>

<id>p043v_1</id>

<head><m>Vin diversifié et transmué</m></head>

<ab>Raclés du <m><pa>bresil</pa></m> bien menu, mectés le tremper une ou
deux<lb/>

<ms><tmp>heures</tmp></ms> dans <m>eau claire</m>, puys prenés ceste
<m>eau taincte</m> &amp;<lb/>

adjoustés y de l'<m>eau claire</m> &amp; vous ferés d<del>e</del>u
<m>vin</m> si clairet<lb/>

qu'il vous plaira. Estant à v<exp>ost</exp>re plaisir, mectés y une
<ms>goute</ms><lb/>

de <m>just de <pa>citron</pa> ou d’<pa>orange</pa></m>, &amp;
incontinent il viendra blanc.<lb/>

Il s'en peult boire sans danger.

</ab>

</div>

<div>

<id>p043v_2</id>

<head><m>Perles</m></head>

<ab>On dict que le <m>talc pulverisé</m> souflé dedans à la
<tl>lampe</tl><lb/>

les rend ainsy.

</ab>

</div>

<div>

<id>p043v_3</id>

<head><pro>Harquebusier</pro></head>

<ab>Pour tirer justement de ton harquebus, il fault que le bout<lb/>

de la culasse soict &amp; vienne justement sur le bort de la
lumiere,<lb/>

pource qu'en ceste sorte la <m>pouldre</m> sans soufler prend &amp; se
brusle<lb/>

tout à coup &amp; ha plus de force &amp; ne repousse poinct. Au
co<exp>n</exp>traire<lb/>

si la culasse est eschancrée, co<exp>mm</exp>e co<exp>mmun</exp>ement
elles font, la <m>pouldre</m> prend<lb/>

plustost en cet endroict, faict repousser &amp; soufle. Ce que
demo<exp>n</exp>stre<lb/>

bien une harquebus chambrée, qui repousse plus qu'une aultre.<lb/>

Et pource que le canon est plus gros à la culasse qu'à la gueule,<lb/>

les mires sont aussy inegales, car celle de la culasse est plus<lb/>

haulte que celle de la gueule. Et puys l'espesseur du canon emporte<lb/>

sur le calibre environ une <ms>ligne</ms> et la mire une aultre. Il
fauldroit<lb/>

doncq faire ou le canon tout d'une grosseur ou eslever le fust<lb/>

<del>sur</del> par le bout &amp; vers la gueule &amp; l'enfoncer &amp;
abaisser vers la<lb/>

culasse. Le poix de la <m>pouldre</m> doibt estre la tierce partie de
la<lb/>

basle.

</ab>

</div>

<div>

<id>p043v_4</id>

<head>Dragee d'harquebus</head>

<ab>Si tu veulx qu'elle aille ensemble, pose dessus une piece<lb/>

de <m>feultre</m> ou <m>cuir</m> ou <m>papier</m>, selon la
dista<exp>n</exp>ce, &amp; que l<del>e</del>a piece<lb/>

soict avecq un <tl>portepiece</tl> justem<exp>ent</exp> coupée
<del>a</del>selon le qualibre<lb/>

de l'harquebus.

</ab>

</div>
</root>
