<root>
<page>012v</page>

<image>http://gallica.bnf.fr/ark:/12148/btv1b10500001g/f30.image</image>

<div>

<id>p012v_1</id>

<head>Mouler le <m>stuc</m> promptem<exp>en</exp>t</head>

<ab>Broye &amp; pulverise subtilem<exp>ent</exp> de la <m>brique</m> ou
<m>bol<lb/>

<pl>armen</pl></m> ou <m>sanguine</m> &amp; l'incorpore avecq
<m>cire</m> fondue,<lb/>

&amp; ainsy fondu jecte co<exp>mm</exp>e des aultres sur une
<tl>medaille<lb/>

de relief</tl>, &amp; ainsy tu auras un cave où tu pourras<lb/>

gecter du <m>plastre</m>, <m>papier pilé</m> ou <m>terre
chimolée</m>.</ab>

<ab>

<margin>left-middle</margin>

La <m>brique</m> bien<lb/>

subtilem<exp>ent</exp> tamisée<lb/>

est meilleure car le<lb/>

<m>bol</m> est trop gras</ab>

</div>

<div>

<id>p012v_2</id>

<head>Nettoyer <m>perles</m> jaulnes</head>

<ab>Fais les doulcement bouillir dans la <tl>bouteure
d'<pro>orfevres</pro></tl><lb/>

puys, avecq du <m>tripoly</m> &amp; un lopin de <m>cuir</m>
saulpouldré<lb/>

du costé de la chair de la <m>pouldre dudict tripoly</m>, frotte<lb/>

&amp; polys la <m>perle</m>.</ab>

</div>

<div>

<id>p012v_3</id>

<head>Pour blanchir <m>enilanroc</m></head>

<ab>Aulcuns pensent que la crouste de couleur de <m>ceruse</m> qui<lb/>

est dessus soict naturelle, aultres disent que c'est un secret<lb/>

des <pro>anciens lapidaires</pro> qui s'est perdu, aultres disent que
c'est<lb/>

<m>esmail recuit</m>. Et par le moyen de ladicte crouste, plusieurs<lb/>

chifres, l<exp>ett</exp>res, cercles <del>st</del> &amp; aultres
bisarries se peuvent former.<lb/>

Quand au moyen, je l'ay practiqué ainsy. J'avoys une fois<lb/>

volonté de luy donner une couche d'<m>arsenic</m> broyé sur le
<tl><m>mabre</m></tl>.<lb/>

Touteffois, je l'experimentay sans iceluy, et mis la chose susdicte<lb/>

<m>enilanroc</m> dans une petite <tl>cassete de <m>fer</m></tl> au feu
de ma <tl>forge d'<pro>orfevre</pro></tl><lb/>

avecq trois ou quattre petits <m>charbons</m> à demy bruslés, et ne
souflay<lb/>

qu'avecq la <bp>bouche</bp>. Et touteffois la chose vint à <del>rougir
&amp;</del> prendre<lb/>

ignition &amp; se fit toute blanche, non seulem<exp>ent</exp> en la
superficie mays<lb/>

par dedans, &amp; lors je la laissay de soy mesmes refroidir
<env>pres<lb/>

du feu</env> car aultrem<exp>ent</exp>, l'exposant tout à coup à l'air
froict, elle se<lb/>

fust esclatée. Estant toute blanche, je la passay par ma <tl>roue<lb/>

<add>de <m>plomb</m></add></tl> <del>d’<m>estaing</m></del>, où je la
trouvay aussy dure qu'auparava<exp>n</exp>t, &amp;
descouvra<exp>n</exp>t<lb/>

un peu le blanc, je la trouvay de couleur de carnation candide.<lb/>

Enfin je la polis &amp; vis qu'elle prenoit fort beau poliment
&amp;<lb/>

se pouvoict paragonner à une fort belle <m>agathe</m> pour en
tailler<lb/>

quelque beau visaige &amp; le raporter sur <del>la</del> une table
d'une<lb/>

</ab>

<cont/>

</div>
</root>
