<root>
<page>073r</page>

<image>http://gallica.bnf.fr/ark:/12148/btv1b10500001g/f151.image</image>

<div>

<id>p073r_1</id>

<head>Pour faire <m>vernys pers</m></head>

<ab>Prenés du <m>pers de fleurs <add>de fleurée ou de
<pl>Flandres</pl></add></m> &amp; de la <m>chault vifve</m>, et mettés
de l’<m>eau</m><lb/>

dessus environ quatre <ms><bp>doigts</bp></ms>, et le laissés tremper
ung <ms><tmp>jour</tmp></ms>. Prenés<lb/>

de l’<m>eau</m> où lad<exp>icte</exp> <m>chault</m> a trempé, et mectés
v<exp>ost</exp>re <m>pers</m> avecq, et le<lb/>

poser s<corr>ur</corr> le <m>boys</m>.</ab>

</div>

<div>

<id>p073r_2</id>

<head>Pour couleur d’orange</head>

<ab>Prenés de l’<m>eau</m> où la <m>chault</m> aura trempé, et mectés du
<m>terroy<lb/>

merita</m> l’ung avecq l’au<exp>tr</exp>e, et puys poserés sur
v<exp>ost</exp>re <m>boys</m>.</ab>

</div>

<div>

<id>p073r_3</id>

<head>Pour desgresser <m>os</m> ou <m>corne</m></head>

<ab>Il les fault faire bouillir dans la <m>chault vive</m>, et qu’il y
ayt<lb/>

tousjours de l’<m>eau</m>, et prenés une <tl>casse</tl> bien necte. Et
quand ilz seront<lb/>

lavés, les ferés bouilhir dans de la <m>cendre de <pa>serment</pa></m>,
et les<lb/>

mectrés dedans un <tl>pot</tl> le plus chault q<exp>ue</exp> pourrés, et
mectrés dedans<lb/>

le <tl>pot de l’<m>eaue des <pro>orfevres</pro></m></tl> du <m>vert de
gris</m>, et laisser l’espace de<lb/>

quelque temps, et verrés une fort belle coulleur de verd.</ab>

</div>

<div>

<id>p073r_4</id>

<head>Pour faire <m>boys</m> gris</head>

<ab>Prenés de l’<m>alung</m> avecques de l’<m>eau de riviere</m>,
faictes bouilhir<lb/>

ensemble, puis prenés <m>eau de riviere</m> aveq du <m>son</m>, et
coulés le <m>son</m>,<lb/>

et le bouttés ensemble. Prenés <m>limailhe de fer</m> &amp; du
<m>souffre</m> &amp; du<lb/>

<m>verd de gris</m> et de la <add><m>moullée</m></add> <gap/>, et
faictes tout boulhir<lb/>

ensemble, et bouttés <m>boys d’<pa>erable</pa></m> q<exp>ui</exp> aura
trempé dedans l’<m>eaue<lb/>

d’alung</m> et l’<m>eaue despuis</m>, &amp; le mectrés bouillir
ensemble. <add>@Le tout se<lb/>

fera mieulx dedans ung
<m>gr<corr>o</corr>s</m><comment>c_073r_06</comment>
cruzé<comment>c_073r_07</comment></add>.</ab>

</div>

<div>

<id>p073r_5</id>

<head>Pour faire <m>bronze</m> à couleur d’or</head>

<ab>Prenés une <ms>once</ms> de <m>sel armoniac</m> et les broyés dans
ung<lb/>

<tl>mortier de <m>fer</m></tl>. Estant bien broyé, prenés une
<ms>once</ms> de <m>soufre</m> et le</ab>

<cont/>

</div>
</root>
