<root>
<page>053r</page>

<image>http://gallica.bnf.fr/ark:/12148/btv1b10500001g/f111.image</image>

<div>
<id>p053r_1</id>
<head><m>Soulder</m> un <tl>estoc</tl></head>

<ab>Il est bon que les joues de l'<tl>estoc</tl> soient haultes pour y
former une<lb/>
longue piece et que les joues joignent bien affin de serrer une
chose<lb/>

subtile. Pour <m>soulder</m> l'<tl>ancrou</tl>, aprés que tu as forgé la
<tl>vis</tl>, tu <del>feras</del><lb/>

forgeras une longue <m>liste de fer</m> <del>quar</del> de telle
grosseur qu'elle puisse entrer dans<lb/>

l'encochement de la <tl>vis</tl> estant rougie, &amp; luy <del>po</del>
feras plier tout aultour,<lb/>

la frapant du <tl>marteau</tl>. Y estant bien <del>jo</del> entourné, tu
<del>la</del> feras<lb/>

entrer la <tl>vis</tl> <del>o</del> sur laquelle <del>est</del> elle est
entournée.</ab>

</div>
<div>
<id>p053r_2</id>
<head><m>Cuivre</m></head>

<ab>Si au foeu &amp; à la fonte il touche le <m>fer</m>, ce <m>fer</m>
sera aprés<lb/>

si aigre qu'il ne se pourra forger.</ab>

</div>
<div>
<id>p053r_3</id>
<head>Gect de <m>plomb</m></head>

<ab>On le mesle selon aulcuns <ms>moictié</ms> d'<m>estain</m> &amp;
<ms>moictié</ms> <m>plomb</m>,<lb/>

et pour lesch<del><ill/></del><add>afer</add> on y mesle un peu de
<m>sublimé</m>. Il se gecte bien<lb/>

en petit dans l'<tl><m>os de <al>seiche</al></m></tl> pourveu qu'il
soict bon.</ab>

</div>
<div>
<id>p053r_4</id>
<head>Mouler de <m>papier</m></head>

<ab>Fais bouillir <add>sur <m>cendres</m> chauldes</add> du
<m>cotton</m> en <m>eau fort</m> meslée de <m>sel ammoniac</m><lb/>

co<exp>mm</exp>e <m>eau regale</m>, et le <m>cotton</m> viendra fort
subtil co<exp>mm</exp>e pouldre.<lb/>

Destrempe le aprés avecq <m>eau gommée</m> &amp; mouleras fort
delicat.</ab>

</div>
<div>
<id>p053r_5</id>
<head><pa>Amendiers</pa>, <pa>abricots</pa></head>

<ab>Ils viennent bien droicts si on les hante. Et touts arbres<lb/>

de noyau co<exp>mm</exp>e <pa>pavis</pa>, <pa>mericotons</pa>,
<pa>alberges</pa>, <del>vie</del> <pa>abricots</pa> &amp;<exp>c.</exp>
viennent<lb/>

mieulx hantés sur l'<pa>amendier</pa> en escusson.</ab>

</div>
<div>
<id>p053r_6</id>
<head>Gect de <m>plomb</m> et <m>cuivre</m></head>

<ab>Le <m>plomb</m> &amp; <m>estaim</m> vient bien en <m>croye
blanche</m>, mays tant<lb/>

plus elle est doulce elle est meilleure. Celle de
<pl>Champaigne</pl><lb/>

obtient le prix, qui se porte à <pl>Lyon</pl>. Les <m>os de
<al>cheval</al><lb/>

bruslés &amp; calcinés</m> moulent fort net.</ab>
<ab><margin>left-bottom</margin>

<render>wide</render>
Je croy que la<lb/>

<m>moele des cornes<lb/>

des <al>boeufs</al></m> ou<lb/>

<m><al>mouton</al></m>, c'est à dire l'<m>os spongieulx</m> de
dedans,<lb/>

moule fort net et est meilleure que l'<m>os</m>.</ab>

<ab><margin>right-bottom</margin>
Note que tout <m>metal aigre vient mieulx que le gras</m>. Aussy<lb/>

le <m>sable maigre le reçoit mieulx &amp; le suppe que le
dense</m>.</ab>
</div>
</root>
