<root>
<page>075r</page>

<image>http://gallica.bnf.fr/ark:/12148/btv1b10500001g/f155.item</image>

<div>

<id>p075r_1</id>

<head><m>Goume</m> rouge</head>

<ab>

Prenés <m>sire rouge</m>, du <m>vernilhon</m> &amp; ung petict de
<m>poix <del>resins</del> <add>resine</add></m>,<lb/>

comme dessus.</ab>

</div>

<div>

<id>p075r_2</id>

<head><m>Bronze</m> de <m>cuyvre</m></head>

<ab>

Prenés <corr><del>da</del></corr> de <m>verdet</m> &amp; de la <m>colle
claire</m>, &amp; le broyés ensemble.<lb/>

Puys faictes une couche sur v<exp>ost</exp>re <m>boys</m>, et prenés de
la <m>limaille<lb/>

d'espingle</m>, et le broyés sur ung <tl><m>marbre</m></tl> aveq de
l'<m>eau</m>, puys le<lb/>

verchés sur le <m>boys</m>, &amp; le polissés aveq du
<m>cuyvre</m>.</ab>

</div>

<div>

<id>p075r_3</id>

<head><m>Bronze</m> comme <m>estaing</m></head>

<ab>

Prenés de l'<m>estaing de glasse</m>, deux <ms>onces</ms> d'<m>argent
vif</m>, &amp;<lb/>

faictes fondre l'<m>estaing de glace</m> dedans ung <tl>pot</tl> neuf.
Et<lb/>

<corr><del>difiant</del></corr> <add>des lors</add> qu'il soit tout
fondu, mectés le <m>vi<del>t</del><add>f</add>
<del>aiant</del><add>argent</add></m> dedans, &amp;<lb/>

l'ostés du foeu, &amp; laissés secher lad<exp>icte</exp> <m>colle</m>.
Puys prenés ung<lb/>

morceau d'<m>estaing</m>, &amp; le brunisés sur ung
<tl><m>marbre</m></tl> aveq de l'<m>eaue<lb/>

claire</m>, et puys le couchés sur le <m>boys</m>, et le polissés aveq
ung<lb/>

morceau d'<m>estaing</m>.</ab>

</div>

<div>

<id>p075r_4</id>

<head>Pour faire <m>eaue fort</m></head>

<ab>

Prenés ung <ms>demy sestier</ms> de <m>vinaigre</m> avecq une
<ms>once</ms> de <m>verd<lb/>

de gris</m> &amp; une <ms>once</ms> de <m>copperouse</m> &amp; une
<ms>once</ms> de <m>solle</m>, puys les<lb/>

mectés ensemble dans une <tl>fiolle de <m>voyrre</m></tl>.</ab>

</div>

<div>

<id>p075r_5</id>

<head><m>Or moulu</m></head>

<ab>

Prenés <m>fin or</m> &amp; le mectés sur le <del>bu</del>
<tl><m>marbre</m></tl> bien nect, &amp; mectés<lb/>

de l'<m>eaue fort</m> &amp; commancés à broyer. Puys prenés du
<m>selpestre</m> &amp;<lb/>

du <m>sel armonial</m> et le mectés en une <tl>coquille</tl>
q<exp>ui</exp> soit grande &amp; lavée,<lb/>

comme assuré.</ab>

</div>
</root>
