<root>
<page>020v</page>

<image>http://gallica.bnf.fr/ark:/12148/btv1b10500001g/f46.image</image>

<div>

<id>p020v_1</id>

<head>Blanchir la <bp>face</bp></head>

<ab>Pille de la <m><pa>vesse</pa></m> en <m>eau de cisterne</m> &amp;
non aultre, &amp; de ceste<lb/>

<m>eau blanchie</m> lave. Cella est estimé fort singulier. Et croy<lb/>

qu’en fayre de l’<m>amydon</m> &amp; en user seroict encores mieulx.

</ab>

</div>

<div>

<id>p020v_2</id>

<head>Contre les ventosités, colique, &amp;c</head>

<ab>Le <m>suc exprimé ou l’eau <del><ill/></del> distilée de l’escorce
d’<pa>orenge</pa></m><lb/>

est excellent contre la colique venteuse. L’<m>escorce aussi<lb/>

confite</m> est excellente pour les vents de l’<bp>estomac</bp>. Et
pour<lb/>

en faire preuve, ayant versé du <m>vin escumant</m> dans un<lb/>

<tl><m>verre</m></tl>, exprime du <m>jus d’<pa>orange</pa></m> sur
l’<m>escume du vin</m>, qui<lb/>

ne provient que de vapeur &amp; vent, et tu verras qu’incontinent<lb/>

l’escume s’esperdra. Si tu exprimes aussi du <m>just</m> contre la<lb/>

<tl>chandelle</tl>, elle ardra dadvantaige.

</ab>

</div>

<div>

<id>p020v_3</id>

<head><pa>Eschervis</pa> racine</head>

<ab>Ils veulent estre plantés <env>en lieu fort humide où tel
qu’avecq<lb/>

<oc>puys rodier</oc> ou fontayne on le puysse souvent arroser</env>,
car<lb/>

par ce moyen ilz sont tendres. Aultrement, ils se faict au
deda<exp>n</exp>s<lb/>

un coeur dur qui luy oste toute sa bonté.

</ab>

</div>

<div>

<id>p020v_4</id>

<head>Contre brusleure</head>

<ab>Pile un <m><pa>oignon</pa></m> avecq du <m>verjus</m> &amp; le
laisse ainsy tremper<lb/>

puys l’aplique. Ou bien aplique sur la brusleure du
<m>savo<exp>n</exp><lb/>

noir</m>. Experimenté.

</ab>

</div>

<div>

<id>p020v_5</id>

<head>Commu<exp>n</exp> dire</head>

<ab>Clocher de <pl>Rhodés</pl>, <env>eglise</env> d’<pl>Alby</pl>,
cloches de <pl>Mende</pl>.<lb/>

Touteffoys on tient la c<corr>l</corr>oche de
<pl>Th<exp>ou</exp>l<exp>ous</exp>e</pl> appellée Cardaillac pour<lb/>

une des plus belles de <pl>France</pl>, d’aultant qu’il poise deuls
cens<lb/>

cinquante <ms>quintals</ms>.

</ab>

</div>

<div>

<id>p020v_6</id>

<head>Forme de regime</head>

<ab><tmp>Chasque matin</tmp>, prens deulx ou trois <m>oeufs</m> ponds
d’un ou<lb/>

deulx <tmp>jours</tmp>. Fais les chaufer <del>jusques</del> &amp; non
cuire. Prens les<lb/>

<m>moyeulx</m> bien saulpouldrés de <m>sucre</m>. Et aprés, bois un
<ms><bp>doigt</bp></ms><lb/>

de <m>vin</m>. Et oultre ce que cela est nourrissant, il faict bon
<bp>ventre</bp>.

</ab>

</div>
</root>
