<root>
<page>063r</page>

<image>http://gallica.bnf.fr/ark:/12148/btv1b10500001g/f131.image</image>

<div>

<id>p063r_1</id>

<head>Couleur d'<pa>amaranthe</pa></head>

<ab>Encores qu'on la die immortelle, si est ce que le <m>vin
blanc</m><lb/>

luy oste sa taincture &amp; s'en rend clairet, <del>sur</del> &amp;
aprés<lb/>

la <m>fleur seiche</m> se trouve blanche. Note qu'ainsy le <m>vin</m>,
&amp;<lb/>

je l'ay <del>p</del> esprouvé. L'<m>eau de vye</m> en faict
aultant.</ab>

</div>

<div>

<id>p063r_2</id>

<head>Desiccation d'<m>huile</m></head>

<ab>Si l'<m>huile</m> ne deseiche poinct, mects dedans du
<m>massicot</m><lb/>

&amp; <m>minium</m>. Il n'y a poinct meilleur <m>huile que de
<pa>noix</pa></m>, car il ne<lb/>

deseiche point trop tost ne trop tard.</ab>

</div>

<div>

<id>p063r_3</id>

<head>Gect</head>

<ab>Les <pl>Allemans</pl> usent du <m>plomb de <pl>Flandres</pl></m>,
pource qu'il est fort<lb/>

douls. Et pour mieulx gecter ilz prennent de la <m>mine de plomb</m>
&amp; le<lb/>

fondent, &amp; separent ce qui est fondu de la <m>crasse</m> &amp;
<m>mine</m>, &amp; le versent<lb/>

dans un <tl>vaisseau</tl> à part, puys <del>le fond</del> en font leur
gect. Car il<lb/>

ne fault pas que le <m>plomb</m> soict esté mis en oeuvre, ains
soict<lb/>

tout noeuf. Aulcuns gectent dans des <tl>formes de <m>fer</m> &amp; de
<m>cuivre</m></tl>.</ab>

<ab>

<margin>left-middle</margin>

ou du <m>plomb</m><lb/>

venant noeuf<lb/>

de la <env>mine</env>. Ilz<lb/>

le fondent<lb/>

deulx foys<lb/>

dans un <tl>creusol</tl>.<lb/>

Par la premiere<lb/>

il le purgent de<lb/>

la <m>crasse</m>. A la<lb/>

seconde ilz <del>en</del><lb/>

font gect.</ab>

</div>

<div>

<id>p063r_4</id>

<head>Umbres</head>

<ab>Les <pro>painctres</pro> <pl>allemans</pl> font leurs ombres des
carnations<lb/>

des hommes avecq du <m>geyct</m> broyé, du <m>scudegrun</m> &amp; de
l'<m>ocre</m>.</ab>

</div>

<div>

<id>p063r_5</id>

<head><m>Bistre</m></head>

<ab>Il ne s'employe qu'à <m>destrempe</m>, &amp; d'iceluy il se faict
couleur<lb/>

de <m>boys</m>.</ab>

</div>

<div>

<id>p063r_6</id>

<head><m>Verdegris</m> et aultre tres beau vert<lb/>

gay</head>

<ab>Il ne le fault pas broyer avecq l'<m>eau</m> seule, car cela le<lb/>

faict mourir. Aulcuns, pour le rendre beau à <m>destrempe</m>,<lb/>

le broyent avecq du <m>vinaigre</m>, mays cela le faict pallir<lb/>

&amp; venir blanchastre. Pour le rendre beau, broyes le avecq<lb/>

<m>urine</m> &amp; laisses seicher. Puys, quand vous vouldrés,
broyés<lb/>

le à <m>huile</m>. Et aprés que vous l'aurés recuilly avecq la
<tl>pallete</tl>,<lb/>

plustost qu'achever de nettoyer le <tl><m>mabre</m></tl>, broyés y
du<lb/>

<m>scudegrun</m>. Et vous aurés un trés beau vert.</ab>

</div>
</root>
