<root>
<page>052v</page>

<image>http://gallica.bnf.fr/ark:/12148/btv1b9059316c/f110.item</image>

<div>

<cont/>

<id>p052r_1</id>
<ab>Ou pour le plus seur, retire toy hors de là jusques à ce<lb/>

que le foeu soit amorty &amp; que tout soict refroidy, <del>Ap</del>
car<lb/>

<md>l'exhalation en seroit dangereuse</md>. Et pour ceste occasion,<lb/>

quand tu l'apastes avecq des <tl>pincettes</tl>, <del>b</del>lave toy la
<bp>bouche</bp><lb/>

de <m>bon vinaigre</m> &amp; prens quelque preservatif &amp; te bouche
bien.<lb/>

Estant mort, mects le dans un linge ou canevas de <m>soye</m> &amp;
le<lb/>

plye &amp; le pends <env>au planché, où l'air
<del><add>ou</add></del><comment>c_052v_03</comment> &amp; le soleil le
deseche</env>.<lb/>

Estant bien sec, pulverise le dans un <tl>mortier</tl>. Et garde
bien<lb/>

curieusem<exp>ent</exp> ceste pouldre, car un <ms>℥</ms> d'icelle gectée
sur iii <ms>lb</ms> de <m>♁<lb/>

fondu</m> le reduit en <m>☉ plus fin que l'aultre</m>. Mays il n'a
pas<lb/>

tant de poix. Il fault aussy pour cet œuvre choisir le<lb/>

<m>plus vieux ♁</m> que tu pourras, qui souvent aye esté fondu
&amp;<lb/>

subtillement battu en lamines ou aultres ouvrages, &amp; plustost<lb/>

le purifier, le fondant &amp; gectant dans <m>miel</m> &amp;
<m>vinaigre</m>.<lb/>

Le terme de l'oeuvre est de noeuf <tmp>moys</tmp> <tmp>despuys la
<pn>S<exp>ainc</exp>t Jehan</pn><lb/>

jusques au 25 d'apvril</tmp>.</ab>
</div>

<div>

<id>p052v_1</id>

<head><pa>Lin</pa></head>

<ab>Qui le veult avoyr beau &amp; <del>p</del> fort delié, il le fault
cueillir<lb/>

plustost que la <del>f<ill/>d</del> grene soict parfaictement meure. Car
si on attent<lb/>

que la grene soict parfaictem<exp>ent</exp> meure, le pied est si
deseché du soleil<lb/>

qu'il est brusc &amp; rompant. Il est vray qu'en ceste sorte la
graine<lb/>

se dechoit du tiers.</ab>
</div>

<div>

<id>p052v_2</id>

<head>Couleurs</head>

<ab>Si tu les veulx garder à <m>gomme</m> belles et qu'elles ne
perdent<lb/>

poinct de leur naïfve couleur, mects du <m>vin blanc</m> le plus
blanc<lb/>

&amp; cler que tu pourras dans une <tl>bouteille</tl> avecq un peu de
<m>gomme<lb/>

dragant</m>. Et ayant <tl>bouché</tl> la <tl>bouteille</tl>, brouille
&amp; debats cela bien<lb/>

fort ensemble &amp; laisse reposer jusques à ce que la <m>dragant</m>
soit<lb/>

dissoubte. Mects y aussy un peu de <m>sel blanc</m> menu pour
esclarcir<lb/>

le tout. Aulcuns meslent de l'<m>eau claire</m> avecq le <m>vin
blanc</m>, et<lb/>

avecq ceste composition ilz destrempent les couleurs sans broyer.
Et<lb/>

elles se monstrent fort belles en œuvre d'<pro>enlumineure</pro>.</ab>
</div>
</root>
