<root>
<page>041r</page>

<image>http://gallica.bnf.fr/ark:/12148/btv1b10500001g/f87.image</image>

<div>

<id>p041r_1</id>

<head><m>Terre de gect pour les <pro>fondeurs</pro></m></head>

<ab>Elle se rend grace estant battue et meslée aussy de <m>fient<lb/>

de <al>cheval</al></m>. La <m>terre des <pro>potiers</pro></m> seroict
trop grasse et<lb/>

se fendroict &amp; ne tiendroit pas au foeu, mays il la fault<lb/>

mesler de la <ms>moictié</ms> de sable, et de la <ms>quarte</ms> ou
<ms>cinquiesme</ms> de <m>fiens<lb/>

<add>de <al>cheval</al></add></m>.<lb/>

Et la laisser seicher, puys la mectre en pouldre, puys la<lb/>

<tl>tamiser</tl> pour la rendre subtile &amp; purgée du gravier qui<lb/>

empescheroit de gecter nect. Le <m>fiens</m> rend la <m>terre</m> plus
amiable<lb/>

&amp; plus traictable, mays il fault qu'il soict bien nect de
<m>pailles</m> &amp;<lb/>

aultres choses. Et quand la <m>terre</m> est grasse bien fort, il luy
fault<lb/>

donner plus de sable &amp; plus de <m>fiens</m>. Mays il se trouve des
<m>terres<lb/>

grasses</m> meslées d'elles mesmes de sable. Si elles ne le sont, fais
le par<lb/>

artifice. Il fault tousjours recuire les <m>terres</m> plustost que
jecter.

</ab>

</div>

<div>

<id>p041r_02</id>

<head><pa>Lis de jardin</pa></head>

<ab>Si on le romp à sa premiere gecte &amp; il ne reboutte &amp;
florist<lb/>

que l'<ms><tmp>an suivant</tmp></ms>, &amp; croy que les <pa>herbes
bulbeuses</pa> font ainsy.</ab>

</div>

<div>

<id>p041r_03</id>

<head>Sable</head>

<ab>Le sable doibt estre <del>jecté</del> pour gecter choisi, non pas si
aride<lb/>

qu'il n'aye poinct de prise, ne trop gras aussy. Et combien qu'il<lb/>

s'en trouve de <env><m>naturel</m></env>, touteffois ce n'est pas
partout. Et si<lb/>

tu es en lieu qu'il ne s'en trouve poinct, tu le peulx composer.
Mays<lb/>

non pas avecq <m>terre grasse</m>, car le sable n'en veult
aulcunem<exp>ent</exp>, car<lb/>

elle faict soufler bien fort. Mays tu luy peulx donner liaison<lb/>

avecq de la <m>brique fort broyée</m> sur le <tl><m>mable</m></tl> ou
<m>plastre</m> ou <m>albastre<lb/>

calciné</m> ou chose semblable ou <m>moelle de corne de <al>boeuf</al>
bruslée</m><lb/>

ou <m>aspalte bruslé</m> parmy. Si tu le broyes bien
subtillem<exp>ent</exp> sur<lb/>

le <tl><m>porphire</m></tl>, il <del>s</del> adquiert prinse &amp; puys
tu le peulx brusler<lb/>

avecq <m>aspalte</m> ou le mesler d'une <ms>quarte partye</ms> de
<m>tripoly</m>. Garde<lb/>

qu'il ne tumbe de <m>pain</m> dans ton sable, car cela faict fort<lb/>

soufler.</ab>

<ab>

<margin>left-middle</margin>

Essaye de mesler<lb/>

du <m>noir à noircy</m>.</ab></div>

<div>

<id>p041r_04</id>

<head><al>Canards</al></head>

<ab>Les domestiques petits ne croissent d'un <ms><tmp>moys</tmp></ms>
aprés qu'ilz sont<lb/>

esclos, ains demeurent en cest estat. Mays aprés ilz croissent
bientost,<lb/>

mesmem<exp>ent</exp> s'ilz vont dans l'eau. On les nourrist avecq du
<m>grain de <pa>mil</pa><lb/>

bouilly</m> leur esmiant parmy du <m>pain</m> et y espandant des
<m><pa>laictues</pa><lb/>

fort hachées</m>.</ab>

</div>
</root>
