<root>
<page>002r</page>

<image>http://gallica.bnf.fr/ark:/12148/btv1b10500001g/f9.image</image>

<div>

<id>p002r_1</id>

<head>Livres à recouvrer</head>

<ab>Les chroniques de Sigebert.<lb/>

Ruffinus.<lb/>

Irenius in Exegesi.<lb/>

Paule Emile.<lb/>

Paule Jove.<lb/>

Polydorus.<lb/>

Bergomensis.<lb/>

Philippes de Commines.</ab>

</div>

<figure>------------------------</figure>

<div>

<id>p002r_2</id>

<head>Contre douleurs</head>

<ab><m>Huile de tourmentine</m>, <m>huile de Jacob</m> et <m>sel tiré de
la cendre<lb/>

de <pa>choux</pa></m>.</ab>

</div>
</root>
