<root>
<page>074v</page>

<image>http://gallica.bnf.fr/ark:/12148/btv1b10500001g/f154.image</image>

<div>

<cont/>

<id>p074r_3</id>

<ab>foeu jusques à ce q<exp>u’i</exp>l soit assés cuyt. Et la coullés
par dedans<lb/>

une <tl><m>toille</m> q<exp>ui</exp> soit assés serrée</tl>. Et quand
vous l’aurés coullé,<lb/>

laissés la refroidir ung petict. Et si vous voiés q<exp>u’i</exp>l
soit<lb/>

trop espaix q<exp>ue</exp> vous ne le puissiés couler, vous mectrés
ung<lb/>

petict dud<exp>ict</exp> <m>huille</m> &amp; le ferés meilheur.</ab>

</div>

<div>

<id>p074v_1</id>

<head>Pour faire <m>vernys rouge</m></head>

<ab>Prenés de <m>vermilhon</m> et le faictes tremper avecq de
l’<m>eaue<lb/>

de gaulme bien clair</m>, ainsin q<exp>ue</exp> l’au<exp>ltr</exp>e,
e<corr><del>s</del></corr>t faicte<corr><add>s</add></corr> deux ou<lb/>

trois assictes comme dess<exp>us</exp>.</ab>

</div>

<div>

<id>p074v_2</id>

<head>Pour faire <m>vernys jaulne</m></head>

<ab>Prenés de la <m>gaulme arrabic</m> &amp; la faictes
<del>tr</del>destremper aveq<lb/>

de l’<m>eaue</m>, puys prenés du <m>saffran bien baptu</m>, &amp;
destrempé<lb/>

lad<exp>icte</exp> <m>gaulme</m>, et la faictes bien claire, puys
faictes v<exp>ost</exp>re assicte<lb/>

sur ce q<exp>ue</exp> vous vouldrés vernir, &amp; la laissés secher,
&amp; quand<lb/>

il sera sec, donnés une au<exp>ltr</exp>e assicte du mesme, &amp; la
laissés<lb/>

seicher comme devant tant q<exp>u’i</exp>l sera assés sec. Puys
prenés<lb/>

du <m>verny</m> de l’<pro>apoticquaire</pro>. Concassé par cou assés
loing l’ung<lb/>

de l’au<exp>ltr</exp>e. Puys lavés v<exp>ost</exp>re <bp>main</bp> bien
necte, &amp; de la <tl><bp>paulme</bp></tl><lb/>

d’icell<exp>e</exp> estendés v<exp>ost</exp>re <m>verny</m>.

</ab>

</div>

<div>

<id>p074v_3</id>

<head>Recepte pour <m>gaulme</m> blanche</head>

<ab>Prenés <m>sire blanche</m> &amp; de la <m>seruze</m> &amp; ung
petict de <m>poix<lb/>

fine</m> tres bien pillée ensemble, &amp; la mectés dedans ung
petict<lb/>

<tl>pot</tl> neuf &amp; la faictes fondre. Et quand elle sera fondue,
vous<lb/>

ferés une <tl>palette de <m>boys</m></tl>, <del>de</del>
<add>&amp;</add> brunisés ce q<exp>ue</exp> vouldrés.</ab>

</div>

<div>

<id>p074v_4</id>

<head><m>Goume</m> verte</head>

<ab>Prenés de la <m>cire verte</m> aveq du <m>vert de gris</m> ung
petict, et le<lb/>

faictes fondre comme dess<exp>us</exp>.

</ab>

</div>
</root>
