<root>
<page>071r</page>

<image>http://gallica.bnf.fr/ark:/12148/btv1b10500001g/f147.image</image>

<div>

<id>p071r_1</id>

<head><m>Ambre</m></head>

<ab>Il se ramollist co<exp>mm</exp>e <m>paste</m> estant bouilly en
<m>cire</m> fondue,<lb/>

et prend couleur bouilly avecq <del>ceru</del> <m>graise de jeune
<al>chevreau</al></m>,<lb/>

car celle du <al>bouc</al> le feroit rompre, principallem<exp>ent</exp>
s'il est glacé.</ab>

</div>

<div>

<id>p071r_2</id>

<head><m>Bois madre</m></head>

<ab>L'<m><pa>orme</pa></m>, en sa racine noueuse, a de belles madreures
diversifiées de<lb/>

gris et de noir, et la <m>racine d'<pa>herable</pa></m>, mays il fault
bien choisir<lb/>

le fil du <m>bois</m>. On donne à l'<m><pa>herable</pa></m> certaine
couleur jaulne, puys<lb/>

on le vernist.</ab>

</div>

<div>

<id>p071r_3</id>

<head><m>Vin</m> bruslé et sucré</head>

<ab>Les <pl>Anglois</pl>, se sentant morfondus, font brusler du
<m>vin</m> en ceste<lb/>

sorte. Il le font chaufer dans un <del>grand</del> <tl>pot
d'<m>estain</m></tl> jusques<lb/>

à ce qu'il bouille, et comme il leve un bouillon, ilz <del>le tirent
du</del> l'allument<lb/>

avecq du <tl><m>papier enflammé</m></tl> <ms>pour sçavoir s'il est assés
chault</ms>.<lb/>

Aprés, pour l'enflammer du tout, ils le versent d'un
<tl>vaisseau</tl><lb/>

dans un aultre co<exp>mm</exp>e qui vouldroit battre de l'<m>eau
panée</m>. Et co<exp>mm</exp>e<lb/>

ilz font cela, quelque aultre avecq un <tl><m>papier enflammé</m></tl>
allume<lb/>

ce qui tumbe d'un <tl>vaisseau</tl> à aultre, de sorte que tu
dirois<lb/>

que tu verses du foeu. Co<exp>mm</exp>e le <m>vin</m> est assés bruslé,
fais le encores<lb/>

un peu chaufer y adjoustant quelques <m>cloux de <pa>girofle</pa></m>
&amp; <ms>suffisa<exp>n</exp>te<lb/>

quantité</ms> de <m>sucre</m>. Et <del>boi</del> en boivent le plus
chault qu'ilz peuvent<lb/>

pour se gaigner un morfondiment.</ab>

<ab>

<margin>left-middle</margin>

Les vulgaires<lb/>

<pl>anglois</pl> mectent<lb/>

du <m>sucre</m> dans le<lb/>

<m>vin</m> pour se<lb/>

representer le<lb/>

<m>vin douls nouveau</m>,<lb/>

qu'ilz ne peuvent<lb/>

avoyr pource que<lb/>

par le <tmp>long traict<lb/>

de la mer</tmp> le <m>vin</m><lb/>

a perdu sa<lb/>

doulceur et est<lb/>

clarifié plustost<lb/>

qu'il ne soit en<lb/>

leur pays.</ab>

</div>

<div>

<id>p071r_4</id>

<head><al>Chevaulx</al> las</head>

<ab>Pour fortifier un <al>cheval</al> harassé, il luy font boire du
<m>vin</m><lb/>

susdict par une <tl>corne</tl>, et il se trouve disposé pour faire
encore<lb/>

plus grande courvée.</ab>

</div>

<div>

<id>p071r_5</id>

<head><m>Eau de vye</m></head>

<ab>Les <pl>Irois</pl> ne boivent gueres de <m>vin</m> pource qu'ilz le
convertissent<lb/>

en <m>eau de vye</m>, de laquelle ilz usent presque aussy
familiairem<exp>ent</exp> que nous<lb/>

usons du <m>vin</m>.</ab>

</div>
</root>
