<root>
<page>009v</page>

<image>http://gallica.bnf.fr/ark:/12148/btv1b10500001g/f24.image</image>

<div>

<id>p009v_1</id>

<head><pro>Painctre</pro></head>

<ab>Ils font parfondre l'<m>orpiment</m> dans une <tl>bouteille de
<m>verre</m></tl><lb/>

sur les cendres bien chauldes, mays il seroict bien plus propre<lb/>

de sublimer l'<m>orpiment</m> dans un <tl>mattelas</tl> à long col
co<exp>mm</exp>e pour<lb/>

faire des <m>grenats</m>. L'<m>orpiment</m> ainsy se rougist comme
<m>esmail<lb/>

rouge</m>, &amp; le fault broyer premierem<exp>ent</exp> à destrempe à
cause qu'esta<exp>n</exp>t<lb/>

parfondu il est fort brusc &amp; difficille à broyer. Aprés on<lb/>

le peult, esta<exp>n</exp>t sec, <del>br</del> delayer à <m>huile</m>
&amp; il fera un jaulne<lb/>

couvert &amp; hault en couleur. Or pour garder l'<m>orpiment</m> de<lb/>

mourir avecq les aultres couleurs &amp; le rendre compatible<lb/>

avecq icelles &amp; le faire seicher promptem<exp>ent</exp>, c'est un
secret<lb/>

tenu fort rare de calciner du <m>sel commun</m> &amp; le broyer<lb/>

parmy. Le <m>vert de terre</m> ne s'employe poinct à <m>huile</m>.</ab>

</div>

@

<div>

<id>p009v_2</id>

<head><pro>Marchant</pro></head>

<ab>Le raiglement que les <pro>marchans</pro> ont accoustumé<lb/>

tenir en leurs livres, sçavoir le livre brouillart,<lb/>

livre de vantes et le livre maige aultrement<lb/>

appellé le livre de raisons.</ab>

</div>

<div>

<id>p009v_3</id>

<head>Brouillart</head>

<ab>Et premierement <pn>François du Cros</pn> doibt du <tmp>iie de<lb/>

septembre 1581</tmp>, po<exp>ur</exp> i <ms>cane</ms> <m>toille
babtiste</m> à 8 <ms><cn>livres</cn><lb/>

canne</ms>, je dis <figure>--</figure> 8 <ms><cn><corr>lb</corr>
t.</cn></ms></ab>

<ab>

<margin>left-middle</margin>

<oc>Mudat</oc> au livre<lb/>

de vantes à c.<lb/>

25.</ab>

<ab><pn>François du Cros</pn> doibt du
<tmp>11<superscript>e</superscript> de septembre 1581</tmp>, pour<lb/>

1 <ms>canne</ms> <m>toille babtiste</m> à 8 <ms><cn>livres</cn>
canne</ms>, ainsy que appert<lb/>

au brouillart à c. 25.</ab>

<ab>

<margin>left-middle</margin>

<oc>Mudat</oc> au livre<lb/>

de raisons à c.<lb/>

55.</ab>

<ab><pn>François du Cros</pn> doibt du
<tmp>11<superscript>e</superscript> de septembre 1581</tmp>, pour<lb/>

marchandise que luy mesmes a prise, expeciffiée par le<lb/>

menu au livre de vantes, n° 7 à c. 55, la somme de 8
<ms><cn>livres</cn></ms>,<lb/>

de laquelle led<exp>ict</exp> <pn>du Cros</pn> en a faict cedulle ledict
<tmp>jour</tmp>, à<lb/>

payer à la <tmp>feste de la <pn>S<exp>ainc</exp>t André</pn></tmp>
prochainne, par ce dis <figure>--</figure> 8 <ms><cn>lb
t.</cn></ms></ab>

</div>
</root>
