<root>
<page>036r</page>

<image>http://gallica.bnf.fr/ark:/12148/btv1b10500001g/f77.image</image>

<div>

<cont/>

<id>p035v_2</id>

<ab>

qui ne se voye poinct, &amp; jecteras tout subtillem<exp>ent</exp> par
gentilesse<lb/>

dans le <tl>sac</tl> ou <tl>gibbessiere</tl>.</ab>

</div>

<div>

<id>p036r_1</id>

<head>Pour fayre transmuer une <tl>boule</tl><lb/>

en un <tl>dé à couldre</tl>, subtil</head>

<figure>

<id>fig_p036r_1</id>

<margin>left-middle</margin>

<link>https://drive.google.com/open?id=0B9-oNrvWdlO5UmZaWjV2VE82QjQ</link>

<caption>de <m>cuir</m></caption>

</figure>

<ab>Fais un <tl>petit estuy de <m>cuyr simple co<exp>mm</exp>e de
<al>vache</al> ou marroquin</m></tl><lb/>

assés espois, <ms>hault de trois <bp>doits</bp></ms>, cousu comme le
doigt d’un gand<lb/>

&amp; <ms>de telle largeur que deulx pointes de <bp>doigt</bp></ms> y
puyssent entrer<lb/>

&amp; qui au bout, qui est un peu fronssé, a un trou rond <ms>de la
largeur<lb/>

d’un double <cn>liard</cn></ms>. Ayes <del>un</del> deulx <tl>boules de
<m><pa>buys</pa></m></tl> semblables, &amp;<lb/>

que l’une soict creuse &amp; ouverte d’un trou rond
seulem<corr><exp>ent</exp></corr> par un costé<lb/>

de sorte que le <tl>dé à couldre</tl> y puysse entrer. Doncq, quand<lb/>

tu vouldras jouer, tu mectras ton <tl>estuy de <m>cuir</m></tl> sur la
<tl>table</tl><lb/>

avecq la <tl>pillotte</tl> qui n’est poinct creuse. Passe le
<tl>baston</tl> par dedans<lb/>

l’<tl>estuy de <m>cuir</m></tl> pour monstrer qu’il n’y a rien, monstre
aussy la <tl>pelotte</tl><lb/>

ronde, et tiens celle qui est creuse &amp; qui ha dedans soy le <tl>dé
à<lb/>

couldre</tl> entre le <tl><bp>petit doit</bp></tl> &amp;
l’<tl><bp>annulaire</bp></tl>, et ce de la <tl><bp>main
droite</bp></tl><lb/>

de laquelle tu tiens le <tl>baston</tl>. Aprés tu prens ton <tl>estuy
de<lb/>

<m>cuir</m></tl> &amp; le pose sur la <tl>pelotte</tl> creuse qui est
entre les <bp>doits</bp>, &amp;<lb/>

faisant semblant d’y mettre de la <m>pouldre d’<la>oribus</la></m>
dessus, tu<lb/>

remects le <tl>moule de <m>cuir</m></tl> qui contient la
<tl>pelotte</tl> du <tl>dé</tl> sur la<lb/>

<tl>table</tl>, puys tu prens la <tl>pelotte</tl> ronde &amp; massive
demeurée<lb/>

sur la <tl>table</tl>, et luy commandes de entrer par dessoubs la<lb/>

<tl>table</tl> dans l’<tl>estuy de <m>cuir</m></tl>. Puys levant le
<m>cuir</m>, elle semble<lb/>

estre celle mesme, combien que ce soit la creuse. Puys tu la<lb/>

recouvres &amp; luy commandes qu’elle se fasse invisible. Et lors<lb/>

levant l’<tl>estuy</tl> en pressant, tu enleveras quand &amp; quand la
<tl>boule</tl>;<lb/>

&amp; <del>l</del> la remectant avecq l’<tl>estuy</tl> à part <del>&amp;
a <ill/></del>, il se trouvera<lb/>

en sa place un <tl>dé</tl> pour les dames à qui le cul faict mal,<lb/>

c’est à dire le cul de l’esguille.</ab>

</div>
</root>
