<root>
<page>046v</page>

<image>http://gallica.bnf.fr/ark:/12148/btv1b10500001g/f98.image</image>

<div>

<id>p046v_1</id>

<head><pro>Escrivain</pro>, <m>huile de soufre</m></head>

<ab>

Si l’<pro>escrivain</pro> veult promptement netoyer sa <tl>plume</tl> de
l’espesseur<lb/>

de l’<m>ancre</m> qui s’i est deseché, il ne la fault que tremper<lb/>

dans l’<m>huile de soufre</m>. Et incontinent elle sera blanche<lb/>

&amp; nette. <rub>Urb.</rub></ab>

</div>

<div>

<id>p046v_2</id>

<head><pro>Cordonnier</pro></head>

<ab>

S’il veult faire quelque ouvraige tané sur des souliers de<lb/>

<m>cuir noir</m>, il peult tramper en <m>huile de soufre</m> une
<tl>plume à<lb/>

escripre</tl> et d’icelle paindre sur souliers, bottines &amp; colets
ce<lb/>

qu’il vouldra. Et il aura une couleur rousse qui ne s’effacera<lb/>

pour aulcune labeure. <rub>Urb.</rub></ab>

</div>

<div>

<id>p046v_3</id>

<head>Effacer l<exp>ett</exp>re</head>

<ab>

Trempe une <tl>plume à escripre</tl> dans <m>huile de soufre recent<lb/>

&amp; bon</m>, &amp; resuicts ainsy avecq la <tl>plume</tl> trempée
toutes les l<exp>ettr</exp>es,<lb/>

&amp; elles s’effaceront sur <m>parchemin</m>. <rub>Urb.</rub></ab>

</div>

<div>

<id>p046v_4</id>

<head>Escripre sans <m>ancre</m></head>

<ab>

Escripts avecq <m>huile de soufre</m> &amp; chaufe, &amp; la
l<exp>ett</exp>re<lb/>

deviendra noire comme ceste cy. <rub>Urb.</rub></ab>

<figure>

<id>fig_p046v_1</id>

<margin>right-middle</margin>

<!-- we think this mark may be made by the oil of sulfur described in
p046v_4, as it bleeds through to the other side of the folio. Or is this
related to a compass mark? See also p046r_1.png-->

<link>https://drive.google.com/file/d/1denrfxQE_oWyKP04zuMTk0s2P7WG4TeK/view?usp=sharing</link>

</figure>

</div>

<div>

<id>p046v_5</id>

<head>Faire l<exp>ett</exp>re à jour sur <m>papier</m><lb/>

et aultre ouvrage </head>

<ab>

Si tu escripts <del>d</del> ou trasse quelque chose sur le
<m>papier</m><lb/>

&amp; le chaufes bien tost, &amp; incontinent il deviendra noir,<lb/>

puys frottant avecq une <tl>esponge</tl> la l<exp>ett</exp>re se
trouvera<lb/>

couppée pource qu’elle sera bruslée. <rub>Urb.</rub> Ou bien
resuicts<lb/>

la l<exp>ett</exp>re avecq une <tl>plume</tl> <del>de</del>
essuicte.</ab>

</div>

<div>

<id>p046v_6</id>

<head>Faire brusler les bottes à quelqu’u<exp>n</exp></head>

<ab>

Frottes de l’<m>huile <sup>de soufre</sup></m> susdict, &amp;
co<exp>mm</exp>e il se chaufera elle<lb/>

se brusleront sans flamme. <rub>Urb.</rub>

</ab>

</div>

<div>

<id>p046v_7</id>

<head>Sur <m>pierre</m>, l<exp>ett</exp>re noire</head>

<ab>

Le mesme <m>huile <sup>de soufre</sup></m> sur des l<exp>ett</exp>res
gravées en <m>pierre</m> &amp; chaufé<lb/>

vient noir &amp; penetre.</ab>

</div>
</root>
