<root>
<page>043r</page>

<image>http://gallica.bnf.fr/ark:/12148/btv1b10500001g/f91.image</image>

<div>
<id>p043r_1</id>
<head><pa>Mericotons</pa> et <pa>pavis</pa></head>

<ab>Il les fault enter <del>en</del> aulx <tmp>advents de Noël</tmp>
pourveu qu'il<lb/>

ne gele pas trop.</ab>

</div>

<div>
<id>p043r_2</id>
<head>Bronzure blanche sur <m>plastre</m></head>

<ab>Il fault donner quattre couches de <m>colle</m> à destrempe des<lb/>

<pro>painctres</pro> sur le portraict de <m>plastre</m>, laissant
tousjours<lb/>

seicher chasque couche. Aprés, avecq de la <m>mine
d'<pl>Angleterre</pl></m><lb/>

broyée sur le mabre ou <m>plomb bruslé</m>, broye <del>av</del> &amp;
destrempe<lb/>

avecq un peu de <m>gomme</m> ou de <del>go</del> <m>colle</m>
<del>&amp;</del>, couche legerement. Estant<lb/>

sec, frotte legerem<exp>ent</exp> avecq un peu de <m>cotton</m> et le
portraict de <m>plastre</m><lb/>

semblera estre de <m>plomb</m>. Aultres broyent du <m>minium</m> avecq
de<lb/>

l'<m>argent vif</m>.</ab>

</div>

<div>
<id>p043r_3</id>
<head><m>Purpurine</m></head>

<ab><it>R<exp>ecipe</exp> <m>stagno</m> dolce, <ms>meza onça</ms>, farlo
fondere in un <tl>cochiaro</tl>.<lb/>

Depoi fonduto, gectarly dentro una <ms>℥</ms> de <m>☿</m>, mesedar
insieme.<lb/>

Essendo freddo, macinar supra il <m>porfidio</m>. Dapoi piglia<lb/>

una <ms>℥</ms> de <m>sal armoniaco</m>, una <ms>℥</ms> de <m>solfo</m>
del più giallo<lb/>

que se possa troval, macinar tutti duoi. Et poi mesedar<lb/>

molto bene tutti gli matteriali sopradetti. Dapoi metter tutto<lb/>

insieme dentro un <del>a pignatta</del> <tl>sublimatorio di
<m>vetro</m></tl>, tenerlo<lb/>

sopra picciol fuoco una <ms><tmp>hora</tmp></ms> &amp; una
<ms><tmp>hora</tmp></ms> un poco piu forte<lb/>

&amp; una <ms><tmp>hora</tmp></ms> bonissimo fuoco, et sarà fatto.
Dapoi, per<lb/>

adoper<exp>ar</exp>la, datte il <m>negro di resina</m> con <m>colla</m>
di <pro>pintori</pro> da<lb/>

pintar <del>&amp;</del> per doi o tre volte, fin a tanto che sia ben
negro.<lb/>

Dapoi datte un poco di <m>vernice</m>. Essendo secco, datte a secco
con<lb/>

<tl><bp>ditto</bp></tl> la <m>purpurina</m> dove vorrette. Tanto più ne
darette, sarà<lb/>

piu bello. Dapoi, si volete, datte <m>vernice</m> sopra</it>.</ab>

</div>

<div>
<id>p043r_4</id>
<head>Bronzure blanche</head>

<ab>Donne noir à <m>colle</m>, co<exp>mm</exp>e est dict, sur la
medaille, puys <m>vernis</m>.<lb/>

Estant sec, racle de la <m>mine d'<pl>Angleterre</pl></m> dessus avecq
un<lb/>

<tl>pinceau</tl> ou avecq le <bp>doigt</bp>. Ladicte <m>mine</m> raclée
embellit<lb/>

les medailles de <m>plomb</m>.</ab>

</div>
</root>
