<root>
<page>042v</page>

<image>http://gallica.bnf.fr/ark:/12148/btv1b10500001g/f90.image</image>

<div>
<id>p042v_1</id>
<head>Poncis pour esgratigner sur le<lb/>

<m>satin</m></head>

<ab>Aprés que tu as poncé avecq de la <m>farine</m> ou <m>croye
broyée</m>,<lb/>

affin que les poincts du poncis ne s'effacent, suys la trace<lb/>

avecq de la <m>glaire</m> battue avecq du <m>laict</m> ou <m>escorce de
<pa>figuier</pa></m>,<lb/>

ce qui la fera incontinent esclarcir co<exp>mm</exp>e <m>eau</m>, &amp;
sans faire<lb/>

corps elle gardera la trace, que resuivras &amp; esgratigneras<lb/>

avecq <del>d</del> un <tl>lopin de <m>verre</m></tl> ou
<tl>trancheplume</tl>.</ab>

</div>
<div>
<id>p042v_2</id>
<head>Toile pour paindre à <m>huile</m><lb/>

sans se rompre</head>

<ab>Affin que ton pourtraict à <m>huile</m> ne se rompe &amp; gaste
poinct<lb/>

en le pliant, fais ta couche avecq <m>miel</m> <del>huile</del>, un peu
d'<m>huile</m><lb/>

&amp; <m>eau</m> <add>&amp;</add> <m>farine</m>.</ab>

</div>

<div>
<id>p042v_3</id>
<head>Paindre à <m>huile</m> sur <m>taffetas</m> <del>qui</del></head>

<ab>Affin que l'<m>huile</m> ne coure poinct, fais ta couche
premiere<lb/>

avecq <m>miel</m>, <m>eau d'alum</m> &amp; <m>eau d'amydon</m>.</ab>

</div>

<div>
<id>p042v_4</id>
<head><m>Sable de gect</m></head>

<ab>Le principal est de le bien broyer sur le <tl><m>mabre</m></tl>
&amp; qu'il soit<lb/>

impalpable, &amp; meslé un peu d'<m>albastre calciné</m>.</ab>

</div>

<div>
<id>p042v_5</id>
<head>Pour pourfiler un portraict</head>

<ab>Suis les traicts avecq de la <m>laque</m> broyée avecq<lb/>

<m>huile d’<pa>olif</pa></m>, qui ne sechera poinct.</ab>

</div>

<div>
<id>p042v_6</id>
<head><m>Vernis blanc</m> sur le <m>plastre</m></head>

<ab>Donne deulx ou trois <ms><bp>mains</bp></ms> de <m>colle bien
blanche</m> pour<lb/>

paindre. Aprés vernis de <m>vernis de <m>sandarache</m>, <m>huile<lb/>

d’<pa>aspic</pa></m> et un peu de <m>mastic</m></m>. Et le mectre
<tmp>au soir</tmp> dedans<lb/>

un <tl>vaisseau</tl> tout ensemble bien pilé, sans foeu, qui le<lb/>

feroit venir jaulne. Puys avecq un <tl>pinceau</tl>, il est sec<lb/>

incontinent. Coule l'<m>huile</m> qui aura pris la
substa<exp>n</exp>ce.</ab>

</div>
</root>
