<root>
<page>005r</page>

<image>http://gallica.bnf.fr/ark:/12148/btv1b10500001g/f15.image</image>

<div>

<cont/>

<id>p004v_3</id>

<ab>ou <m><pa>linge</pa></m> &amp; le laisser ainsy xx4
<ms><tmp>heures</tmp></ms>, &amp; il sera gravé.<lb/>

Mays si tu voulois promptement graver, vernisses tout
v<exp>ost</exp>re<lb/>

besoigne &amp; la faictes bouillir dans ladicte liqueur, &amp; elle<lb/>

gravera promptement.</ab>

</div>

<div>
<id>p005r_1</id>
<head>Mirouers d’<m>acier</m></head>

<ab>

<figure>+</figure> Ils s’appellent d’<m>acier</m> pource que
communem<exp>ent</exp> le temps passé<lb/>

on les faisoict d’<m>acier</m> poly avecq <m>potée d’esmery</m>. Mays
plus<lb/>

facilement il s’en faict de diverses sortes avecq le <m>cuivre<lb/>

franc</m>, qui est <m>rosette</m>, &amp; l’<m>estain</m>, pource qu’il
se gecte en <tl>moule</tl><lb/>

&amp; se faict rond, cave, convexe &amp; comme on veult pour
representer<lb/>

diverses formes.</ab>

<ab>Prens doncq <ms>moictié</ms> <m>cuivre de rosette</m> &amp;
<ms>moictié</ms> <m>estain doux</m>,<lb/>

c’est à dire fin, qui n’a poinct encores servi. Et les mects dans<lb/>

un <tl>creuseau</tl>, &amp; premiere<exp>ment</exp> fais bien fondre le
<m>cuivre</m>. Et<lb/>

estant bien fondu, mects l’<m>estain</m> dedans et mesle ensemble.<lb/>

Puys gecte dans le <tl>moule, de <m>pierre blanche</m> poinct
oeilletee</tl>,<lb/>

&amp; oints le <tl>moule</tl> d’<m>huile</m>, &amp; qu’il soict
mediocrement chault.<lb/>

Puys ayant <tl>moulé</tl> ton mirouer, tu le pourras polir en ceste<lb/>

sorte.</ab>

<ab>Enchassés en un dans du <m>plastre</m> affin qu’il tienne
ferme,<lb/>

&amp; puys mectés l’aultre par dessus avecq du <m>sable menu</m> <lb/>

entre deulx, &amp; frottés l’ung contre l’aultre, soict cave ou
plat,<lb/>

&amp; ainsi tu en poliras deux ensemble. Et si tu les veulx<lb/>

polir des deulx costés, il ne les fault que rechanger, sçavoir<lb/>

mectre celuy qui polissoict dans le <m>plastre</m> &amp; de celuy<lb/>

qui estoict dans le <m>plastre</m> en polir. Aprés les avoir<lb/>

polis avecq l’<tl><m>arene</m></tl>, tu les pourras adoulcir avecq le
<tl><m>tripoli<lb/>

de <pl>Venise</pl></m></tl>, qui ne soict poinct sablonneux, &amp; aprés
avecq de<lb/>

la <tl><m>potee</m></tl>. Tu polis d’<tl><m>arene</m></tl> avecq de
l’<m>eau</m>, mays le<lb/>

polissement de <tl><m>tripoli</m></tl> &amp; <tl><m>potee</m></tl> se
faict à sec. Estant poly, tu le peulx enchasser.</ab>

</div>

<div>
<id>p005r_2</id>
<head>Mirouers concave</head>

<ab>Le mirouer concave composé de la forme susdicte rend une<lb/>

infinité de gentilesses qui sembleroient magie. Si quelqu’un<lb/>

se veult voir derriere, il fault mectre le <tl>mirouer concave</tl><lb/>

à terre sur son pied, &amp; qu’il soict en panchant, aprés
<sn>regarde<add>r</add></sn><lb/>

d’un <ms>pas</ms>. Mays si tu <sn>regardes</sn> de pres, il te
represente à l’endroit,<lb/>

mays le <bp>visaige</bp> fort grand &amp; le <bp>poil de la barbe</bp>
gros comme</ab>

<cont/>

</div>
</root>
