<root>
<page>030r</page>

<image>http://gallica.bnf.fr/ark:/12148/btv1b10500001g/f65.image</image>

<div>
<id>p030r_1</id>
<head><m>Plomb</m></head>

<ab>Le meilleur, plus gras &amp; plus douls s'aporte
d'<pl>Allemaigne</pl>,<lb/>

qui n'est pas en saulmon mays en lattes de la longueur<lb/>

du <ms><bp>bras</bp></ms> ou environ &amp; de largeur de trois
<ms><bp>doigts</bp></ms>. Il s'en porte<lb/>

à <pl>Lyon</pl>, et de cestuy cy on faict à <pl>Noremberg</pl> la
foeille<lb/>

des petits mirouers.</ab>

</div>

<div>
<id>p030r_2</id>
<head><pro>Pintier</pro></head>

<ab>Ils font leurs <tl>moules</tl> aussy de <m>metal</m>, qui sont de
plus grand<lb/>

durée &amp; moulent plus net que le <m>grais</m>, pource que la
vaisselle<lb/>

y vient sans baves &amp; bien unye. Mays c'est pour les
<pro>riches</pro>,<lb/>

car un <tl>moule</tl> coste quinze ou seize <cn>frans</cn>. On en
faict<lb/>

principallem<exp>ent</exp> de <m>metal</m> pour bassins &amp; esguieres
&amp; salieres<lb/>

&amp; semblabes choses qui sont figurées.</ab>

<ab>Pour les pintes, les <tl>moules</tl> se font de <m>terre ardille
blanche</m><lb/>

meslée de <m>fiente de <al>cheval</al></m> &amp; <m>bourre</m> &amp;
fort battue pource que,<lb/>

les pintes estant à demy rond enfoncées, elles ne se pourroient<lb/>

pas bien despouiller dans le <tl>moule de <m>grais</m></tl>
co<exp>mm</exp>e dans la <m>terre</m>,<lb/>

qui est doulce. On faict bien le noyau du <tl>moule</tl> desdictes<lb/>

pinctes de <m>grais</m>.</ab>

<ab>Aulx <tl>moules de <m>metal</m></tl>, on faict des souspirails et on
gecte<lb/>

à un coup, qui est cause qu'au milieu du plat il ne se faict<lb/>

poinct une ligne noire enfumée, qui vient de la vapeur<lb/>

&amp; fumée du <m>metal</m> qui se gecte, qui est cause qu'en cet
endroict<lb/>

l'ouvraige est grumeleux &amp; bien souvent percé. Toutesfois<lb/>

ilz le reparent par la <m>souldure</m> <del>du n</del>, co<exp>mm</exp>e
dict est. Ceste<lb/>

fumée se faict sur le milieu au droit du gect &amp; aulx <tl>moules<lb/>

de <m>grais</m></tl></ab>

<ab>La vaisselle se peult marteler <del>mar</del> pour estre plus<lb/>

vendable. Mays elle n'en dure pas tant.</ab>

<ab>Aulx branches de leur <tl>roue de <m>fer</m></tl>, ilz ont des
coches selon la<lb/>

grandeur des plats &amp; des assiettes. Et quand ilz veulent
apliquer</ab>

<cont/>

</div>
</root>
