<root>
<page>002v</page>

<image>http://gallica.bnf.fr/ark:/12148/btv1b10500001g/f10.image</image>

<div>

<id>p002v_1</id>

<it/><ab>Practica, cioè nova inventione<lb/>di contegiare, stampata in
<pl>Brescia</pl><lb/>

per Vincenzo Sabio.</ab>

</div>

<div>

<id>p002v_2</id>

<head><add><m>Esmeraldes<lb/>de <pl>Brissac</pl></m></add></head>

<ab>J’ai prins <m>miniu<exp>m</exp></m> 26 <ms><figure>℥</figure></ms>,
<m><exp>christ</exp>al</m>, <add><ill/> et broié sur le
<tl><m>marbre</m></tl></add> 12 <ms><figure>℥</figure></ms>,
<m>v<exp>er</exp>det</m> 3 <ms><figure>|ʒ|</figure></ms>.
Incorporé<add>s</add> le tout ensemble,<lb/>

mis dans un <tl><exp>crois</exp>et couvert d’un a<exp>ultr</exp>e bien
<m>luté</m> qui ai<add>t</add> un trou dans<lb/></tl>

<tl>le hault</tl>. Fuzion 7 <ms><tmp>heures</tmp></ms> sans soufler. La
mace a esté d’un beau<lb/>

v<exp>er</exp>t.</ab>

<ab>J’ai prins <m>miniu<exp>m</exp></m> 12 <ms><figure>℥</figure></ms>,
<m><exp>christ</exp>al</m> 6 <ms><figure>℥</figure></ms>,
<m>v<exp>er</exp>det</m> 2 <ms>grains</ms>. Fuzion doulce<lb/>

vi <ms><tmp>heures</tmp></ms>, recuicte 24 <ms><tmp>heures</tmp></ms>.
La mace a esté de v<exp>er</exp>t, jaulne<lb/>

&amp; rouge.</ab>

</div>

<div>

<id>p002v_3</id>

<head><m>Safir</m></head>

<ab><m>Caillous</m> ou <m><exp>christ</exp>al</m> 8
<ms><figure>℥</figure></ms>, <m>miniu<exp>m</exp></m> 16
<ms><figure>℥</figure></ms>, <m>sel de <pro>febvre</pro></m> 4
<ms><figure>℥</figure></ms>,<lb/>

<unc><m>coryal</m></unc> extincellent 4 <ms>grains</ms>. Fuzion
<unc>6</unc> <ms><tmp>heures</tmp></ms>.</ab>

</div>
</root>
