<root>
<page>001v</page>

<image>http://gallica.bnf.fr/ark:/12148/btv1b10500001g/f8.image</image>

<div>

<id>p001v_1</id>

<head>Pour lascher le <bp>ventre</bp></head>

<ab>Les <m><pa>pruneaux</pa> de <pl>S<exp>ainc</exp>t Antonin</pl></m>
&amp;, si tu veulx, parmy tu pourras<lb/>

mectre des <m>foeilles de <pa>mauves</pa> &amp; de <pa>viole</pa></m>, y
adjoustant du <m>sucre</m><lb/>

&amp;, si on veult, un peu de <m><pa>canelle</pa></m> pour
l’<bp>estomac</bp>.</ab>

<ab>Ou bien, dans un <m>bouillon de <al>poulet</al></m>, de la <m>racine
de <pa>guimave</pa></m>.<lb/>

La fresche est plus remollitive.</ab>

<ab>Battre du <m>cirop de <pa>guindoles</pa> doulces</m> avecq de
l’<m>eau</m>, &amp;<lb/>

en prendre <tmp>au matin</tmp> lasche le <bp>ventre</bp>.</ab>

</div>
</root>
