<root>
<page>019v</page>

<image>http://gallica.bnf.fr/ark:/12148/btv1b10500001g/f44.image</image>

<div>

<id>p019v_1</id>

<head>Figures de mathematique sans<lb/>

<tl>regle</tl> et <tl>compas</tl></head>

<ab>

Tu sçais faire le rond justement avecq la <tl>plume</tl> &amp;
aultrement<lb/>

avecq l’<tl><bp>ongle du poulce droict</bp></tl> &amp; le <tl><bp>grand
doigt</bp></tl> replyé. Si tu<lb/>

n’as poinct de <tl>reigle</tl>, replye du <m>papier</m> en cinq ou six
doubles pour<lb/>

t’en servir. Et si tu veulx faire une colonne, arcade, ovale,<lb/>

escuson justem<corr><exp>ent</exp></corr> sans <tl>compas</tl>, replye
ton <m>papier</m> de sorte que le<lb/>

reply<del>e</del> te fasse une ligne droicte, à <ms>distance
necessaire</ms> de laquelle<lb/>

trasse un poinct <del>&amp; une</del> ou une ligne &amp; la charge bien
d’<m>ancre</m>, puys<lb/>

replye le <m>papier</m> &amp; le frotte sur le dos, &amp; il imprimera
aultant<lb/>

que tu auras faict. En ceste sorte, <del>la l</del> A est la ligne
sans<lb/>

<m>ancre</m> que te faict le reply du <m>papier</m>, B est la ligne que
tu as<lb/>

trassée, C est celle qui s’imprime.

<figure>

<id>fig_p019v_1</id>

<link>https://drive.google.com/open?id=0B9-oNrvWdlO5SUUzLXQ4UVlGR1U</link>

<!--Philip Cherian: Figure under text of block, placed after En ceste
sorte-->

</figure>

<figure>

<id>fig_p019v_2</id>

<link>https://drive.google.com/open?id=0B9-oNrvWdlO5cy0tdXF5MGJTLU0</link>

</figure>

<figure>

<id>fig_p019v_3</id>

<link>https://drive.google.com/open?id=0B9-oNrvWdlO5R0VMdFQ3VC1lQmM</link>

</figure>

<figure>

<id>fig_p019v_4</id>

<link>https://drive.google.com/open?id=0B9-oNrvWdlO5TGJOZGVvTmV1LW8</link>

</figure>

</ab>

</div>

<div>

<id>p019v_2</id>

<head><corr><del>P</del></corr>Pour escripre à gaulche aussi<lb/>

bien qu’à la droicte</head>

<ab>

Escripts le mieulx que tu pourras avecq <m>ancre bien gommée</m><lb/>

sur aultant de petits <m>cartels</m> que tu vouldras <del>in</del>
escripre de<lb/>

mots. &amp; estant chasque le<exp>tt</exp>re bien chargée
d’<m>ancre</m>, pose sur ton<lb/>

<m>papier</m> &amp; frotte avecq une <tl>dent</tl> le dos du
<m>cartel</m>.</ab>

</div>

<div>

<id>p019v_3</id>

<head>Clisteres</head>

<ab>

On les souloict donner avecq <tl>manches ou poches de <m>cuir</m></tl>,
qui<lb/>

pour le mieulx <del>est</del> doibt estre de <m>peau de
<al>chat</al></m>, qui est plus<lb/>

moufle que nulle aultre. Et lors on commançoit à replier la<lb/>

<tl>manche</tl> par un bout &amp; on continuoit de la replier &amp;
entortiller<lb/>

en soy mesme, &amp; en ceste sorte le clistere couloit
doulcem<exp>ent</exp>. Mays<lb/>

ceste facon est plus longue &amp; moings commode que la
<tl>syringue</tl>,<lb/>

qui despuys a esté trouvée, avecq laquelle un homme seul donne<lb/>

aysem<corr><exp>ent</exp></corr> le clistere. Il est vray qu’elle faict
tousjours du vent<lb/>

à la fin.</ab>

</div>
</root>
