<root>
<page>015v</page>

<image>http://gallica.bnf.fr/ark:/12148/btv1b10500001g/f36.item</image>

<div>

<id>p015v_1</id>

<head>Tablettes</head>

<ab>Il s'en faict de <m>buys</m> marquetées d'<m>ebene</m>,
<m>sandal</m>, <m>yvoire</m> ou d'<m>or</m><lb/>

et d'<m>argent</m> comme <m>damasquine</m>. Puys on y escript avecq une
<tl>poincte<lb/>

d'argent</tl>, et aprés on l'efface avecq de l'<tl><m>os de
<al>seiche</al></m></tl>, les en frottant.</ab>

</div>

<div>

<id>p015v_2</id>

<head>L<exp>ett</exp>re, plus lisable</head>

<ab>On taille les plus grandes pieces de <m>beril</m> ou <m>cristal</m>
en rond<lb/>

d'un costé &amp; de plat par l'aultre, puys on l'enchasse avecq un<lb/>

<tl>petit manche</tl> et on assoict le costé plat sur la
l<exp>ett</exp>re.</ab>

</div>

<div>

<id>p015v_3</id>

<head>Stamper</head>

<ab>Si tu as quelque medaille de <m>bronze</m> &amp; que tu la
veuilles<lb/>

fayre fort legere, fais en un cave de <m>plomb</m>, puys estands<lb/>

sur iceluy du <m>clinquant</m> ou des <m>lames de plomb ou d'argent<lb/>

<del>recuit</del> recuit</m> &amp; pose ta medaille de <m>bronze</m>
dessus &amp; frappe avecq<lb/>

un <tl>mail de <m>bois</m></tl>.</ab>

</div>

<div>

<id>p015v_4</id>

<head>Ramolir la <m>corne</m></head>

<ab>Ceulx qui <del>acou</del> mectent en œuvre les agnus dei &amp; font
des cercles<lb/>

de <m>corne</m> pour certaines petites boictes ramolissent
<del>ladicte</del> lesdicts<lb/>

cercles les mectant seulem<exp>ent</exp> tremper dans l'<m>eau
chaulde</m> &amp; les façonnent aprés<lb/>

sur un <tl>triboulet en rond ou faict en ovale</tl>.</ab>

</div>

<div>

<id>p015v_5</id>

<head><bp>Oreilles</bp></head>

<ab>Quand quelque defluxion y vient, il se fault bien garder d'y
rien<lb/>

mectre dedans, et selon le proverbe à l'<bp>oeil</bp> &amp; à
l'<bp>oreille</bp> il n'y fault<lb/>

toucher que du <bp>coulde</bp>. Touteffois, à l'<bp>oreille</bp>
affectée est bon de mectre<lb/>

du <m>cothon musqué</m>, c'est à dire tenu parmy du <m>musc</m>, car il
conforte<lb/>

bien fort.</ab>

</div>

<div>

<id>p015v_6</id>

<head>Mal des <bp>dents</bp></head>

<ab>Aulcuns mectent une <m>gousse d'<pa>ail</pa></m> dans
l'<bp>oreille</bp> qui est<lb/>

du costé que la <bp>dent</bp> faict mal, &amp; en deux ou trois
<ms><tmp>heures</tmp></ms><lb/>

il<corr>z</corr> s'en trouvent bien. Aultres mectent dans la
<bp>narine</bp><lb/>

qui est du costé de la <bp>dent</bp> qui deult de la peau verte<lb/>

raclee d<del>e</del>u serment de <df><pa>visaube</pa></df>, sçavoir
celle qui est soubs<lb/>

la grise qui semble sarment.</ab>

</div>
</root>
