<root>
<page>011v</page>

<image>http://gallica.bnf.fr/ark:/12148/btv1b10500001g/f28.image</image>

<div>

<id>p011v_1</id>

<head>Couleur d<m>acier de damas</m> sur <tl>costeaulx</tl></head>

<ab>Frotte d'<m>eau fort commune</m> l'<m>acier</m>, meslant avecq
ladicte <m>eau</m> de<lb/>

la <m>terre</m>, <gap/> &amp; aprés frotte le tout avecq de la
<tl><m>cendre</m></tl><lb/>

ou <tl><m>sable</m></tl>, &amp; l'<m>or</m> touchera &amp;
l'<m>argent</m> co<exp>mm</exp>e sur une <tl>pierre de
touche</tl>.</ab></div>

<div>

<id>p011v_2</id>

<head>Pour oster la rougeur des <bp>yeulx</bp> ou la
meurtrisseure</head>

<ab>Fays deulx petites leches deliées de <m>cher de <al>mouton</al>
cru</m>, &amp;<lb/>

avecq un <tl>bandeau</tl> aplique la <tmp>nuict</tmp> sur les
<bp>yeulx</bp>.</ab></div>

<div>

<id>p011v_3</id>

<head>Pour coucher d'<m>or mat</m></head>

<ab>Il n'y a rien mieulx que le vernis noir des <pro>espasiers</pro>
pour en<lb/>

faire assiete, car il est bien tost sec &amp; faict monstrer l'<m>or</m>
fort<lb/>

beau.</ab>

</div>

<div>

<id>p011v_4</id>

<head> Pour <tl>poinctes de <m>diamants</m></tl> à graver</head>

<ab>Elles sont pour trasser ce que tu veulx desseigner sur les<lb/>

<m>pierres</m> &amp; graver, &amp; quand ces <tl>poinctes</tl> sont
grasses &amp; ne<lb/>

peuvent mordre, il les fault frotter <m>diama<exp>n</exp>t</m> contre
<m>diama<exp>n</exp>t</m>.<lb/>

On les frotte avecq <del>diamant</del> <tl><m>pouldre de pierre
ponce</m></tl>. Il fault<lb/>

aussi despolir sur la <tl>roue de <m>plomb</m></tl>, ou la <m>pierre</m>
ou le <m>verre</m><lb/>

sur quoy tu veulx graver, car le poliment, qui est comme <m>vernis</m>
au<lb/>

<m>verre</m>, empesche le <m>diamant</m> ou <m>saphir</m> de bien
mordre. <del>Mays</del> C’est<lb/>

pourquoy il ne mord pas facillem<exp>ent</exp> sur l'<m>ongle</m>, qui
est polie &amp;<lb/>

grasse. Mays quand le poliment est une fois osté, il mord<lb/>

aysement.</ab></div>

<div>

<id>p011v_5</id>

<head><tl>Roue de <m>cuivre</m> à polir</tl></head>

<ab>Il fault, plustost qu’i polir ta <m>pierre</m>, la <del>ter</del>
desgraisser bien,<lb/>

la frottant d'un <tl>lopin de <m>cuir</m></tl> <del>en tour</del> du
costé de la chair<lb/>

en tourna<exp>n</exp>t ta <tl>roue</tl>, s'il y a long temps que tu n'y
as<lb/>

travaillé.</ab></div>
</root>
