<root>
<page>073v</page>

<image>http://gallica.bnf.fr/ark:/12148/btv1b10500001g/f152.image</image>

<div>

<cont/>

<id>p073r_5</id>

<ab>broyés à part. Quand il sera bien broyé, prenés le <m>sel
armoniac</m> &amp;<lb/>

le broyés encores ensemble. Puys prenés une <ms>once</ms> d’<m>estaing
doulz</m> &amp;<lb/>

une <ms>once</ms> d’<m>argent vif</m>, puis faictes fondre
v<exp>ost</exp>re <m>estaing</m> &amp; mectés<lb/>

v<exp>ost</exp>re <m>argent vif</m> goutte à goutte dans
v<exp>ost</exp>re <m>estaing</m> en fondant, &amp; le<lb/>

remués fort jusques à ce q<exp>u’i</exp>l soit en pouldre.</ab>

</div>

<div>

<id>p073v_1</id>

<head>Pour le coucher</head>

<ab>Prenés de la <m>colle de <pl>Partenay</pl> <add>ou
parchemin</add></m>, et l’apliqués avecq le <m>blanc<lb/>

d’ung oeuf</m>, puys prenés ung peu de <m>saffran</m> et du
<m>vinaigre</m><lb/>

et du <m>laict de <pa>figuier</pa></m>, et faictes encores une couche.
Puys<lb/>

prenés la <m>bronze</m> et l’aplicqués dessus.</ab>

</div>

<div>

<id>p073v_2</id>

<head><m>Verny</m></head>

<ab>Prenés deux <ms>onces</ms> d’<m>uille d’<pa>aspic</pa></m> &amp; une
<ms>once</ms> de <m>sandrax</m>. Prenés<lb/>

ung <tl>pot</tl> net, &amp; le faictes chauffer, &amp; puis le tirés
hors du<lb/>

feu, et apprés mectés les <m>drogues</m> dedans, et apprés mectés
les<lb/>

dedans une <tl>fiole</tl>, &amp; le coucher sur le <m>boys</m>.</ab>

</div>

<div>

<id>p073v_3</id>

<head>Aultre recepte pour faire <m>verny</m></head>

<ab>Prenés une <ms>once</ms> de <m>tormentine de <del>verinse</del>
<add>@<pl>Venise</pl></add></m> &amp; ung <ms>quart de<lb/></ms>

<ms>once</ms> d’<m>huille de <del>perolle</del> <add>petrolle</add></m>
&amp; une <ms>once</ms> de <m>sandrax</m> &amp; une d’<m>huille<lb/>

d’<pa>aspic</pa></m>.</ab>

</div>

<div>

<id>p073v_4</id>

<head>Couleur de cuyvre bruny</head>

<ab>Prenés une <ms>once</ms> de <m>sel armoniac</m> avecq une
<ms>once</ms> de<lb/>

<m>broullaminy</m> et demye de <m>limailhe de cuyvre</m>, aveq une
<ms>once</ms> de<lb/>

<m>souffre</m> &amp; <ms>demy sestier</ms> de <m>vinaigre</m>. Bouttés
tout dedans ung<lb/>

<tl>petict fourneau de carreaulx</tl>, et faictes ung petict foeu
de<lb/>

<m>charbon</m> autour, et mectés v<exp>ost</exp>re <tl>pot</tl> dedans
led<exp>ict</exp> <tl>fourneau</tl><lb/>

toute la <ms><tmp>journée</tmp></ms>.</ab>

</div>
</root>
