<root>
<page>076r</page>

<image>http://gallica.bnf.fr/ark:/12148/btv1b10500001g/f157.item</image>

<div>

<cont/>

<id>p075v_4</id>

<ab>s'y n'en trouves, et en couvrir d'icell<exp>e</exp> pouldre
led<exp>ict</exp> <m>boys</m>,<lb/>

jusques à ce qu'il soit froid, &amp; le ferés rebouillir, &amp; en
boulhant<lb/>

on verra s'il sera assés noir ou non. Et s'il n'est assés, vous<lb/>

prandrés de lad<exp>icte</exp> pouldre &amp; en mect<corr>r</corr>és sur
led<exp>ict</exp> <m>boys</m> en boulhant.</ab>

</div>

<div>

<id>p076r_1</id>

<head>Pour faire <m>boys</m> verd</head>

<ab>

Fault prandre une <ms>carte</ms> de <m>vinaigre blanc</m> &amp; une
<ms>once</ms><lb/>

de verd &amp; une <ms>once</ms> d'<m>alun de glace</m>, tout meslé
ensemble, et<lb/>

mecterés vos matieres en ung <tl>pot <m>plombé</m></tl> dessus le foeu
sans<lb/>

prandre air, &amp; puys mectre le <tl>pot</tl> en ung
<tl><m>fumier</m></tl> l'espace de<lb/>

quinze <ms><tmp>jours</tmp></ms>, et quand il sera hors, vous ferés
bouillir vos<lb/>

matieres l'espace de trois <ms><tmp>heures</tmp></ms>.</ab>

</div>

<div>

<id>p076r_2</id>

<head>Pour faire <m>boys</m> rouge</head>

<ab>

Prenés une <ms>carte</ms> d'<m>urine vieilhe</m> et trois <ms>onces</ms>
de <m>garan<corr>c</corr>e</m><lb/>

&amp; une <ms>once</ms> d'<m>alung de glace</m>, et mectrés le tout dans
v<exp>ost</exp>re <tl>pot</tl>,<lb/>

&amp; faictes comme du verd.</ab>

</div>

<div>

<id>p076r_3</id>

<head>Pour le faire bleu</head>

<ab>

Prenés une <ms>carte</ms> d'<m>urine</m> comme dessus et une
<ms>once</ms> d'<m>alung</m><lb/>

&amp; deux <ms>dragmes</ms> de <m>sel armoniac</m> &amp; <ms>demye
once</ms> de <m>fleurs de<lb/>

<pa>pastel</pa></m>, le tout mis en pouldre, et en f<exp>air</exp>e
comme du verd.</ab>

</div>

<div>

<id>p076r_4</id>

<head>Pour le faire violet</head>

<ab>

Prenés une <ms>carte</ms> d'<m>hurine</m> &amp; une <ms>once</ms>
d'<m>alung</m> &amp; deux <ms>dragmes</ms><lb/>

de <m>sel armoniac</m> &amp; une de <m>lacque</m>, &amp; faire comme
dess<exp>us</exp>.</ab>

</div>

<div>

<id>p076r_5</id>

<head>Pour le faire jaulne</head>

<ab>

Prenés <m>hurinne</m> comme dessus et <m><pa>guesdre</pa></m> deux
<ms>onces</ms> &amp; une<lb/>

<ms>once</ms> de <m><pa>fust<corr>e</corr>t</pa></m> et deux
<del><ms>onces</ms></del> <ms>dragmes</ms> de <m>sel armoniac</m>, &amp;
f<exp>air</exp>e<lb/>

comme dessus.</ab>

</div>
</root>
