<root>
<page>030v</page>

<image>http://gallica.bnf.fr/ark:/12148/btv1b10500001g/f66.image</image>

<div>

<cont/>

<id>p030r_2</id>

<ab>quelque escuelle ou assiette, ilz eslargissent &amp; deffont<lb/>

avecq un coup de <tl>marteau</tl> les coings de <m>fer</m> qui
jouent<lb/>

aulx branches de la <tl>roue</tl>. Et co<exp>mm</exp>e ilz sont à la
coche et<lb/>

poincts qu’il leur fault, il serrent lesdicts coings, les<lb/>

coignant avecq le <tl>marteau</tl>.</ab>

<ab>Quand leurs plats ou escuelles sont esté gectés, resouldés<lb/>

si besoing est, &amp; repurgés des baves d’alentour avecq le<lb/>

<tl>souldouer</tl> chault, &amp; puys avecq une grosse <tl>raspe</tl>,
ils<lb/>

l’adaptent sur la <tl>roue</tl>; &amp; premierem<exp>ent</exp> ilz
entournent leur <del><tl>desgrusoue</tl></del><lb/>

<tl>desgrusouer</tl> d’une <tl>corde</tl> grosse
<corr><del>corde</del></corr> co<exp>mm</exp>e le <ms><bp>petit
doigt</bp></ms>, &amp;<lb/>

l’apuyent ferme sur la <tl>barre</tl> traversante pour le bien
asseurer.<lb/>

Et pendant qu’un aultre tourne la <tl>roue</tl> promptem<exp>ent</exp>,
ilz<lb/>

conduisent le trenchant de l’<tl>esgrusouer</tl> avecq la <bp>main</bp>
<del>s</del> au<lb/>

bord du rond cave, &amp; doulcem<exp>ent</exp> le conduisent jusques au
centre<lb/>

du rond. Et ce <tl>desgrusouer</tl> est pour oster les premieres<lb/>

peaulx rudes &amp; grumeleuses de l’ouvrage. Et aprés ilz
l’unissent<lb/>

avecq un<corr><del>e</del></corr> <tl><m>fer</m> coupa<exp>n</exp>t</tl>
apellé la <tl>plane</tl>, le tranchant duquel<lb/>

ilz frottent avecq un peu de <m>potée</m>, sur du <m>cuir</m>
<tl>cloué</tl> sur<lb/>

un lopin de <m>bois</m><del>ayant</del>, et ce en telle sorte que la
chair<lb/>

ou fleur soict par dehors, car si le tranchant de ceste<lb/>

<tl>plane</tl> n’estoict ainsy frotté &amp; bruny, il ne poliroit
<del>pas</del> &amp;<lb/>

bruniroit pas l’<m>estain</m> <del>au</del> qui demeurroit blanc &amp;
non pas<lb/>

noir &amp; bruny co<exp>mm</exp>e un mirouer. Au surplus, ilz reparent
avecq<lb/>

ceste <tl>plane</tl> pour la seconde fois l’ouvrage co<exp>mm</exp>e ilz
ont<lb/>

faict avecq l’<tl>esgrusouer</tl>. Puys avecq un <tl>costeau</tl>
ou<lb/>

aultre <tl><m>fer</m> tranchant</tl>, ilz raclent les bords des
plats<lb/>

ou assiettes pour les adoulcir affin qu’ilz ne se trouvent<lb/>

trenchants en les maniant.</ab>

<cont/>

</div>
</root>
