<root>
<page>050r</page>

<image>http://gallica.bnf.fr/ark:/12148/btv1b10500001g/f105.image</image>

<div>

<id>p050r_1</id>

<head>Garder fruict <tmp>tout l’an</tmp></head>

<ab>R<exp>ecipe</exp> une <tl>ampoule de <m>verre</m></tl> capable à
l'ouverture de recepvoir<lb/>

des <pa>cerises</pa> et <pa>prunes</pa> ou selon le fruit que vous
voulés.<lb/>

Mectés dedans de l'<m>eau chaulde</m> l'<ms><tmp>espace de deux
heures</tmp></ms>.<lb/>

Et quand l'<m>eau</m> sera refroidie, jectés la &amp; la tournés<lb/>

la gueule en bas sur une <tl>table <del>&amp;</del> bien unie</tl>,
&amp; <env>dans une<lb/>

chambre où il n'y aye aulcune goutte d'air &amp; de vent</env>.
Puys<lb/>

<del>en</del> praeparés un tapon de <m>cire noeufve</m> entourné de
<m>toile<lb/>

encirée</m>, et l'adjoustés à l'<tl>ampoulle</tl> bien
justem<exp>ent</exp> affin qu'il<lb/>

soict tout prest à boucher quand vous y aurés mis le <m>fruit</m>.<lb/>

Et quand vous aurés cueilly delicatem<exp>ent</exp> avecq la
<bp>main</bp> le<lb/>

fruict sans qu'il soit corrompu &amp; <tmp>en jour chault &amp;
sec</tmp>, retirés<lb/>

vous dans la <env>chambre bien close, où il n'y entre point de vent<lb/>

ne d'air</env>, &amp; le mectés doulcem<exp>ent</exp> &amp; avecq
dexterité dans la<lb/>

<tl>bouteille</tl>. Puys tapés bien la <tl>bouteille</tl> avecq le
<tl>tapon</tl><lb/>

&amp; lutés, &amp; faictes lut s'il vous semble de <m>chaulx vive</m>
&amp;<lb/>

<m>huile</m>, &amp; en sorte que l'<m>eau</m> n'y entre point. Puys
mectés<lb/>

vos <tl>bouteilles</tl> dans une <tl>pone pleine d'<m>eau</m></tl>
<tmp>l'esté</tmp>, <del>Et l’hiver<lb/>

pource que la cave s</del> <env>dans une cave</env>, et
<tmp>l'hiver</tmp> mectés vos<lb/>

<tl>bouteilles</tl> dans un <tl>panier</tl> garny de quelque poix &amp;
le descendés<lb/>

au fonds d'un <env>puys profond</env>. Car <tmp>l'hiver</tmp> l'<m>eau
de la pone</m><lb/>

seroit trop froide si la <env>cave</env> n'est bien chaulde, car il<lb/>

fault que l'<m>eau</m> soit co<exp>mm</exp>e l'<m>eau de
riviere</m>.</ab>
</div>

<div>

<id>p050r_2</id>

<head>Mouler</head>

<ab>Si promptement tu veulx mouler quelque chose de demy relief<lb/>

qui te vient en main, plies du <m>papier</m> en cinq ou six doubles<lb/>

&amp; le poses sur la <tl>medaille</tl>, &amp; fais que le
<tl><m>papier</m></tl> se replie par<lb/>

derriere la <tl>medaille</tl> affin qu'il soict bien asseuré. Aprés ayes
un<lb/>

<tl>baston</tl> large par un bout &amp; poinctu par l'aultre, bien
adoulcy,<lb/>

et frotte fort sur le <tl><m>papier</m></tl>, &amp; avecq la poincte du
<tl>baston</tl> resuicts<lb/>

les traicts, &amp; y procede jusques à ce que tu cognoisses que ton<lb/>

empraincte soict bien faicte. Puys à ta commodité frotte<lb/>

legerement d'<m>huile</m> avecq un <tl>pinceau</tl> <del>lemp</del>
l'empraincte de <tl><m>papier</m></tl><lb/>

et gectes y <m>suif</m> ou <m>cire</m> ou <m>soufre</m>, &amp; le
<tl><m>papier</m></tl>, sans se<lb/>

brusler, te rendre ton pourtraict nect, que tu pourras aprés<lb/>

mouler en <m>plastre</m> ou <m>tripoly</m>, et puys en <m>plomb</m>
&amp; aultre <m>metal</m>.</ab>

<ab>

<margin>left-middle</margin>

Le <tl><m>carton</m></tl> poly<lb/>

guere espés &amp; un<lb/>

peu humecté est<lb/>

propre. Puys, si tu<lb/>

veulx, fortifie le<lb/>

de <tl><m>papier collé</m></tl><lb/>

par derriere.</ab></div>
</root>
