<root>
<page>035r</page>

<image>http://gallica.bnf.fr/ark:/12148/btv1b10500001g/f75.image</image>

<div>

<id>p035r_1</id>

<head>Pour dire a quelqu’un que tu luy <del>monstreras</del><lb/>

enseigneras une chose qu’il ne sçait pas<lb/>

ne toy aussy</head>

<ab>Ayes une <tl>fisselle</tl> ou <tl>petit baston</tl> et prens la
mesure<lb/>

<ms>despuys le bout de l’<bp>oreille</bp> jusques au bout de son
<bp>nes</bp></ms>,<lb/>

puys luy fais voir. Ainsy tu luy enseigneras ce que tu<lb/>

ne sçavois pas ne luy aussy.</ab>

</div>

<div>

<id>p035r_2</id>

<head>Pour fayre soubstenir un <tl>seau</tl> d’eau<lb/>

sur la poincte couchée de trois <tl>cousteaulx</tl><lb/>

sans toucher à terre</head>

<figure>

<id>fig_p035r_1</id>

<link>https://drive.google.com/open?id=0B9-oNrvWdlO5SGstUTZ6TFRnUjg</link>

</figure>

<ab>Selon la force de tes <tl>costeaulx, ou <env>de cuisine</env> ou de
table</tl>, tu feras<lb/>

soubstenir un grand pois sur leur poincte couchée &amp; disposée en<lb/>

triangle trenchant contre trenchant, co<exp>mm</exp>e tu vois, &amp; ilz
ne toucheroient<lb/>

poinct à terre. Et si, les ayant ainsi disposés, tu les tournes de<lb/>

l’aultre part sans les desjoindre, les bouts des manches
pourro<exp>n</exp>t<lb/>

aussi soubstenir poix sans toucher à terre. Tu peulx bien aproprier<lb/>

cella à aultre usage avecq des <tl>piques, avecq des
soliveaulx</tl>,<lb/>

ou faire promptem<exp>ent</exp> un trepied au camp avecq trois
<tl>poinctes<lb/>

d’halebarde</tl>. Si le tranchant du <tl>costeau</tl> marqué A regarde
de la<lb/>

droicte à gaulche, le bout des manches se leveront, mays si<lb/>

le tranchant du mesme <tl>costeau</tl> regarde de gaulche à
droicte,<lb/>

les poinctes s’esleveront.</ab>

</div>

<div>

<id>p035r_3</id>

<head>Pour faire bouillir sans foeu dans de l’<m>eau<lb/>

froide</m> un <m>oeuf</m></head>

<ab>Vuidés un <m>œuf</m> par les deulx bouts si bien qu’il ne demeure
rien dedans,<lb/>

puys l’emplissés de <m>chaulx vive</m> &amp; de <m>soufre vif</m>, puys
estoupés les<lb/>

trous de <m>cire</m> &amp; le mectés en <m>eau</m> de sorte qu’il nage
deulx ou trois<lb/>

<ms><bp>doigts</bp></ms>.</ab>

</div>

<div>

<id>p035r_4</id>

<head>Pour faire sortir les <al>connils</al> d’un
<env>terrier</env></head>

<ab>Prenés du <m>brassier</m> dans un <tl>pot</tl>, &amp; ayant mis du
<m>soufre</m> dessus,<lb/>

mettés le dans les <env>terriers</env> &amp; le bouchés de quelque
legiere chose.</ab>

</div>
</root>
