<root>
<page>075v</page>

<image>http://gallica.bnf.fr/ark:/12148/btv1b10500001g/f156.item</image>

<div>

<id>p075v_1</id>

<head>Pour f<exp>air</exp>e du <m>boys</m> gris</head>

<ab>Il fault prendre de <m>limailhe de fer</m> trois <ms>demy
sestier</ms>, po<exp>ur</exp><lb/>

xviii <del>s</del> deniers <m>d’alung de glace</m>, &amp; pour aultant
de <m>couperose<lb/>

verte</m>, pour six <ms>den<exp>iers</exp></ms> de <m>vert de gris</m>,
de l<del>am</del>a <m>poix</m> &amp; une <ms>carte</ms><lb/>

de <del>cuyr</del> <m><add>eaue</add> de <pro>courroieur</pro></m>, et
si vous n’en trouvés poinct, vous<lb/>

mectrés de <del>plus</del> <add>l’<m>eaue de pluye</m></add> <gap/> de
menu degré.</ab>

</div>

<div>

<id>p075v_2</id>

<head>Pour <m>dorer</m> sur le <m>boys</m></head>

<ab>Premierement fault poser une couche de <m>colle bien claire</m>,
et<lb/>

estant seiche, vous poserés une couche d’<m>ore jaulne</m>. Et quand
il<lb/>

sera faict, vous prendrés du <m>boys de <pa>figier</pa></m>, &amp; le
mectrés tremper<lb/>

quelque espace de temps, &amp; en laverés les plases q<exp>ue</exp> vous
voulés<lb/>

<m>dorer</m>, et coupperés v<exp>ost</exp>re <m>or</m> avecq ung
<tl>couteau</tl> au pris q<exp>ue</exp> le poserés.<lb/>

Et fault poser led<exp>ict</exp> <m>or</m> avecq du
<tl><m><pa>couto<del>ie</del><add>n</add></pa></m></tl>. Et si vous
pouvés trouver<lb/>

du <pa>figuier</pa>, prenés le <m>blanc d’ung œuf</m> &amp; le fort
remuer.</ab>

<ab>Et si v<exp>ost</exp>re <m>or</m> n’a assés belle couleur, vous
prandrés de la<lb/>

<m>plume de <al>perdris</al></m>, &amp; la ferés bruller dedans une
<tl>choffrette</tl>,<lb/>

et faictes aller la fumée co<exp>n</exp>tre ce q<exp>ue</exp> vous aurés
<m>doré</m>.</ab>

</div>

<div>

<id>p075v_3</id>

<head>Pour <m>dorer</m> d’<m>or moleu</m></head>

<ab>Fault prandre une <ms>coquille</ms> d’<m>or</m> et, auparavant
q<exp>ue</exp> en vouldrés<lb/>

travailher, vous la mectrés tramper avecq de l’<m>eaue de gome</m>
et<lb/>

le poserés avecq un <tl>pinsseau</tl>, &amp; le polirés avecq une
<del>peau</del> <tl><add>dant</add> de<lb/>

<al>loup</al></tl> quand il sera sec.</ab>

</div>

<div>

<id>p075v_4</id>

<head>Recepte pour mectre tous <m>boys</m><lb/>

en coulleur</head>

<ab>

Pour le faire noir, il le fault tremper en <m>huille
d’<pa>olive</pa></m>. Et<lb/>

la <m>c<corr>o</corr>rne</m>, au cas, semblablement quatre ou cinq
<ms><tmp>jours</tmp></ms>, &amp; puys<lb/>

le bouilhir là où il aura trempé l’espace d’une
<ms><tmp>heure</tmp></ms>, &amp; la<lb/>

tirer hors de l’<m>huille</m>, et prandre du <m>souffre vif</m> ou
d’au<exp>ltr</exp>e</ab>

<cont/>

</div>
</root>
