<root>
<page>078r</page>

<image>http://gallica.bnf.fr/ark:/12148/btv1b10500001g/f161.item</image>

<div>

<cont/>

<id>p077v_3</id>

<ab>fondre ses <m>drogues</m> dedans un <tl>pot de <m>terre</m></tl>
noeuf, &amp; quand<lb/>

il sera fondu, tu le passeras en un <tl><m>drappeau</m></tl> nect
&amp;<lb/>

tu verras de beau <m>verny</m>.</ab>

</div>

<div>

<id>p078r_1</id>

<head>Aultre <m>verny</m></head>

<ab>Prens une <ms>once</ms> d’<m>huille d'<pa>aspic</pa></m> &amp; la
fais chauffer sur les<lb/>

<m>charbons</m>, &amp; puys prens <ms>demye once</ms> de <m>sang
d<del>e</del><add>a</add> Ra<del>ie</del><add>c</add></m><lb/>

&amp; la broye grossement, et puis le mectz dedans l’<m>huille
d'<pa>aspic</pa></m>, &amp;<lb/>

puys le mesle aveq ung <tl>baston</tl> tant q<exp>ue</exp> voyrras
q<exp>u'i</exp>l sera<lb/>

fondu, et puys le mectz dedans une <tl>fiolle de <m>verre</m></tl>.
Et<lb/>

quand tu en vouldras user, fais le chauffer peu à peu sur<lb/>

les <m>charbons</m>. Et devant q<exp>ue</exp> le poser, pose une couche
de<lb/>

<m>colle bien clere</m>, &amp; puys le pose aveq le
<tl>pinceau</tl>.</ab>

</div>

<div>

<id>p078r_2</id>

<head>Pour faire <m>verny rouge</m></head>

<ab>Prens du <m>vermilhon</m> &amp; le fais tremper aveq de l’<m>eau
de<lb/>

goume</m> ainsin q<exp>ue</exp> d'au<exp>ltr</exp>e <m>eau</m>, et en
fais comme d’au<exp>ltr</exp>e <m>verny</m>,<lb/>

&amp; mesle ceste au<exp>ltr</exp>e <m>eau</m> comm d'au<exp>ltr</exp>e
<m>verny</m>, et puys le<lb/>

couche comme devant <del>pour faire trois verd</del>.</ab>

</div>

<div>

<id>p078r_3</id>

<head>Pour faire <m><del>tr</del>bois</m> verd</head>

<ab>Prenés du <m>vinaigre bien fort</m>, du <m>sel</m> &amp; de l’<m>eau
de pluye</m>,<lb/>

et fault mectre le tout ensemble aveq du <m>verd de grys</m>,<lb/>

et le mectz dedans ung <tl>vaisseau de <m>terre</m></tl> neuf aveq
ton<lb/>

<m>boys</m>, &amp; le mectz en du <m>fian de <al>cheval</al></m> bien
chault l’espace<lb/>

de huict ou neuf <ms><tmp>jours</tmp></ms>.</ab>

</div>
</root>
