<root>
<page>076v</page>

<image>http://gallica.bnf.fr/ark:/12148/btv1b10500001g/f158.item</image>

<div>

<id>p076v_1</id>

<head>Pour faire couleur d'or fort belle<lb/>

&amp; de peu de d’espance</head>

<ab>Premierement prenés <m>escorce d'<pa>oranges</pa></m> bien jaulne,
&amp;<lb/>

les nettoiés bien du blanc qui est dedans, &amp; les<lb/>

pulverisés tres bien <del>et</del> <add>en</add> ung <tl>mortier</tl>
bien net. Et prenés<lb/>

aultant de <m>souffre</m>, &amp; broyés tout ensemble, et mectés le<lb/>

tout en une <tl>fiolle de <m>verre</m></tl>, &amp; les gardés <env>en la
cave ou<lb/></env>

<env>au<exp>ltr</exp>e lieu humide</env> par l'espace de huict ou dix
<ms><tmp>jours</tmp></ms>. Puys<lb/>

quand en vouldrés user, fault le chauffer et en user où<lb/>

vous vouldrés, &amp; vous verrés une fort belle coulleur.</ab>

</div>

<div>

<id>p076v_2</id>

<head>Pour faire <m>goumiche</m> noyre </head>

<ab>Prenés de la <m>colle</m>, &amp; la destrampés aveq du
<m>vinaigre</m>,<lb/>

&amp; la faictes fondre, et qu'elle soit bien claire. Et prenés du<lb/>

<m>noir de lampe</m> ou au<exp>ltr</exp>e noir &amp; le destrempés
ensemble,<lb/>

puys le posés sur <m>boys</m>.</ab>

</div>

<div>

<id>p076v_3</id>

<head>Pour la blanche</head>

<ab>Fault prandre de la <m>cire blanche</m> aveq de la
<m>ceruze</m>,<lb/>

et fondés le tout ensemble, &amp; le couchés sur <m>boys</m> ou<lb/>

au<exp>ltr</exp>e chose.</ab>

</div>

<div>

<id>p076v_4</id>

<head>Pour dorer sur <m>fer</m> ou<lb/>

<m>estaing</m></head>

<ab>Premierement il fault laver ce q<exp>ue</exp> l'on veuld dorer<lb/>

dedans <m>lye de vin</m>, et puis de rechief le laver aveq du
<m>vin<lb/>

blanc</m>, et prandre trois <ms>onces</ms> <m>terra merita</m> &amp;
<ms>choppine</ms> de<lb/>

<m>vin blanc</m>, et faire bouillir les matieres l'<ms>espace de
<tmp>demye<lb/>

heure</tmp></ms> &amp; poser vos couleurs sur v<exp>ost</exp>re
<m>fer</m> ou <m>estaing</m> ou au<exp>ltr</exp>e,<lb/>

et puys le laissés secher sur un <tl><m>pappier</m></tl>, &amp; ne
mectre<lb/>

poinct la <bp>main</bp> en vos matieres.</ab>

</div>
</root>
