<root>
<page>078v</page>

<image>http://gallica.bnf.fr/ark:/12148/btv1b10500001g/f162.item</image>

<div>

<id>p078v_1</id>

<head>Pour faire <m>bronze</m> en<lb/>

couleur d’assier</head>

<ab>Prens de l’<m>alung de glace</m> &amp; de l’<m>anthimoyne</m>,<lb/>

mais il fault <ms>deux foys aultant</ms> d’<m>alung de<lb/>

glace</m> q<exp>ue</exp> d’<m>enthimoyne</m>, et pille le tout
ensemble<lb/>

dedans ung <tl>mortier de <m>fer</m></tl>, &amp; puys destrampe aveq
de<lb/>

l’<m>eau de gomme</m> en le broiant sur ung <tl><m>marbre</m></tl>,
&amp;<lb/>

puys en fault user aveq le <tl>pinceau</tl>, &amp; apprés laisser<lb/>

seicher, et puys le polir aveq ung <tl>dan de <al>loup</al> ou<lb/>

de <al>chien</al></tl>.</ab>

</div>

<div>

<id>p078v_2</id>

<head>Pour faire <m>bronze</m> en<lb/>

couleur d’or</head>

<ab>Prens <m>limailhe de cuyvre</m> &amp; de l’<m>ocre</m> &amp; de
la<lb/>

<m>goume</m> &amp; de l’<m>alung</m>, &amp; broye le tout ensemble
dedans<lb/>

ung <tl>mortier de <m>pierre</m></tl>, et quand il sera bien broyé,<lb/>

tu le coucheras sur la besongne aveq ung <tl>pinceau</tl>,<lb/>

puys le polliras aveq ung <tl>dan de <al>loup</al> ou<lb/>

de <al>chien</al></tl>.</ab>

</div>

<div>

<id>p078v_3</id>

<head>Pour faire <m>os</m> ou <m>corne</m><lb/>

verd</head>

<ab>Prens <m>verd de gris</m> &amp; le destrampe aveq <m>fort
vinaigre</m>,<lb/>

puys fais tramper ton <m>os</m> ou <m>corne</m> une
<ms><tmp>heure</tmp></ms>, &amp;<lb/>

puys le mectz en besongne.</ab>

</div>

<div>

<id>p078v_4</id>

<head>Pour faire <m>bronze</m></head>

<ab>Prens <m>limailhe d’espaingle</m> &amp; au<exp>ltr</exp>e de
<m>leton</m>, &amp; le<lb/>

mectz ensemble, &amp; le broye sur ung <tl><m>marbre</m></tl>, bien
broyez<lb/>

aveq de l’<m>eau</m> peu à peu, jusques à ce q<exp>u’il</exp>z soient
distilez,<lb/>

puys les mectz dedans q<exp>ue</exp>lque <tl>vaisseau</tl> noeuf.
Et</ab>

<cont/>

</div>
</root>
