<root>
<page>070v</page>

<image>http://gallica.bnf.fr/ark:/12148/btv1b10500001g/f146.image</image>

<div>

<cont/>

<id>p069r_2</id>

<ab>Le <m>cuivre</m> <del>est meil</del> et <m>letton</m> sont propres à
gecter &amp; en bonne<lb/>

chaleur quand ilz gectent, en les remuant dans le <m>crusol</m>,
une<lb/>

flamme fort blanche &amp; que le bain est fort liquide.</ab>

<ab>Aulcuns gectent en <m>ceruse fort broyée</m> <del>pour le</del>
Aultres<lb/>

en <m>farine</m> humectée plusieurs fois avecq de
l'<m>huile</m><del>&amp; g</del><lb/>
&amp; seichée <env>au soleil</env></ab>

<ab>Aultres pour gecter en <m>plomb</m> des <m>vieilles
l<exp>ett</exp>res des<lb/>

<pro>imprimeurs</pro></m> ou de la <m>composition d'icelles</m>.</ab>

<ab>Aultres mectent parmy l'<m>estaing</m> ou <m>plomb</m> une
matiere<lb/>

d'<m>argent vif arresté</m>, qui faict couler.</ab>

</div>
</root>
