<root>
<page>032r</page>

<image>http://gallica.bnf.fr/ark:/12148/btv1b10500001g/f69.image</image>

<div>

<id>p032r_1</id>

<head>Corps de cuirasse</head>

<ab>Les lames haultes de l'espauliere du brassard sont<lb/>

co<exp>mm</exp>e chef d'oeuvre des <pro>maistres</pro> car il fault que
ces pieces<lb/>

soient fort exactem<exp>ent</exp> vuidés &amp; adjoustées affin que le
mouvem<exp>ent</exp><lb/>

soict libre. Les corps de cuirasse doibvent estre fort<lb/>

uniment battus &amp; menés avecq le <tl>marteau</tl>.</ab>

<ab>Les morrions de <pl>Milan</pl> sont tous d'une piece &amp; par
ainsy<lb/>

meilleurs que ceulx qui sont de deulx.</ab>

</div>

<div>

<id>p032r_2</id>

<head><pro>Painctre</pro></head>

<ab>Aussi tost que les couleurs des tableaulx sont bien seiches,<lb/>

les <pl>Flamans</pl> les vernissent pource que elles ne se meurent<lb/>

point plus qu'elles sont &amp; demeurent en cet estat.</ab>

<ab>Celuy qui sçaict bien travailler à <m>destrempe</m> travaillera<lb/>

bien à <m>huile</m>. Mays au contraire celuy qui sçait bien<lb/>

travailler à <m>huile</m> ne travaillera pas à <m>destrempe</m>.</ab>

</div>

<div>

<id>p032r_3</id>

<head>Pour coucher l'<m>or</m> à destrempe</head>

<ab>Les <pro>scribes</pro> &amp; <pro>painctres</pro> vulgaires font de
la <m>batture</m>,<lb/>

c'est <m>colle de <pro>menusier</pro></m> destrempée en <m>eau</m> sur
le foeu, mediocrem<exp>ent</exp><lb/>

claire, meslee de fort peu de <m>miel</m>, c'est à sçavoir quelques<lb/>

<ms>gouttes</ms> pour faire griper. Et en forment des lettres ou<lb/>

ce qu'ilz veulent <m>dorer</m> avecq le <tl>pinceau</tl>, et
bientost<lb/>

aprés couchent l'<m>or</m>, mays jamays ilz ne font leur<lb/>

ouvrage bien net, et s'il y a beaucoup de <m>miel</m>, cela ne<lb/>

seiche qu'à grand peine. Ceste couche se deffaict <env>à la
pluye</env>.</ab>

<ab>Aultres font mieulx. Ilz destrempent du <m>sucre candy</m><lb/>

en <m>eau</m> et le meslent avecq de la <m>sanguine</m>, qu'ilz
appellent<lb/>

<m><df>cocon</df></m>, fort brayé, y adjoustant un peu de <m>savon</m>.
Cestuy<lb/>

se faict net &amp; rend l'<m>or</m> beau si on en faict son
assiette.</ab>

</div>
</root>
