<root>
<page>069r</page>

<image>http://gallica.bnf.fr/ark:/12148/btv1b10500001g/f143.image</image>

<div>

<cont/>

<id>p068r_3</id>

<ab>de <ms>moictié</ms> de <m>plomb</m> vient quasi mieulx que
l'<m>estain <del>pur</del></m> <del><add>ou</add></del> ou le
<m>plomb<lb/>

pur</m>, combien qu'en tout sorte ilz viennent bien. Neantmoings
advise<lb/>

de ne gecter pas du tout si chault le <m>plomb</m> que l'<m>estaing</m>.
En grand<lb/>

ouvraige il est besoing d'humecter les sables avecq la <m>magistra</m>
ou<lb/>

<m>glaire d'oeuf</m>.</ab>

</div>

<div>
<id>p069r_1</id>
<head><pro>Menusier</pro></head>

<ab>Trois choses sont les plus longues à faire, les foeuillages,<lb/>

les cheveulx &amp; les festons.</ab>

</div>

<div>
<id>p069r_2</id>
<head>Sable</head>

<ab>Il ne te fault pas choisir pour gect celuy qui est du tout si<lb/>

maigre &amp; aride qu'il n'aye point de liaison co<exp>mm</exp>e
<m>celuy de la <env>mer</env></m> <lb/>

<del>desei</del> ou <m>des <env>chemins
sablonneulx<comment>c_69r_01</comment> </env> deseichés par le
<env>soleil</env></m>. Mays<lb/>

<add>choisis</add> les <del>ou en t</del> en premier lieu parmy les
<env>pier<del>reries</del>rieres</env> ou <env>cavernes<lb/>

de rochers</env>, pource que cestuy là est le meilleur pourveu qu'il
soit fort <lb/>

subtil. Tu en cognoistras la veine, si parmy les <env>rochers</env>
ou<lb/>

<env>pierrieres <del>qu</del> grisastres</env> qui semblent estre
composés d'<m>arene</m>, tu <lb/>

vois <tmp><env>aprés un temps pluvieulx</env></tmp> certains petits
moncelets co<exp>mm</exp>e de<lb/>

poulciere attachés aulx dicts <env>rochers</env>, ou s'il s'en escaille
par<lb/>

l'humidité quelque piece aisée à froisser entre les
<tl><bp>mains</bp></tl>. Tu en<lb/>

trouveras aussy aulx <m>terres maigres</m>, qui s'enleve à
<del>lop</del> grands<lb/>

lopins co<exp>mm</exp>e <m>pierres de tuf</m> <del>et ne</del> ou parmy
les <m>terres <pl>bolvenes</pl></m>, qui<lb/>

sont beaucoup meilleurs que ceulx qui se trouvent aulx <m>terres
grasses<lb/>

&amp; fortes</m>. Et ne le fault pas prendre à la superficie, de peur
qu'il<lb/>

ne soit meslé de la <m>commune terre</m>, mays trois ou 4
<ms><bp>pieds</bp></ms> en bas<lb/>

&amp; le plus prés du <m>tuf</m>ou de la <m>pierre</m>. Comme il
s'enleve ainsy en<lb/>

grands lopins, on diroit qu'il commance à se former en pierre. Mays<lb/>

co<exp>mm</exp>e il est mouillé, il se deffaict aysem<exp>ent</exp>. Il
fault considerer qu'en<lb/>

le rompant il soict bien grené &amp; qu'en le froissant entre les
<tl><bp>doigts</bp></tl><lb/>

il se rende en une subtilité <del>co<exp>mm</exp>e impalpable</del> fort
grande, retenant<lb/>

neantmoings son asperité <m>areneuse</m> sans <m>embouer</m> les
<tl><bp>doigts</bp></tl> co<exp>mm</exp>e<lb/>

l'<m>ardille</m>. Il se deseiche legerem<exp>ent</exp> au foeu, puys se
pile &amp; passe<lb/>

subtillem<exp>ent</exp> par un <tl>double tamis</tl> ou une <tl>manche
de <m>linge</m></tl>, puys<lb/>

s’humecte avecq du <m>vin</m> ou <m>magistra</m>, &amp;
@<comment>c_69r_02</comment> / <la>Verte</la></ab>

<ab>
<margin>left-middle</margin>
Le <pro>mouleur</pro> de <pl>Th<exp>ou</exp>l<exp>ous</exp>e</pl> le
faict recuire fort<lb/>

puys le subtilie sur le <tl><m>mabre</m></tl> et le passe<lb/>

par un <tl><m>linge</m></tl> &amp; le <del>passe</del> humecte avecq du
<m>vin</m>.<lb/>

Il faict le gect<lb/>

fort large &amp; <del>ne</del> plat<lb/>

&amp; gueres profond.<lb/>

Il gecte <m>letton pur<lb/>

de trebuschets</m><lb/>

&amp; semblables<lb/>

choses tanvres.<lb/>

Il gecte fort chault.</ab>

<ab>
<margin>left-middle</margin>
@<comment>c_69r_03</comment>Essaye le<lb/>

<m>vitriol calciné</m></ab>

<cont/>

</div>
</root>
