<root>
<page>047r</page>

<image>http://gallica.bnf.fr/ark:/12148/btv1b10500001g/f99.image</image>

<div>

<id>p047r_1</id>

<head>Pour les <bp>dents</bp></head>

<ab><m>Sel armoniac</m> i <ms><figure>℥</figure></ms>, <m>sel gemme</m>
1 <ms><figure>℥</figure></ms>, <m>alum</m> <ms>demy
<figure>℥</figure></ms>. Fais<lb/>

<m>eau</m> par la <tl>cornue</tl>, et de si peu que tu en toucheras la
<bp>dent</bp>,<lb/>

le <m>tartre</m> &amp; noirceur s’en ira. Il est vray qu’il est de
<sn>mauvaise<lb/>

odeur</sn>, mays tu le peulx mesler avecq <m>miel rosat</m> &amp; un
peu<lb/>

d’<m>huile de <pa>girofle</pa> ou <pa>canelle</pa></m>.

</ab>

</div>

<div>

<id>p047r_2</id>

<head><m>Huile d’antimoine</m></head>

<ab>Elle jaulnist bien fort, mesmes l’<m>argent</m>, si tu le poses sur
iceluy<lb/>

estant chaufé.

</ab>

</div>

<div>

<id>p047r_3</id>

<head>Contre mal caducq ou vertige</head>

<ab>Porte pendue au <bp>col</bp> de la <m>racine de <pa>pæonia</pa></m>
qui soict<lb/>

cuillie <tmp>au descroissant de la lune</tmp>.

</ab>

</div>

<div>

<id>p047r_4</id>

<head>Creusets</head>

<ab>Ceulx de <pl>Bayonne</pl> qui semblent estre de <m>grés</m> sont
meilleurs,<lb/>

car ilz durent sans comparaison plus que les aultres. Et pource
qu’ilz<lb/>

ne sont gueres espés, on gaste moings de <m>charbon</m> à la fonte de
l’<m>or</m><lb/>

&amp; <m>argent</m> car ilz sont incontinent eschaufés. Ilz ne supent
pas tant<lb/>

l’<m>argent</m> que les aultres &amp; pour ceste occasion il ne s’y
trouve gueres<lb/>

de <m>laveures</m>. Ilz ne sont pas aussy si subgects à se verser que
les<lb/>

aultres qui ont le pied plat.

</ab>

</div>

<div>

<id>p047r_5</id>

<head>Contre diarrhœe et dysentherie</head>

<ab>Contre la diarrhœe il est tres bon d’user de la <m>conserve<lb/>

de <pa>symphitum</pa></m>, aultrem<exp>ent</exp> <m><pa>consolida
maior</pa></m>. Et si c’est contre<lb/>

la dissenterie, tu peulx avecq cella frotter les <bp>temples</bp>, le
<bp>creulx<lb/>

des mains</bp> &amp; la <bp>plante des pieds</bp> d’<m>huile de cire</m>
&amp; en prendre<lb/>

une <ms>goutte</ms> ou deulx avecq une <tl><ms>cuellerée</ms></tl> de
<m>bouillon</m>. La <m>racine<lb/>

de <pa>consolida maior</pa> pilée</m> &amp; mise entre des
<del>pieces</del> coupeures en<lb/>

une piece de <m><al>boeuf</al></m> puys bouillie les reunist, à ce qu’on
dict.

</ab>

</div>
</root>
