<root>
<page>005v</page>

<image>http://gallica.bnf.fr/ark:/12148/btv1b10500001g/f16.image</image>

<div>

<cont/>

<id>p005r_2</id>

<ab>fisselle &amp; representera aussi un <bp>teston</bp> grand comme
une<lb/>

assiette, et les <pro>f<exp>emmes</exp></pro> voyent les <bp>lieulx
secrets</bp> qu’elles ne veulent<lb/>

pas monstrer aulx <pro>chirurgiens</pro>. Il gecte la
representation<lb/>

hors de soy, et si tu <sn>touches</sn> du <bp>doigt</bp> <del>le
lieu</del> l’oeil de<lb/>

la representation, un aultre <bp>doigt</bp> viendra contre le tien.
</ab>

<ab>Tu feras lumiere bien loing <tmp>de nuict</tmp> à quelqu’un si
tu<lb/>

poses le <tl>mirouer concave</tl> derriere la <tl>chandelle</tl> posee
sur<lb/>

la <tl><env>fenestre</env></tl>. Tu liras &amp; escripras bien loing de
la<lb/>

<tl>chandelle</tl> si tu le poses derriere la <tl>chandelle</tl> &amp;
poses <add>&amp; tourne</add><lb/>

la concavité vers toy. Si tu mects le <tl>mirouer</tl> <ms>au bout de la
<lb/>

<tl>table</tl></ms> &amp; une <tl>chandelle</tl> dessus, il te
representera deulx<lb/>

lumieres sur la <tl>table</tl>. Pour voir ce qui se faict en une<lb/>

<env>rue</env>, ferme une <env>fenestre</env>, où le plus que tu en
fermeras sera<lb/>

le meilleur. Fais à celle d’embas un trou gros comme le<lb/>

<ms><bp>petit doigt</bp></ms>, tout rond, de part en part. Puys pose une
<tl>foeuille<lb/>

de <m>papier</m></tl> sur la <tl><env>fenestre</env></tl>, &amp; que le
<ms>milieu de la <tl>foeille</tl></ms><lb/>

soict sur le trou. Perce la <tl>foeille</tl> à l’endroict d’iceluy &amp;
de<lb/>

sa mesme grandeur. Aprés adapte la face concave du<lb/>

<tl>mirouer</tl> vers le trou &amp; il te representera tout ceulx
qui<lb/>

passeront en la <env>rue</env> sur la <tl>foeille de <m>papier</m></tl>.
De mesmes<lb/>

à la <env>porte percee d’une chambre fermee</env>. Tu en peulx<lb/>

faire d’ondes &amp; triangulaires &amp; de la façon que
<pn>Ptolomée</pn><lb/>

descript &amp; <pn>Archimedes</pn>. Le concave aussy mect le foeu
de<lb/>

bien loing à de la <m>paille</m>, allume une <m>chandelle</m>, avecq
le<lb/>

<env>soleil</env>. À la reverberation aussy du foeu, il eschaufe.</ab>

</div>

<div>
<id>p005v_1</id>
<head>Pour bronser de blanc et jaulne</head>

<ab>P<exp>rends</exp> <m>estaim de glace</m> et le fais fondre. Mects
sur <ms>demy lb</ms><lb/>

d’iceluy <ms>demy once</ms> d’<m>argent vif</m> et l’oste tout aussy
tost<lb/>

du foeu &amp; le broye, et il sera comme <m>cendre</m>. <del>Broye</del>
Lave<lb/>

le bien fort en <m>eau nette</m>. Aprés broye le sur le
<tl><m>mabre</m></tl> &amp;<lb/>

le destrempe avecq <m>eau de <del>ret</del> colle de retaille</m>. Aprés
aplique<lb/>

sur tes <tl>chandeliers de <m>bois</m></tl> &amp; aultre ouvrage qu’il
te plaira,<lb/>

&amp; brunis avecq la <tl>dent</tl>. Tu peulx broyer la <m>limaille
d’espingle</m><lb/>

&amp; l’apliquer avecq ladicte <m>colle</m>.</ab>

</div>
</root>
