<root>
<page>066v</page>

<image>http://gallica.bnf.fr/ark:/12148/btv1b10500001g/f138.image</image>

<div>

<cont/>

<id>p066r_5</id>

<ab>

<margin>left-top</margin>

Quand l’or couleur commence<lb/>

à gripper, c’est signe que dans<lb/>

dix ou douze <ms><tmp>heures</tmp></ms> il sera sec<lb/>

&amp; propre à <m>dorer</m>.</ab>

<ab>

<margin>left-top</margin>

<figure>*<comment>c_066v_01</comment></figure>

Pour fayre beau<lb/>

l’<m>or mat</m>, mets y<lb/>

un peu de <m>vernis</m><lb/>

ou d’<m>huile gras</m>,<lb/>

non pas de celuy<lb/>

qui est faict du<lb/>

nettoyement des<lb/>

<tl>pinceaulx</tl>, mays<lb/>

de celuy pur, qui<lb/>

se faict gras<lb/>

<env>au soleil</env> ou<lb/>

meslé de <m>ceruse</m>.</ab>

<ab>L’<m><comment>c_066v_02</comment>or mat</m> de ceste<lb/>

sorte n’est gueres<lb/>

moings beau<lb/>

que l’<del>es</del><add><m>or bruny</m></add>,<lb/>

et dure dava<exp>n</exp>tage <env>à la<lb/>

pluye</env>, &amp; aultrem<exp>ent</exp> &amp; plustost faict.<lb/>

L’<m>or bruny</m> s’esclate<lb/>

<tmp>avecq le temps</tmp><lb/>

&amp; se desfaict<lb/>

<env>à la pluye</env>.</ab>

</div>

<div>

<id>p066v_1</id>

<head>Garder de croistre les <bp>tetins</bp><lb/>

<del>d</del><comment>c_066v_03</comment>@<add>ou diminuer les trop
grands</add></head>

<ab>Ayes de <m>grands pains nouvellement tirés du <tl>four</tl></m>
&amp; les<lb/>

partes <ms>par moictié</ms>, &amp; le plus chauld que fere se
pourra<lb/>

apliques les dessus <del>&amp; ilz</del>. &amp; faictes cela 3 <ms>fois
le <tmp>jour</tmp></ms>,<lb/>

&amp; continues 4 ou 5 <ms><tmp>jours</tmp></ms>. Aprés, faictes
emplastre de<lb/>

<m>tourmentine de <pl>Venise</pl></m> ou pour mieulx de <m>tourmentine
commune</m>,<lb/>

mesles y du <m><pa>sumach</pa></m>, des <m><pa>prunelles</pa> de
buissons</m>, de la <m>graine<lb/>

de <pa>coings</pa></m>, <m><pa>balaustes</pa></m>, <m>foeilles
d’<pa>olivier</pa></m>, &amp; semblables<lb/>

decuits, &amp; mesles avecq la <m>tourmentine</m>. Mays j’oublyois<lb/>

qu’il fault aprés avoir apliqué le <m>pain chault</m> qui ramolist,<lb/>

&amp; faict suer, mectre dessus des <tl>linges trempés en <m>eau de
ruche de<lb/>

miel</m></tl>, c’est à scavoir de <m>miel</m> &amp; <m>cire</m>
extraicts tout ensemble du<lb/>

<oc>bornat</oc>.</ab>

</div>

<div>

<id>p066v_2</id>

<head>Pour attirer les <al>pigeons</al></head>

<ab>Fais fricasser en la <tl>poile</tl> avecq de l’<m>huile</m> du
<m><pa>chenevi</pa></m>,<lb/>

&amp; en donne aulx <al>pigeons</al>.</ab>

</div>

<div>

<id>p066v_3</id>

<head>Contre la meurtrisseure des<lb/>

<bp>yeulx</bp></head>

<ab>Aplique dessus la <tmp>nuit</tmp> des <m>lamines fort tanvres
de<lb/>

plomb</m>. Remede singulier.</ab>

</div>

<div>

<id>p066v_4</id>

<head><tl>Pinceaulx</tl></head>

<ab>Pour les faire bons, couppe le <m>poil de la queue de
<al>gris</al></m>,<lb/>

aultant en une prise comme il en peult tenir en une <m>quarte</m><lb/>

<ms>repliée en canule</ms>. Et le mectant ainsy dedans
lad<exp>icte</exp> <m>carte</m><lb/>

repliée, frappe <add>en</add> &amp; <add>la</add> remue, affin que le
<m>poil</m> s’unise &amp; se rende<lb/>

de mesme longueur. Mects au milieu un ou deulx <m>poils de<lb/>

barbe de <al>rat</al></m>, puys empoignant &amp; sarrant bien cela<lb/>

avecq le <bp>poulce</bp> &amp; le <bp>doigt indice</bp>, trempe fort le
bout<lb/>

de tout ce <m>poil</m> dans l’<m>eau</m>, puys taprochant bien du<lb/>

</ab>

<cont/>

</div>
</root>
