<root>
<page>054v</page>

<image>http://gallica.bnf.fr/ark:/12148/btv1b10500001g/f114.image</image>

<div>

<id>p054v_1</id>

<figure>

<id>fig_p054v_1</id>

<link>https://drive.google.com/open?id=0B9-oNrvWdlO5N1FlRklFdzIxUzQ</link>

</figure>

<ab>Pour faire seicher les confictures <del>ayes une</del> qui ne sont
liquides,<lb/>

ayes une <tl>tine</tl> percée des deulx costés d'une petite fenestre
quarrée,<lb/>

&amp; par icelles passe des <tl>bastons</tl> d'une part &amp; d'aultre,
&amp; sur iceulx<lb/>

pose un <tl>crible faict de fisselles</tl> en forme de ret. Et là
dessus<lb/>

tu colloqueras proprem<exp>ent</exp> les <tl>vaisseaulx</tl> de tes
confictures. Et aya<exp>n</exp>t<lb/>

mis au fonds de la <tl>tine</tl> un <tl>rechault</tl> ou deulx, couvre
la <tl>tine</tl><lb/>

avecq un <tl>linceulx</tl> en double.</ab>

</div>

<div>

<id>p054v_2</id>

<head>Pour fayre suivre un <al>cheval</al></head>

<ab><figure>+</figure>Il luy fault donner du <m>pain sucré</m> &amp; il
cognoistra celuy<lb/>

qui luy fera ce bien.</ab>

<ab>Et pour le mainctenir en bonne disposition de cheminer, <del>mects
le</del><lb/>

fais luy prendre un bon train des le commancem<exp>ent</exp> du chemin
&amp; le<lb/>

continue.</ab>

</div>

<div>

<id>p054v_3</id>

<head><al>Chiens</al></head>

<ab>Pour les garder de mordre, il est bon d'avoir des <m>pelottes<lb/>

de gemme</m> acoustrée co<exp>mm</exp>e celle des <pro>cordonniers</pro>
&amp; leur gecter co<exp>mm</exp>e ilz<lb/>

te jappent, &amp; ilz mordront tellement les <m>pelottes</m> qu'ilz
s’empasteront<lb/>

les dents &amp; ne te pourront nuire.</ab>

</div>

<div>

<id>p054v_4</id>

<head>Pour desguiser un <al>cheval</al></head>

<ab>Luy coupper les oreilles &amp; la queue, &amp; avecq de la
<tl><m>paille<lb/>

allumée</m></tl> luy faire griller le poil de la teste &amp;
ailleurs.</ab>

</div>

<div>

<id>p054v_5</id>

<head>Bottes de <m>foin</m></head>

<ab>Par faulte de bottes, tu peux faire de la corde de <m>foing</m>
&amp; t'en<lb/>

entourner les <bp>jambes</bp>, &amp; jamays la <env>pluye</env> ne
passera.</ab>

</div>
</root>
