<root>
  <page>033r</page>

  <image>http://gallica.bnf.fr/ark:/12148/btv1b10500001g/f71.image</image>

  <div>

  <id>p033r_1</id>

  <head><tl>Cousteau</tl> pour couper le <bp>nes</bp> ou<lb/>

  un <bp>doict</bp></head>

  <figure>

  <id>fig_p033r_1</id>

  <link>https://drive.google.com/open?id=0B9-oNrvWdlO5RWlDQlc4cU5HN3M</link>

  </figure>

  <ab>C’est un <tl>cousteau bien fourby</tl>, <tl>cloué</tl> de telle
  sorte par le milieu qu’il joue<lb/>

  aysement d’un costé &amp; d’aultre, &amp; se cache tantost du costé de
  <del><ill/></del> A tantost<lb/>

  du costé de B dans son <tl>manche</tl> marqué C. Les deulx tenons que
  tu<lb/>

  voys au bout du <tl>cousteau</tl> servent à le faire arrester d’un
  costé ou d’aultre<lb/>

  à un <tl>clou</tl> qui est au bout dudict <tl>manche</tl>, affin que
  quand on veult<lb/>

  pousser fort <add>sur</add> quelque chose pour la couper, il ne passe
  pas hors du<lb/>

  <tl>manche</tl>. Tu peulx bien faire couper, <add>mays non guere</add>
  pour faire monstre, le costé<lb/>

  marqué B, mays il ne fault pas que le costé qui est encoché
  <del>A</del> et<lb/>

  marqué A tranche. <del>il</del> C’est assés qu’il soict bien fourby.
  Et fault aussy<lb/>

  que la coche soict espesse co<exp>mm</exp>e le <ms>dos d’un
  <tl>costeau</tl></ms>, affin qu’elle ne puysse<lb/>

  fayre <sn>mal</sn>. Et tu monstreras seulement l’endroict du
  <tl>cousteau</tl> qui n’est<lb/>

  pas encoché, car il fault que le costé de la coche soict
  <del>mar</del> caché<lb/>

  dans le <tl>manche</tl>. Et quand tu vouldras coupper le <bp>nes</bp>
  ou le <bp>doigt</bp>,<lb/>

  fais semblant d’esguiser ton <tl>cousteau</tl> sur la <bp>cuisse</bp>,
  et en <del>en</del> ce faisant<lb/>

  tu tourneras le <tl>cousteau</tl> dextrem<exp>ent</exp>. &amp;
  l’endroict de la coche que tu<lb/>

  couvriras <del>l</del> d’un <bp>doigt</bp> te viendra en
  <bp>main</bp>, et tu poseras la coche<lb/>

  colorée de <m>rosette de bresil</m> ou du <m>jus de <pa>cerises
  noires</pa></m> sur le <bp>nes</bp>.</ab>

  <ab>

  <margin>left-middle</margin>

  Il ne fault<lb/>

  pas que le <pro>m<exp>aistr</exp>e<lb/>

  gonnin</pro> s’amuse<lb/>

  à regarder ce<lb/>

  qu’il faict,<lb/>

  mays regarde<lb/>

  les <pro>spectateurs</pro>,<lb/>

  leur donna<exp>n</exp>t<lb/>

  force bons mots<lb/>

  de passe passe<lb/>

  affin qu’ilz le<lb/>

  regardent au<lb/>

  <bp>visage</bp> &amp; non<lb/>

  pas à ses<lb/>

  <bp>mains</bp>.</ab>

  </div>

  <div>

  <id>p033r_2</id>

  <figure><id>fig_p033r_3</id><link>https://drive.google.com/open?id=0B9-oNrvWdlO5TXhGbkNoNTFHZ0E</link>

  </figure>

  <head>Pour rallumer une <tl>chandelle</tl> estainte<lb/>

  entre les <bp>mains</bp> sans soufler</head>

<figure>

<id>fig_p033r_4</id>

<margin>left-middle</margin>

<link>https://drive.google.com/open?id=0B9-oNrvWdlO5Mm1OS0lQRUpVZGs</link>

</figure>

  <figure><id>fig_p033r_2</id>

  <margin>left-middle</margin>

  <link>https://drive.google.com/open?id=0B9-oNrvWdlO5SFNtME0xWURubzA</link>

  </figure>

  <ab>Ayes un petit <tl>baston d’<m>ouzier</m> <del>entre</del> bien
  sec</tl> et en couppe une petite piece<lb/>

  <ms>comme un <tl>curedant</tl></ms>, &amp; <del>la m</del> mects l’un
  bout entre l’<bp>indice</bp> &amp; le <bp>grand doigt</bp>,<lb/>

  et enlasse les deulx <bp>mains</bp> les <bp>doigts</bp> bien joincts,
  et les passe dextrement<lb/>

  aultour de la <tl>chandelle</tl> allumée comme si tu l’en voulois
  couvrir, &amp; ton<lb/>

  <m>osier</m> s’allumera, &amp; soubdain retire les <bp>mains</bp>
  <del>jo</del> ainsy enlassées, &amp; soubdain<lb/>

  tue la <tl>chandelle</tl>. Et puys remects tes <bp>mains</bp> aultour
  co<exp>mm</exp>e si tu la<lb/>

  voulois couvrir, &amp; ta petite lumiere <corr><del>de
  lumiere</del></corr> <del>p</del>de
  l’<m>osier</m>,<comment>c_033r_01</comment> par le<lb/>

  moyen de la fumée que tu retiens avecq les deulx <bp>paulmes</bp>, la
  <tl>cha<exp>n</exp>delle</tl><lb/>

  s’allumera. Puys soubdain estains ton <m>ozier</m> &amp; le jecte
  secrettem<exp>ent</exp>.</ab>

  </div>
</root>
