<root>
<page>077r</page>

<image>http://gallica.bnf.fr/ark:/12148/btv1b10500001g/f159.image</image>

<div>
<id>p077r_1</id>
<head>Contre les rougeurs du <bp>visage</bp></head>

<ab>Fais une petite coiffe de <m>plomb</m> &amp; la porte la
<tmp>nuit</tmp>. Excellent<lb/>

secret. Essaye un masque de <m>plomb</m>.</ab>

</div>

<div>
<id>p077r_2</id>
<head>Medecine des <pl>Orientaulx</pl> contre<lb/>

toutes maladies</head>

<figure>

<id>fig_p077r_1</id>

<link>https://drive.google.com/open?id=0B9-oNrvWdlO5ckxxXzJIeWhnMDg</link>

</figure>

<ab>Fais secher du <m><pa>rosmarin</pa></m> <tmp>au <ms>moys</ms> de
may</tmp>. Puys emplis ce <tl>godet</tl><lb/>

de <m>pouldre</m> diceluy, et mects un <tl><m>charbon allumé</m></tl>
dessus. Et<lb/>

reçois la <m>fumée</m> par la <bp>bouche</bp> bien serrée, et une
partye<lb/>

te sortira par le <bp>nes</bp>. Mays si tu veulx purger la
<bp>teste</bp>, sarre<lb/>

aussy le <bp>nes</bp>. Contre morfondiments, rheumes, &amp; aultres
malladies.</ab>

</div>

<div>
<id>p077r_3</id>
<head><m>Terre graisse</m></head>

<ab>Les <pro>fondeurs</pro>, pour en faire les anses de leurs cloches,
s'en servent.<lb/>

Et plustost que s'en servir, ilz la battent bien fort, puys la
laissent<lb/>

secher <env>à l'ombre</env> peu à peu &amp; <tmp>à long temps</tmp>, et
en moulent fort net.<lb/>

Mays il ne fault pas qu'elle soit <m>areneuse</m> <del>&amp;</del>, ains
bien choisie &amp; doulce.</ab>

</div>

<div>
<id>p077r_4</id>
<head>@ <comment>c_077r_01</comment>Recepte pour faire <m>bronze</m> et
<m>vernys</m> de<lb/>

plusieurs sortes</head>

<ab>Pour faire <m>vernys</m> excellant d'<m>eaue claire</m> duquel
uzeras aveq le<lb/>

<tl>pinceau</tl>, et incontinant seiche, pour mectre sur <m>pappier</m>,
tablette ou<lb/>

au<exp>ltr</exp>e piece.</ab>

<ab>Premierement, tu prandras cinq <ms>onces</ms> d'<m>eau de vye</m> et
une <ms>once</ms><lb/>

de <m>betjoin</m>, pillez entre deux <m>pappiers</m> ou <m>cartes</m> ou
en ung <tl>mortier</tl>.</ab>

<cont/>

</div>
</root>
