<root>
<page>054r</page>

<image>http://gallica.bnf.fr/ark:/12148/btv1b10500001g/f113.image</image>

<div>

<cont/>
<id>p053v_1</id>

<ab>sur quelques <tl>tables haultes</tl>, &amp; à cella cognoist on
quand elles veulent<lb/>

monter quand, sur la foeille, elles <del>hau</del> s’alongent &amp;
haulsent la teste &amp;<lb/>

une partie du corps. Lors, on les porte aulx branches de
<pa>brandes</pa>, où<lb/>

elles s’arrestent &amp; commancent à filer leur prison, qu’on appelle
coquon,<lb/>

de la <ms>grandeur d’un oeuf de <al>pigeon</al></ms>
co<exp>mmun</exp>em<corr><exp>ent</exp></corr>, combien qu’il s’en
trouve<lb/>

de beaucoup plus gros, pource que il advient que quelque foys il se<lb/>

mect deulx ou trois &amp; jusques a xi <al>vers</al> dans un coquon, qui
est<lb/>

bourru &amp; lanugineulx à l’entour, <del>&amp;</del> de laquelle bourre
est la <m>filoselle</m><lb/>

ou <m>floret</m>; &amp; du coquon, qui est une peau blanche, solide,
continue &amp;<lb/>

ferme, se faict la <m>soye</m>. Le coquon est si dure que
malaisem<exp>ent</exp> on le<lb/>

coupe avecq l’<tl><bp>ongle</bp></tl>. Et toutesfois, pour sortir de sa
prison, <del>elle</del><lb/>

le <al>ver</al> la ronge par un bout, &amp; aprés <add>avoyr</add>
demeuré dedans vivant de son<lb/>

propre suc <del>il</del> trois <ms><tmp>sepmaines</tmp></ms>, il sort
amoindry <ms>de la moictié</ms>.<lb/>

Car, quand il commance à filer, il est <ms>long comme le <bp>doigt
annulaire</bp></ms><lb/>

&amp; ha huict pieds, &amp; au sortir il est plus <ms>court de la
moictié</ms> &amp; n’ha<lb/>

que 4 pieds. En revanche, il est devenu <al>papillon</al> &amp; ha des
aisles,<lb/>

sans voler toutesfois. Et y a ha masle &amp; femelle. Aussy tost
qu’ilz<lb/>

sont sortis du coquon, le masle charge la femelle &amp; on les mect<lb/>

sur un <tl>linge blanc</tl>, là où ilz font leurs oeufs. Lesquels la
femelle<lb/>

ne feroict pas bons &amp; proffictables si le masle ne luy estoict
doné.<lb/>

Et co<exp>mm</exp>e le masle s’est desprins d’une femelle, il le fault
gecter, car<lb/>

il ne seroit pas bon de le donner à une aultre. Ils ont achevé de<lb/>

filer &amp; faire leurs oeufs en trois sepmaines &amp; <tmp>vers la
<pn>S<exp>ain</exp>t Jehan</pn></tmp>.<lb/>

Et lors, on garde leurs oeufs &amp; grene <ms><tmp>jusques à la
Sepmaine<lb/>

saincte</tmp></ms>, co<exp>mm</exp>e <del>on</del> dict est. Aulcuns
filent parmy la foeille &amp; y font<lb/>

leur coquon sans monter hault.</ab>

<ab>

<margin>left-middle</margin>

La <m>soye</m> des<lb/>

coquons où il y a</ab><comment>c_054r_01</comment>

</div>
</root>
