<root>
<page>001r</page>

<image>http://gallica.bnf.fr/ark:/12148/btv1b10500001g/f7.image</image>

<div>

<id>p001r_1</id>

<ab>

<pn>M<exp>estr</exp>e Nicolas Costé</pn>, à la <pl>rue de la Heaumerie à
l'image S<exp>ainc</exp>t Claude</pl> <figure>/</figure> Mirouers.<lb/>

<pn>M<exp>estr</exp>e Jehan Cousin</pn>, qui demeure au <pl>faulxbourgs
de S<exp>ainc</exp>t Germain</pl>, sçaict du<lb/>

<pro>mestre</pro>.<lb/>

<pn>M<exp>estr</exp>e Jehan Garnier</pn>, à la <pl>rue des
Escrivains</pl> pres <pl>S<exp>ainc</exp>t Jaques de la<lb/>

Boucherie</pl>, <pro>courroyeur</pro>. Essayer <m>fleur de
<pa>pastel</pa></m>.</ab>

</div>

<div>

<id>p001r_2</id>

<ab>Le <pro>moissonneur</pro> laissant quelques espis n'est repris.<lb/>

<la>Sacra Eleusinæ deæ propalare nefas.</la><lb/>

Trompettes, voy le livre des funerailles.</ab>

</div>

<div>

<id>p001r_3</id>

<la/><ab>Vuolfangus Lazius.<lb/>

Petrus Appianus, mathemat<exp>icus</exp>.<lb/>

Ingolstadiensis, Comment. <pl>urb. rom.</pl></ab>

<la/><ab>Hieronimo Ruscelli.<lb/>

Hermolaus Barbarus.<lb/>

Angelius Bargæus, De <al>aucupio</al> et <al>venatione</al>.<lb/>

Nicolaus Damascenus.</ab>

<la/><ab>Ca<corr><del>r</del></corr>es<exp>ariensis</exp>, De rebus
Persarum.<lb/>

Isidorus.</ab>

<la/><ab>O<corr>r</corr>o<corr>s</corr>ius.<lb/>

Eupolemus, historicus gentilis<lb/>qui de rebus Davidis &amp;
Salomonis<lb/>

scripsit.</ab>

<ab><figure>-</figure>Cathalogue des villes.<lb/>

Calendrier des <pro>bergiers</pro>.<lb/>

Grammaire <pl>italiene</pl>.<lb/>

Arithmetique de <pn>Savonne</pn>.<lb/>

Instruction pour le faict des fina<exp>n</exp>ces.<lb/>

Questions ænigmatiques.<lb/>

Des præceptes dagriculture.<lb/>

<figure>+</figure>Le secret des finances à <pl>Lyon</pl>.<lb/>

<pn>Synesius</pn>.<lb/>

<pn>Olaus Magnus</pn>.<lb/>

<figure>+</figure><pn>M<exp>estr</exp>e Bernard Palissi</pn>,
<pro>inventeur des rustiques figulines</pro> du
<pro><pn>roy</pn></pro>.<lb/>

et de la <pro><pn>royne mere</pn></pro>.</ab>

</div>

<div>

<id>p001r_4</id>

<la/><ab><al>Aquatilium animalium</al> historiæ, Hypolito<lb/>

Salviano Typhernate authore, <pl>Romæ</pl> 1554.</ab>

</div>

<div>

<id>p001r_5</id>

<ab>Les Annales de <pl>Normandie</pl>.</ab>

<la/><ab>

<margin>right-middle</margin>

@<la/><pn>Alexander Aphrodisæus</pn><lb/><pn>Alexander
Aphrodisæus</pn>.<lb/>

<pn>Polydorus Verg<exp>ilius</exp></pn>.<lb/>

<pn>Appianus</pn>.<lb/>

<pn>Athenæus</pn>.<lb/>

Pausanias.<lb/>

Statius Thebaidos.<lb/>

<pn>Servius</pn> in Aeneid<exp>em</exp>.<lb/>

<pn>Macrobius</pn>.<lb/>

Aulus Gellius.<lb/>

Alexander ab <pl>Alex<exp>andria</exp></pl>.<lb/>

<pn>Festus</pn>.<lb/>

<pn>Nonius</pn>.<lb/>

<pn>Magius</pn>, Miscell<exp>anea</exp>.<lb/>

<pn>Pollux</pn>, Onomast<exp>icon</exp>.<lb/>

<pn>Higinus</pn>.<lb/>

Berosus.<lb/>

Suetonius.<lb/>

Valerius Max<exp>imus</exp>.<lb/>

Cornelius Tacitu<exp>s</exp>.<lb/>

Xenophon.<lb/>

<pn>Seneca</pn>.<lb/>

<pn>Dionisius Halicarnassensis</pn>.<lb/>

<pn>Sabellicus</pn>.<lb/>

<pn>Iulius Capitollin<exp>us</exp></pn> <add>cum permultis<lb/>

aliis </add>.<lb/>

<pn>Budæus</pn>.<lb/>

<pn>Spartianus</pn>.<lb/>

<pn>Blondus</pn>.<lb/>

<pn>Volaterranus</pn>.<lb/>

<pn>Herodotus</pn>.<lb/>

<pn>Paulus Manutius</pn>.<lb/>

Strabo.<lb/>

<pn>Iulius Firmicus</pn>.<lb/>

<pn>Quintus Curtius</pn>.<lb/>

<pn>Dion</pn>.<lb/>

<pn>Cornelius Nepos</pn>.<lb/>

<pn>Flavius Vopiscus</pn>.</ab>

<ab><rub>Mons<exp>ieur</exp></rub></ab>

</div>
</root>
